t,true_x,true_y,true_theta,est_x,est_y,est_theta,err_pos_m,err_theta_deg
0.000,1.0150,9.7500,0.0029,1.0000,9.7500,0.0000,0.0150,0.17
0.000,1.0300,9.7500,0.0053,1.0000,9.7500,0.0000,0.0300,0.30
0.050,1.0450,9.7501,0.0086,1.0352,9.7495,0.0203,0.0099,0.67
0.100,1.0600,9.7503,0.0115,1.0281,9.7492,-0.0061,0.0319,1.01
0.150,1.0750,9.7504,0.0153,1.0267,9.7527,-0.0031,0.0484,1.05
0.200,1.0900,9.7507,0.0177,1.0384,9.7456,-0.0118,0.0519,1.69
0.250,1.1050,9.7509,0.0196,1.0552,9.7563,0.0119,0.0501,0.44
0.300,1.1200,9.7512,0.0223,1.0555,9.7553,0.0276,0.0647,0.31
0.350,1.1350,9.7515,0.0253,1.0887,9.7505,0.0191,0.0463,0.36
0.400,1.1500,9.7519,0.0277,1.1160,9.7493,0.0199,0.0341,0.45
0.450,1.1650,9.7523,0.0303,1.1215,9.7602,0.0095,0.0443,1.19
0.500,1.1800,9.7528,0.0335,1.1705,9.7529,0.0266,0.0095,0.40
0.550,1.1950,9.7533,0.0375,1.1761,9.7436,0.0321,0.0213,0.31
0.600,1.2100,9.7539,0.0406,1.1975,9.7439,0.0095,0.0160,1.78
0.650,1.2249,9.7545,0.0429,1.2227,9.7553,0.0009,0.0023,2.41
0.700,1.2399,9.7551,0.0452,1.2552,9.7480,0.0243,0.0169,1.20
0.750,1.2549,9.7558,0.0454,1.2521,9.7472,0.0325,0.0090,0.74
0.800,1.2699,9.7565,0.0472,1.2452,9.7709,0.0410,0.0286,0.35
0.850,1.2849,9.7572,0.0488,1.2528,9.7596,0.0171,0.0322,1.82
0.900,1.2999,9.7579,0.0493,1.2585,9.7460,0.0523,0.0431,0.17
0.950,1.3148,9.7587,0.0515,1.2640,9.7564,0.0589,0.0509,0.42
1.000,1.3298,9.7594,0.0527,1.2870,9.7489,0.0118,0.0441,2.34
1.050,1.3448,9.7602,0.0530,1.3127,9.7520,0.0375,0.0331,0.89
1.100,1.3598,9.7610,0.0526,1.3280,9.7597,0.0554,0.0318,0.16
1.150,1.3748,9.7618,0.0518,1.3346,9.7690,0.0570,0.0409,0.30
1.200,1.3897,9.7626,0.0514,1.3708,9.7623,0.0815,0.0189,1.72
1.250,1.4047,9.7633,0.0518,1.3945,9.7593,0.0754,0.0109,1.35
1.300,1.4197,9.7641,0.0527,1.4143,9.7654,0.0386,0.0055,0.81
1.350,1.4347,9.7649,0.0525,1.4101,9.7515,0.0457,0.0281,0.39
1.400,1.4497,9.7657,0.0517,1.4201,9.7602,0.0684,0.0301,0.96
1.450,1.4646,9.7665,0.0519,1.4038,9.7725,0.0616,0.0611,0.56
1.500,1.4796,9.7673,0.0524,1.4180,9.7676,0.0374,0.0616,0.86
1.550,1.4946,9.7680,0.0521,1.4432,9.7630,0.0392,0.0516,0.74
1.600,1.5096,9.7688,0.0519,1.4775,9.7734,0.0423,0.0324,0.55
1.650,1.5246,9.7696,0.0525,1.5047,9.7663,0.0503,0.0202,0.12
1.700,1.5395,9.7704,0.0512,1.5202,9.7675,0.0232,0.0195,1.61
1.750,1.5545,9.7712,0.0492,1.5006,9.7699,0.0831,0.0539,1.94
1.800,1.5695,9.7719,0.0485,1.5201,9.7793,0.0848,0.0499,2.08
1.850,1.5845,9.7726,0.0477,1.5314,9.7706,0.0625,0.0531,0.85
1.900,1.5995,9.7733,0.0481,1.5508,9.7768,0.0482,0.0488,0.00
1.950,1.6144,9.7741,0.0480,1.5517,9.7648,0.0355,0.0634,0.72
2.000,1.6294,9.7748,0.0474,1.5822,9.7614,0.0574,0.0490,0.58
2.050,1.6444,9.7755,0.0462,1.6273,9.7804,0.0352,0.0178,0.63
2.100,1.6594,9.7762,0.0447,1.6165,9.7826,0.0502,0.0433,0.31
2.150,1.6744,9.7768,0.0424,1.6371,9.7806,0.0662,0.0375,1.36
2.200,1.6894,9.7775,0.0417,1.6658,9.7954,0.0600,0.0296,1.05
2.250,1.7044,9.7781,0.0414,1.6627,9.7713,0.0561,0.0423,0.84
2.300,1.7193,9.7787,0.0407,1.6772,9.7759,0.0331,0.0422,0.43
2.350,1.7343,9.7793,0.0421,1.6922,9.7778,0.0398,0.0422,0.13
2.400,1.7493,9.7800,0.0448,1.7085,9.7569,0.0160,0.0469,1.65
2.450,1.7643,9.7806,0.0465,1.7220,9.7442,-0.0013,0.0558,2.74
2.500,1.7793,9.7813,0.0466,1.7432,9.7568,0.0034,0.0437,2.47
2.550,1.7943,9.7820,0.0456,1.7554,9.7812,0.0065,0.0389,2.24
2.600,1.8093,9.7827,0.0443,1.7909,9.7837,0.0396,0.0185,0.27
2.650,1.8242,9.7834,0.0440,1.7574,9.7849,0.0440,0.0668,0.00
2.700,1.8392,9.7840,0.0422,1.7738,9.7763,0.0299,0.0659,0.70
2.750,1.8542,9.7847,0.0395,1.7902,9.7879,0.0559,0.0641,0.94
2.800,1.8692,9.7853,0.0394,1.8229,9.8013,0.0518,0.0489,0.71
2.850,1.8842,9.7859,0.0387,1.8086,9.7884,0.0009,0.0756,2.16
2.900,1.8992,9.7864,0.0357,1.8382,9.7808,0.0322,0.0613,0.20
2.950,1.9142,9.7870,0.0338,1.8595,9.7946,0.0692,0.0553,2.03
3.000,1.9292,9.7875,0.0320,1.8755,9.7937,0.0381,0.0541,0.35
3.050,1.9441,9.7880,0.0293,1.8930,9.7974,0.0255,0.0519,0.22
3.100,1.9591,9.7884,0.0272,1.9542,9.7998,0.0406,0.0124,0.77
3.150,1.9741,9.7888,0.0241,1.9571,9.7970,0.0309,0.0189,0.39
3.200,1.9891,9.7892,0.0210,1.9747,9.7941,0.0640,0.0152,2.46
3.250,2.0041,9.7895,0.0174,1.9683,9.8069,0.0350,0.0398,1.01
3.300,2.0191,9.7897,0.0142,1.9732,9.8169,0.0240,0.0533,0.56
3.350,2.0341,9.7900,0.0107,1.9892,9.8092,0.0330,0.0488,1.28
3.400,2.0491,9.7901,0.0097,2.0216,9.8139,0.0404,0.0363,1.76
3.450,2.0641,9.7903,0.0074,2.0354,9.7952,0.0057,0.0291,0.10
3.500,2.0791,9.7904,0.0058,2.0366,9.8042,0.0298,0.0447,1.37
3.550,2.0941,9.7905,0.0051,2.0490,9.8014,0.0158,0.0464,0.61
3.600,2.1091,9.7905,0.0044,2.0845,9.7950,0.0002,0.0250,0.24
3.650,2.1241,9.7906,0.0052,2.0914,9.7827,0.0235,0.0337,1.05
3.700,2.1391,9.7907,0.0058,2.0841,9.7720,-0.0059,0.0581,0.67
3.750,2.1541,9.7908,0.0060,2.1160,9.7723,0.0024,0.0424,0.20
3.800,2.1691,9.7909,0.0068,2.1542,9.7792,-0.0020,0.0190,0.51
3.850,2.1841,9.7910,0.0055,2.1817,9.7701,-0.0042,0.0210,0.56
3.900,2.1991,9.7910,0.0053,2.2179,9.8010,0.0040,0.0213,0.07
3.950,2.2141,9.7911,0.0046,2.2171,9.7803,0.0106,0.0112,0.34
4.000,2.2291,9.7912,0.0039,2.2361,9.7952,-0.0037,0.0080,0.43
4.050,2.2441,9.7913,0.0031,2.2587,9.7897,0.0061,0.0147,0.17
4.100,2.2591,9.7913,0.0026,2.2595,9.7913,0.0063,0.0004,0.21
4.150,2.2741,9.7913,0.0015,2.2544,9.7939,-0.0097,0.0199,0.64
4.200,2.2891,9.7914,-0.0012,2.2398,9.7941,0.0107,0.0494,0.68
4.250,2.3041,9.7913,-0.0030,2.2565,9.8099,0.0312,0.0511,1.96
4.300,2.3191,9.7913,-0.0025,2.2781,9.8016,0.0204,0.0422,1.31
4.350,2.3341,9.7913,-0.0009,2.2658,9.7645,0.0151,0.0734,0.92
4.400,2.3491,9.7912,0.0001,2.2976,9.7617,-0.0151,0.0593,0.87
4.450,2.3641,9.7912,-0.0004,2.3003,9.7633,0.0017,0.0697,0.12
4.500,2.3791,9.7912,0.0005,2.3352,9.7887,-0.0012,0.0439,0.10
4.550,2.3941,9.7913,0.0006,2.3628,9.7729,-0.0159,0.0363,0.95
4.600,2.4091,9.7913,0.0014,2.4058,9.7882,-0.0191,0.0045,1.18
4.650,2.4241,9.7913,0.0002,2.4164,9.7810,-0.0306,0.0129,1.76
4.700,2.4391,9.7913,-0.0000,2.4220,9.7957,0.0070,0.0176,0.40
4.750,2.4541,9.7913,-0.0004,2.4361,9.7875,-0.0079,0.0184,0.43
4.800,2.4691,9.7913,-0.0013,2.4438,9.7795,0.0112,0.0279,0.72
4.850,2.4841,9.7913,-0.0020,2.4793,9.7810,0.0240,0.0113,1.49
4.900,2.4991,9.7912,-0.0048,2.4753,9.7863,0.0090,0.0243,0.79
4.950,2.5141,9.7912,-0.0059,2.4666,9.7965,0.0579,0.0478,3.65
5.000,2.5291,9.7911,-0.0062,2.4945,9.7938,0.0088,0.0348,0.86
5.050,2.5441,9.7910,-0.0056,2.5167,9.7867,-0.0091,0.0277,0.20
5.100,2.5591,9.7909,-0.0046,2.5191,9.7844,-0.0316,0.0405,1.55
5.150,2.5741,9.7908,-0.0054,2.5391,9.7726,-0.0210,0.0395,0.89
5.200,2.5891,9.7907,-0.0057,2.5287,9.8036,-0.0265,0.0617,1.19
5.250,2.6041,9.7907,-0.0083,2.5698,9.7896,-0.0136,0.0343,0.31
5.300,2.6191,9.7905,-0.0101,2.5872,9.8071,0.0212,0.0359,1.79
5.350,2.6341,9.7904,-0.0134,2.6190,9.8081,-0.0125,0.0233,0.05
5.400,2.6491,9.7902,-0.0178,2.6357,9.8223,-0.0025,0.0348,0.88
5.450,2.6641,9.7899,-0.0180,2.6379,9.8343,-0.0011,0.0516,0.97
5.500,2.6791,9.7896,-0.0194,2.6448,9.7921,-0.0275,0.0344,0.47
5.550,2.6941,9.7894,-0.0164,2.6567,9.8029,-0.0171,0.0397,0.04
5.600,2.7091,9.7891,-0.0133,2.7029,9.7643,-0.0532,0.0256,2.28
5.650,2.7241,9.7889,-0.0109,2.7256,9.7523,-0.0276,0.0366,0.96
5.700,2.7391,9.7887,-0.0086,2.7381,9.7565,-0.0161,0.0322,0.43
5.750,2.7541,9.7886,-0.0077,2.7485,9.7583,-0.0209,0.0308,0.75
5.800,2.7691,9.7885,-0.0090,2.7583,9.7737,-0.0198,0.0183,0.62
5.850,2.7841,9.7884,-0.0095,2.7748,9.7913,0.0029,0.0098,0.71
5.900,2.7991,9.7882,-0.0114,2.7873,9.7837,-0.0011,0.0127,0.59
5.950,2.8141,9.7881,-0.0149,2.7885,9.7989,0.0035,0.0277,1.06
6.000,2.8291,9.7878,-0.0163,2.8011,9.8071,0.0368,0.0340,3.04
6.050,2.8441,9.7876,-0.0180,2.8167,9.7907,0.0123,0.0276,1.74
6.100,2.8591,9.7873,-0.0183,2.8388,9.8003,0.0044,0.0241,1.30
6.150,2.8741,9.7870,-0.0178,2.8465,9.7940,-0.0277,0.0284,0.57
6.200,2.8891,9.7868,-0.0186,2.8426,9.7842,-0.0353,0.0466,0.96
6.250,2.9041,9.7865,-0.0192,2.8576,9.7903,-0.0036,0.0466,0.89
6.300,2.9191,9.7862,-0.0181,2.8929,9.7952,-0.0239,0.0277,0.33
6.350,2.9341,9.7859,-0.0182,2.8885,9.7717,-0.0296,0.0477,0.65
6.400,2.9491,9.7857,-0.0200,2.9238,9.7777,-0.0033,0.0265,0.96
6.450,2.9641,9.7854,-0.0218,2.9372,9.8114,-0.0154,0.0374,0.37
6.500,2.9791,9.7850,-0.0220,2.9513,9.7994,0.0086,0.0313,1.75
6.550,2.9941,9.7847,-0.0225,2.9643,9.7906,-0.0279,0.0304,0.31
6.600,3.0091,9.7844,-0.0221,2.9948,9.8007,-0.0383,0.0217,0.93
6.650,3.0241,9.7840,-0.0234,3.0114,9.7831,-0.0338,0.0127,0.59
6.700,3.0391,9.7837,-0.0210,3.0221,9.8016,-0.0146,0.0247,0.37
6.750,3.0541,9.7834,-0.0194,3.0490,9.7617,-0.0592,0.0223,2.28
6.800,3.0691,9.7831,-0.0174,3.0564,9.7720,-0.0517,0.0168,1.96
6.850,3.0841,9.7828,-0.0160,3.0752,9.7613,-0.0439,0.0232,1.60
6.900,3.0990,9.7826,-0.0154,3.1016,9.7749,-0.0526,0.0081,2.13
6.950,3.1140,9.7823,-0.0163,3.0920,9.7708,-0.0187,0.0248,0.14
7.000,3.1290,9.7821,-0.0176,3.1363,9.7914,-0.0098,0.0118,0.45
7.050,3.1440,9.7818,-0.0215,3.1311,9.7910,0.0066,0.0159,1.61
7.100,3.1590,9.7815,-0.0231,3.1453,9.8192,0.0341,0.0401,3.28
7.150,3.1740,9.7812,-0.0237,3.1416,9.8131,-0.0298,0.0454,0.35
7.200,3.1890,9.7808,-0.0220,3.1722,9.7893,-0.0164,0.0188,0.32
7.250,3.2040,9.7805,-0.0234,3.1804,9.7677,-0.0508,0.0268,1.57
7.300,3.2190,9.7801,-0.0240,3.1893,9.7995,-0.0112,0.0355,0.73
7.350,3.2340,9.7798,-0.0246,3.2073,9.7900,-0.0178,0.0286,0.39
7.400,3.2490,9.7794,-0.0253,3.2228,9.7937,-0.0251,0.0299,0.01
7.450,3.2640,9.7790,-0.0246,3.2465,9.7765,0.0101,0.0176,1.99
7.500,3.2790,9.7787,-0.0257,3.2640,9.7718,-0.0259,0.0165,0.01
7.550,3.2940,9.7783,-0.0271,3.3005,9.7967,-0.0166,0.0195,0.60
7.600,3.3090,9.7779,-0.0287,3.2866,9.8022,-0.0183,0.0331,0.60
7.650,3.3240,9.7774,-0.0291,3.3097,9.8108,-0.0308,0.0364,0.10
7.700,3.3390,9.7770,-0.0281,3.3117,9.7852,-0.0181,0.0285,0.58
7.750,3.3540,9.7766,-0.0281,3.3314,9.7741,-0.0429,0.0227,0.85
7.800,3.3690,9.7761,-0.0260,3.3656,9.7833,-0.0273,0.0079,0.07
7.850,3.3840,9.7758,-0.0234,3.3591,9.7520,-0.0318,0.0345,0.48
7.900,3.3990,9.7754,-0.0220,3.3850,9.7515,-0.0378,0.0277,0.91
7.950,3.4140,9.7751,-0.0188,3.4053,9.7588,-0.0211,0.0185,0.13
8.000,3.4290,9.7748,-0.0171,3.4075,9.7357,-0.0183,0.0446,0.07
8.050,3.4440,9.7745,-0.0155,3.4227,9.7550,-0.0187,0.0288,0.18
8.100,3.4590,9.7743,-0.0150,3.4391,9.7557,-0.0126,0.0272,0.14
8.150,3.4739,9.7741,-0.0129,3.4472,9.7691,-0.0159,0.0272,0.17
8.200,3.4889,9.7739,-0.0098,3.4700,9.7594,-0.0360,0.0239,1.50
8.250,3.5039,9.7737,-0.0101,3.4736,9.7422,-0.0237,0.0437,0.78
8.300,3.5189,9.7736,-0.0105,3.4949,9.7728,-0.0011,0.0241,0.54
8.350,3.5339,9.7734,-0.0124,3.5205,9.7742,-0.0039,0.0134,0.48
8.400,3.5489,9.7732,-0.0138,3.5331,9.7930,-0.0028,0.0253,0.63
8.450,3.5639,9.7730,-0.0144,3.5563,9.7854,-0.0020,0.0145,0.71
8.500,3.5789,9.7728,-0.0116,3.5678,9.7734,0.0053,0.0111,0.97
8.550,3.5939,9.7727,-0.0084,3.5899,9.7436,-0.0383,0.0294,1.71
8.600,3.6089,9.7725,-0.0071,3.6000,9.7319,-0.0376,0.0415,1.75
8.650,3.6239,9.7724,-0.0067,3.5994,9.7572,-0.0245,0.0289,1.02
8.700,3.6389,9.7723,-0.0057,3.6182,9.7682,-0.0150,0.0211,0.53
8.750,3.6539,9.7722,-0.0063,3.6133,9.7572,-0.0153,0.0433,0.52
8.800,3.6689,9.7721,-0.0067,3.6334,9.7693,0.0148,0.0356,1.23
8.850,3.6839,9.7720,-0.0066,3.6180,9.7644,0.0158,0.0664,1.28
8.900,3.6989,9.7719,-0.0073,3.6548,9.7625,0.0044,0.0451,0.67
8.950,3.7139,9.7718,-0.0082,3.6704,9.7728,0.0085,0.0435,0.96
9.000,3.7289,9.7717,-0.0081,3.7214,9.7718,0.0182,0.0075,1.51
9.050,3.7439,9.7716,-0.0091,3.7079,9.7674,-0.0076,0.0362,0.09
9.100,3.7589,9.7714,-0.0104,3.7273,9.7812,0.0021,0.0331,0.71
9.150,3.7739,9.7713,-0.0106,3.7704,9.7897,-0.0064,0.0187,0.24
9.200,3.7889,9.7711,-0.0093,3.7439,9.7884,-0.0395,0.0482,1.73
9.250,3.8039,9.7710,-0.0080,3.7542,9.7608,-0.0342,0.0507,1.50
9.300,3.8189,9.7709,-0.0078,3.7846,9.7545,-0.0230,0.0380,0.87
9.350,3.8339,9.7708,-0.0083,3.7894,9.7647,-0.0080,0.0449,0.02
9.400,3.8489,9.7706,-0.0081,3.8034,9.7752,-0.0050,0.0457,0.18
9.450,3.8639,9.7705,-0.0079,3.8131,9.7610,-0.0015,0.0516,0.37
9.500,3.8789,9.7704,-0.0085,3.8175,9.7684,-0.0127,0.0614,0.24
9.550,3.8939,9.7703,-0.0089,3.8557,9.7782,-0.0099,0.0390,0.06
9.600,3.9089,9.7701,-0.0095,3.8829,9.7764,-0.0103,0.0268,0.05
9.650,3.9239,9.7700,-0.0084,3.8947,9.7724,0.0023,0.0293,0.61
9.700,3.9389,9.7699,-0.0100,3.9140,9.7689,-0.0499,0.0249,2.29
9.750,3.9539,9.7697,-0.0113,3.9240,9.7838,0.0124,0.0330,1.36
9.800,3.9689,9.7695,-0.0119,3.9237,9.7874,-0.0053,0.0486,0.38
9.850,3.9839,9.7694,-0.0124,3.9638,9.7762,-0.0050,0.0212,0.42
9.900,3.9989,9.7692,-0.0122,3.9693,9.7769,-0.0114,0.0306,0.04
9.950,4.0139,9.7690,-0.0129,3.9699,9.7610,-0.0061,0.0447,0.39
10.000,4.0289,9.7688,-0.0139,3.9815,9.7644,0.0202,0.0477,1.95
10.050,4.0439,9.7686,-0.0141,3.9931,9.7716,0.0146,0.0509,1.64
10.100,4.0589,9.7684,-0.0146,4.0044,9.7655,0.0019,0.0546,0.95
10.150,4.0739,9.7682,-0.0139,4.0349,9.7767,-0.0136,0.0399,0.02
10.200,4.0889,9.7680,-0.0129,4.0664,9.7644,-0.0282,0.0228,0.88
10.250,4.1039,9.7678,-0.0131,4.0666,9.7597,-0.0287,0.0381,0.89
10.300,4.1189,9.7676,-0.0125,4.0711,9.7626,0.0027,0.0481,0.87
10.350,4.1339,9.7674,-0.0113,4.0885,9.7586,-0.0139,0.0462,0.15
10.400,4.1489,9.7672,-0.0101,4.1261,9.7427,0.0001,0.0335,0.58
10.450,4.1639,9.7671,-0.0099,4.1289,9.7517,-0.0179,0.0382,0.46
10.500,4.1789,9.7669,-0.0112,4.1393,9.7657,-0.0154,0.0396,0.24
10.550,4.1939,9.7667,-0.0114,4.1672,9.7784,0.0009,0.0292,0.70
10.600,4.2089,9.7666,-0.0119,4.1849,9.7672,-0.0088,0.0240,0.18
10.650,4.2239,9.7664,-0.0137,4.2023,9.7753,-0.0163,0.0234,0.15
10.700,4.2389,9.7662,-0.0168,4.2050,9.7846,-0.0022,0.0386,0.84
10.750,4.2539,9.7659,-0.0184,4.2267,9.7967,0.0038,0.0410,1.27
10.800,4.2689,9.7657,-0.0166,4.2421,9.7873,-0.0174,0.0344,0.04
10.850,4.2839,9.7654,-0.0158,4.2479,9.7397,-0.0016,0.0443,0.81
10.900,4.2989,9.7652,-0.0145,4.2554,9.7546,-0.0101,0.0447,0.25
10.950,4.3139,9.7650,-0.0135,4.2712,9.7502,-0.0099,0.0452,0.21
11.000,4.3289,9.7648,-0.0110,4.2867,9.7550,-0.0159,0.0434,0.28
11.050,4.3439,9.7646,-0.0098,4.3126,9.7517,-0.0529,0.0339,2.47
11.100,4.3589,9.7644,-0.0052,4.3107,9.7642,-0.0421,0.0482,2.12
11.150,4.3739,9.7644,-0.0044,4.3207,9.7137,-0.0227,0.0735,1.05
11.200,4.3889,9.7643,-0.0033,4.3390,9.7501,-0.0025,0.0519,0.05
11.250,4.4039,9.7642,-0.0015,4.3457,9.7524,-0.0191,0.0594,1.01
11.300,4.4189,9.7642,-0.0004,4.3798,9.7385,-0.0185,0.0468,1.04
11.350,4.4339,9.7642,-0.0005,4.4024,9.7487,-0.0195,0.0351,1.09
11.400,4.4489,9.7642,-0.0021,4.4356,9.7529,0.0140,0.0174,0.92
11.450,4.4639,9.7642,-0.0029,4.4441,9.7773,0.0128,0.0237,0.90
11.500,4.4789,9.7641,-0.0047,4.4621,9.7804,-0.0201,0.0234,0.88
11.550,4.4939,9.7641,-0.0053,4.4569,9.7952,-0.0151,0.0484,0.56
11.600,4.5089,9.7640,-0.0048,4.4794,9.7791,-0.0243,0.0331,1.12
11.650,4.5239,9.7639,-0.0045,4.5035,9.7630,-0.0275,0.0205,1.32
11.700,4.5389,9.7638,-0.0043,4.5235,9.7575,-0.0123,0.0166,0.46
11.750,4.5539,9.7638,-0.0030,4.5290,9.7611,-0.0136,0.0250,0.61
11.800,4.5689,9.7637,-0.0019,4.5549,9.7589,-0.0512,0.0148,2.82
11.850,4.5839,9.7637,-0.0004,4.5665,9.7544,-0.0312,0.0197,1.77
11.900,4.5989,9.7637,0.0003,4.5965,9.7347,-0.0077,0.0291,0.46
11.950,4.6139,9.7637,0.0018,4.5813,9.7592,-0.0306,0.0329,1.86
12.000,4.6289,9.7637,0.0028,4.5947,9.7423,-0.0228,0.0403,1.47
12.050,4.6439,9.7638,0.0036,4.6149,9.7484,-0.0158,0.0328,1.11
12.100,4.6589,9.7638,0.0031,4.6297,9.7474,-0.0116,0.0334,0.84
12.150,4.6739,9.7639,0.0018,4.6261,9.7624,0.0035,0.0478,0.10
12.200,4.6889,9.7639,0.0001,4.6509,9.7700,0.0140,0.0385,0.79
12.250,4.7039,9.7639,-0.0017,4.6776,9.7696,0.0263,0.0269,1.60
12.300,4.7189,9.7639,-0.0025,4.6720,9.7722,0.0265,0.0476,1.66
12.350,4.7339,9.7638,-0.0038,4.6965,9.7653,0.0059,0.0374,0.56
12.400,4.7489,9.7638,-0.0054,4.7342,9.7742,0.0044,0.0180,0.56
12.450,4.7639,9.7637,-0.0066,4.7219,9.7618,0.0371,0.0421,2.50
12.500,4.7789,9.7636,-0.0082,4.7505,9.7721,0.0069,0.0297,0.87
12.550,4.7939,9.7635,-0.0091,4.7868,9.7705,0.0176,0.0100,1.53
12.600,4.8089,9.7633,-0.0100,4.7877,9.7699,-0.0016,0.0222,0.48
12.650,4.8239,9.7632,-0.0122,4.8165,9.7753,-0.0121,0.0141,0.01
12.700,4.8389,9.7630,-0.0134,4.8108,9.7778,0.0234,0.0318,2.11
12.750,4.8539,9.7628,-0.0133,4.8432,9.7726,0.0012,0.0145,0.83
12.800,4.8689,9.7626,-0.0136,4.8612,9.7562,-0.0088,0.0100,0.27
12.850,4.8839,9.7624,-0.0147,4.8607,9.7678,-0.0194,0.0238,0.27
12.900,4.8989,9.7622,-0.0159,4.8852,9.7810,-0.0224,0.0232,0.37
12.950,4.9139,9.7620,-0.0162,4.8806,9.7694,0.0062,0.0341,1.28
13.000,4.9289,9.7617,-0.0160,4.9112,9.7663,-0.0185,0.0183,0.14
13.050,4.9439,9.7615,-0.0146,4.9019,9.7629,-0.0278,0.0420,0.76
13.100,4.9589,9.7613,-0.0157,4.8901,9.7552,-0.0493,0.0690,1.93
13.150,4.9739,9.7610,-0.0188,4.9223,9.7815,-0.0275,0.0555,0.50
13.200,4.9889,9.7607,-0.0206,4.9530,9.7880,0.0145,0.0451,2.01
13.250,5.0039,9.7604,-0.0220,4.9520,9.7912,-0.0329,0.0604,0.63
13.300,5.0189,9.7601,-0.0241,4.9926,9.7890,-0.0431,0.0391,1.09
13.350,5.0339,9.7597,-0.0282,5.0211,9.7873,-0.0258,0.0304,0.14
13.400,5.0489,9.7593,-0.0308,5.0156,9.7983,0.0056,0.0513,2.09
13.450,5.0638,9.7589,-0.0330,5.0259,9.7921,-0.0225,0.0504,0.60
13.500,5.0788,9.7584,-0.0330,5.0409,9.7894,-0.0273,0.0490,0.33
13.550,5.0938,9.7579,-0.0316,5.0564,9.7696,-0.0413,0.0392,0.56
13.600,5.1088,9.7574,-0.0295,5.1043,9.7538,-0.0474,0.0058,1.03
13.650,5.1238,9.7569,-0.0275,5.1224,9.7396,-0.0397,0.0173,0.70
13.700,5.1388,9.7565,-0.0241,5.1089,9.7386,-0.0270,0.0348,0.17
13.750,5.1538,9.7562,-0.0224,5.1055,9.7253,-0.0389,0.0574,0.94
13.800,5.1688,9.7558,-0.0222,5.1288,9.7432,-0.0380,0.0419,0.91
13.850,5.1838,9.7555,-0.0218,5.1364,9.7623,-0.0315,0.0479,0.55
13.900,5.1988,9.7552,-0.0208,5.1684,9.7610,-0.0342,0.0310,0.77
13.950,5.2138,9.7549,-0.0200,5.1752,9.7462,-0.0274,0.0395,0.43
14.000,5.2288,9.7546,-0.0203,5.1834,9.7434,-0.0133,0.0468,0.40
14.050,5.2438,9.7543,-0.0212,5.2069,9.7516,0.0048,0.0370,1.49
14.100,5.2588,9.7539,-0.0220,5.2145,9.7640,0.0001,0.0454,1.27
14.150,5.2738,9.7536,-0.0239,5.2199,9.7785,-0.0323,0.0594,0.48
14.200,5.2888,9.7533,-0.0249,5.2502,9.7848,-0.0082,0.0498,0.96
14.250,5.3038,9.7529,-0.0267,5.2714,9.7761,-0.0200,0.0398,0.38
14.300,5.3188,9.7525,-0.0268,5.2652,9.7919,-0.0273,0.0665,0.03
14.350,5.3338,9.7521,-0.0246,5.2739,9.7753,-0.0479,0.0643,1.33
14.400,5.3488,9.7517,-0.0242,5.3242,9.7434,-0.0656,0.0260,2.37
14.450,5.3637,9.7513,-0.0241,5.3379,9.7643,-0.0450,0.0289,1.20
14.500,5.3787,9.7510,-0.0229,5.3363,9.7609,-0.0297,0.0435,0.39
14.550,5.3937,9.7506,-0.0213,5.3541,9.7386,-0.0213,0.0414,0.00
14.600,5.4087,9.7503,-0.0184,5.3564,9.7398,-0.0389,0.0533,1.17
14.650,5.4237,9.7500,-0.0156,5.3913,9.7187,-0.0385,0.0450,1.31
14.700,5.4387,9.7498,-0.0139,5.4005,9.7149,-0.0271,0.0518,0.76
14.750,5.4537,9.7496,-0.0130,5.4182,9.7182,-0.0001,0.0474,0.74
14.800,5.4687,9.7494,-0.0133,5.4186,9.7366,-0.0095,0.0517,0.22
14.850,5.4837,9.7492,-0.0132,5.4209,9.7571,-0.0095,0.0633,0.21
14.900,5.4987,9.7490,-0.0130,5.4576,9.7541,-0.0163,0.0414,0.19
14.950,5.5137,9.7488,-0.0129,5.4596,9.7483,-0.0113,0.0542,0.09
15.000,5.5287,9.7486,-0.0132,5.5161,9.7408,0.0078,0.0148,1.20
15.050,5.5437,9.7484,-0.0122,5.5235,9.7460,0.0107,0.0203,1.31
15.100,5.5587,9.7482,-0.0105,5.5706,9.7370,-0.0182,0.0163,0.44
15.150,5.5737,9.7481,-0.0097,5.5824,9.7336,-0.0334,0.0170,1.36
15.200,5.5887,9.7479,-0.0094,5.5887,9.7383,-0.0104,0.0096,0.06
15.250,5.6037,9.7478,-0.0096,5.6008,9.7480,-0.0187,0.0029,0.52
15.300,5.6187,9.7476,-0.0099,5.6001,9.7469,0.0060,0.0187,0.91
15.350,5.6337,9.7475,-0.0095,5.6008,9.7480,0.0037,0.0329,0.75
15.400,5.6487,9.7474,-0.0109,5.6067,9.7526,-0.0290,0.0423,1.04
15.450,5.6637,9.7472,-0.0117,5.6108,9.7657,0.0065,0.0561,1.04
15.500,5.6787,9.7470,-0.0101,5.6353,9.7474,0.0198,0.0434,1.71
15.550,5.6937,9.7469,-0.0066,5.6668,9.7323,-0.0265,0.0306,1.14
15.600,5.7087,9.7468,-0.0054,5.6996,9.7018,-0.0153,0.0459,0.56
15.650,5.7237,9.7467,-0.0054,5.7117,9.7279,0.0003,0.0223,0.33
15.700,5.7387,9.7466,-0.0061,5.7069,9.7471,-0.0045,0.0318,0.09
15.750,5.7537,9.7465,-0.0051,5.7210,9.7553,-0.0054,0.0339,0.02
15.800,5.7687,9.7464,-0.0047,5.7495,9.7493,-0.0391,0.0194,1.97
15.850,5.7837,9.7464,-0.0081,5.7603,9.7438,-0.0105,0.0236,0.14
15.900,5.7987,9.7462,-0.0118,5.7785,9.7887,-0.0085,0.0470,0.19
15.950,5.8137,9.7461,-0.0146,5.7836,9.7941,-0.0161,0.0566,0.08
16.000,5.8287,9.7458,-0.0145,5.7837,9.7854,-0.0183,0.0599,0.22
16.050,5.8437,9.7456,-0.0158,5.8144,9.7519,-0.0214,0.0300,0.32
16.100,5.8587,9.7454,-0.0167,5.8187,9.7648,-0.0157,0.0445,0.06
16.150,5.8737,9.7451,-0.0169,5.8470,9.7529,0.0031,0.0278,1.15
16.200,5.8887,9.7449,-0.0161,5.8524,9.7498,-0.0097,0.0367,0.36
16.250,5.9037,9.7447,-0.0166,5.8797,9.7381,-0.0133,0.0249,0.19
16.300,5.9187,9.7444,-0.0163,5.8896,9.7673,-0.0406,0.0370,1.39
16.350,5.9337,9.7442,-0.0146,5.9169,9.7486,-0.0227,0.0174,0.46
16.400,5.9487,9.7439,-0.0149,5.9395,9.7275,-0.0292,0.0188,0.82
16.450,5.9637,9.7437,-0.0152,5.9294,9.7540,-0.0142,0.0358,0.05
16.500,5.9787,9.7435,-0.0173,5.9430,9.7558,-0.0195,0.0378,0.13
16.550,5.9937,9.7432,-0.0183,5.9528,9.7744,0.0043,0.0515,1.30
16.600,6.0087,9.7430,-0.0184,5.9676,9.7677,-0.0183,0.0479,0.01
16.650,6.0237,9.7427,-0.0160,5.9626,9.7574,-0.0280,0.0628,0.69
16.700,6.0387,9.7424,-0.0128,5.9663,9.7094,-0.0169,0.0795,0.23
16.750,6.0537,9.7422,-0.0085,5.9942,9.6889,-0.0039,0.0799,0.27
16.800,6.0687,9.7421,-0.0064,6.0247,9.6785,-0.0194,0.0773,0.75
16.850,6.0837,9.7420,-0.0045,6.0361,9.7050,0.0009,0.0604,0.31
16.900,6.0987,9.7420,-0.0040,6.0532,9.7045,0.0111,0.0590,0.87
16.950,6.1137,9.7419,-0.0023,6.0522,9.7276,0.0068,0.0631,0.52
17.000,6.1287,9.7419,-0.0025,6.0925,9.7213,-0.0188,0.0417,0.94
17.050,6.1437,9.7418,-0.0032,6.0996,9.7460,-0.0072,0.0443,0.23
17.100,6.1587,9.7418,-0.0030,6.1117,9.7508,0.0032,0.0478,0.36
17.150,6.1737,9.7417,-0.0036,6.1483,9.7604,-0.0503,0.0315,2.67
17.200,6.1887,9.7417,-0.0032,6.1612,9.7605,-0.0223,0.0333,1.09
17.250,6.2037,9.7416,-0.0052,6.1786,9.7420,-0.0206,0.0251,0.88
17.300,6.2187,9.7416,-0.0045,6.2041,9.7621,0.0198,0.0251,1.39
17.350,6.2337,9.7415,-0.0047,6.2339,9.7411,-0.0278,0.0004,1.33
17.400,6.2487,9.7414,-0.0049,6.2167,9.7471,-0.0108,0.0325,0.34
17.450,6.2637,9.7413,-0.0052,6.2397,9.7346,0.0140,0.0249,1.10
17.500,6.2787,9.7413,-0.0055,6.2512,9.7355,0.0174,0.0281,1.31
17.550,6.2937,9.7412,-0.0059,6.2676,9.7432,-0.0000,0.0262,0.34
17.600,6.3087,9.7411,-0.0058,6.2573,9.7315,0.0252,0.0523,1.78
17.650,6.3237,9.7410,-0.0047,6.2928,9.7313,0.0089,0.0324,0.78
17.700,6.3387,9.7409,-0.0044,6.3024,9.7279,-0.0173,0.0385,0.74
17.750,6.3537,9.7409,-0.0038,6.3265,9.7242,0.0157,0.0319,1.12
17.800,6.3687,9.7408,-0.0010,6.3339,9.7169,0.0203,0.0422,1.22
17.850,6.3837,9.7408,0.0009,6.3292,9.7004,-0.0179,0.0679,1.08
17.900,6.3987,9.7408,0.0014,6.3379,9.7210,-0.0290,0.0640,1.74
17.950,6.4137,9.7408,0.0025,6.3856,9.7278,-0.0010,0.0310,0.20
18.000,6.4287,9.7409,0.0039,6.3941,9.7125,0.0127,0.0448,0.51
18.050,6.4437,9.7409,0.0049,6.4181,9.7147,-0.0009,0.0366,0.33
18.100,6.4587,9.7410,0.0059,6.4703,9.7223,0.0001,0.0221,0.33
18.150,6.4737,9.7411,0.0078,6.4889,9.7240,-0.0045,0.0229,0.71
18.200,6.4887,9.7412,0.0080,6.5016,9.7151,-0.0114,0.0291,1.11
18.250,6.5037,9.7413,0.0074,6.5146,9.7324,0.0012,0.0141,0.36
18.300,6.5187,9.7414,0.0087,6.5196,9.7297,0.0313,0.0117,1.30
18.350,6.5337,9.7416,0.0071,6.5171,9.7099,0.0211,0.0358,0.80
18.400,6.5487,9.7417,0.0061,6.5181,9.7453,0.0276,0.0308,1.23
18.450,6.5637,9.7418,0.0041,6.5489,9.7408,0.0157,0.0149,0.66
18.500,6.5787,9.7418,0.0016,6.5465,9.7547,0.0129,0.0347,0.65
18.550,6.5937,9.7419,0.0012,6.5418,9.7682,-0.0024,0.0582,0.21
18.600,6.6087,9.7419,0.0009,6.5786,9.7338,0.0139,0.0312,0.75
18.650,6.6237,9.7419,0.0003,6.5629,9.7309,0.0194,0.0618,1.10
18.700,6.6387,9.7419,-0.0003,6.5934,9.7404,0.0068,0.0453,0.41
18.750,6.6537,9.7419,-0.0018,6.6062,9.7543,-0.0315,0.0491,1.70
18.800,6.6687,9.7419,-0.0037,6.6305,9.7484,0.0108,0.0387,0.83
18.850,6.6837,9.7418,-0.0051,6.6151,9.7636,-0.0149,0.0720,0.56
18.900,6.6987,9.7417,-0.0050,6.6615,9.7551,-0.0058,0.0395,0.05
18.950,6.7137,9.7417,-0.0048,6.6779,9.7370,-0.0111,0.0361,0.36
19.000,6.7287,9.7416,-0.0054,6.6711,9.7328,-0.0018,0.0583,0.20
19.050,6.7437,9.7415,-0.0063,6.6970,9.7535,-0.0201,0.0482,0.79
19.100,6.7587,9.7414,-0.0058,6.7366,9.7479,-0.0018,0.0230,0.23
19.150,6.7737,9.7413,-0.0066,6.7577,9.7198,0.0096,0.0268,0.93
19.200,6.7887,9.7412,-0.0078,6.7544,9.7467,-0.0017,0.0348,0.35
19.250,6.8037,9.7411,-0.0090,6.7578,9.7474,0.0118,0.0463,1.19
19.300,6.8187,9.7410,-0.0091,6.7786,9.7539,-0.0019,0.0422,0.41
19.350,6.8337,9.7408,-0.0100,6.7814,9.7333,0.0015,0.0528,0.66
19.400,6.8487,9.7407,-0.0080,6.8029,9.7448,0.0036,0.0460,0.66
19.450,6.8637,9.7406,-0.0082,6.8173,9.7218,-0.0457,0.0501,2.15
19.500,6.8787,9.7404,-0.0083,6.8337,9.7423,-0.0149,0.0450,0.38
19.550,6.8937,9.7403,-0.0087,6.8616,9.7315,0.0052,0.0333,0.80
19.600,6.9087,9.7402,-0.0096,6.8915,9.7345,0.0064,0.0181,0.92
19.650,6.9237,9.7400,-0.0100,6.9326,9.7320,0.0271,0.0120,2.13
19.700,6.9387,9.7399,-0.0095,6.9307,9.7290,0.0166,0.0136,1.49
19.750,6.9537,9.7397,-0.0098,6.9342,9.7203,0.0049,0.0275,0.84
19.800,6.9687,9.7396,-0.0100,6.9642,9.7396,-0.0092,0.0045,0.05
19.850,6.9837,9.7395,-0.0104,6.9483,9.7428,-0.0148,0.0356,0.25
19.900,6.9987,9.7393,-0.0091,6.9783,9.7346,0.0028,0.0210,0.68
19.950,7.0137,9.7392,-0.0093,6.9919,9.7182,-0.0187,0.0303,0.54
20.000,7.0287,9.7390,-0.0103,7.0046,9.7374,-0.0075,0.0241,0.16
20.050,7.0437,9.7389,-0.0108,7.0023,9.7525,-0.0132,0.0436,0.14
20.100,7.0587,9.7387,-0.0105,7.0003,9.7480,-0.0162,0.0592,0.33
20.150,7.0737,9.7385,-0.0106,7.0430,9.7381,-0.0291,0.0307,1.06
20.200,7.0887,9.7384,-0.0089,7.0546,9.7325,-0.0003,0.0346,0.50
20.250,7.1037,9.7383,-0.0076,7.0651,9.7128,-0.0248,0.0463,0.99
20.300,7.1187,9.7381,-0.0067,7.0752,9.7181,-0.0195,0.0479,0.73
20.350,7.1337,9.7380,-0.0057,7.0762,9.7250,-0.0224,0.0589,0.96
20.400,7.1487,9.7380,-0.0045,7.0934,9.7206,-0.0183,0.0580,0.79
20.450,7.1637,9.7379,-0.0039,7.1252,9.7235,-0.0291,0.0411,1.44
20.500,7.1787,9.7378,-0.0040,7.1334,9.7278,-0.0156,0.0464,0.66
20.550,7.1937,9.7378,-0.0040,7.1560,9.7498,-0.0417,0.0395,2.16
20.600,7.2087,9.7377,-0.0033,7.1818,9.7385,-0.0189,0.0269,0.89
20.650,7.2237,9.7377,-0.0040,7.1833,9.7112,0.0112,0.0483,0.87
20.700,7.2387,9.7376,-0.0045,7.1876,9.7485,-0.0205,0.0523,0.92
20.750,7.2537,9.7375,-0.0048,7.2122,9.7355,0.0022,0.0415,0.40
20.800,7.2687,9.7375,-0.0050,7.2242,9.7383,-0.0115,0.0445,0.37
20.850,7.2837,9.7374,-0.0049,7.2604,9.7429,-0.0262,0.0239,1.22
20.900,7.2987,9.7373,-0.0052,7.2534,9.7214,0.0094,0.0481,0.83
20.950,7.3137,9.7372,-0.0048,7.2707,9.7341,-0.0057,0.0431,0.05
21.000,7.3287,9.7372,-0.0030,7.2895,9.7150,0.0184,0.0450,1.22
21.050,7.3437,9.7371,-0.0052,7.3078,9.7111,-0.0151,0.0443,0.56
21.100,7.3587,9.7370,-0.0071,7.3278,9.7530,0.0033,0.0348,0.60
21.150,7.3737,9.7369,-0.0087,7.3471,9.7577,-0.0207,0.0337,0.69
21.200,7.3887,9.7368,-0.0097,7.3690,9.7492,-0.0060,0.0233,0.21
21.250,7.4037,9.7367,-0.0103,7.3887,9.7328,0.0131,0.0155,1.34
21.300,7.4187,9.7365,-0.0111,7.4174,9.7313,0.0036,0.0054,0.84
21.350,7.4337,9.7363,-0.0126,7.4152,9.7413,-0.0109,0.0191,0.10
21.400,7.4487,9.7361,-0.0139,7.4226,9.7470,-0.0067,0.0283,0.41
21.450,7.4636,9.7359,-0.0133,7.4332,9.7438,-0.0012,0.0314,0.69
21.500,7.4786,9.7357,-0.0138,7.4318,9.7333,-0.0333,0.0469,1.12
21.550,7.4936,9.7355,-0.0147,7.4466,9.7353,-0.0079,0.0470,0.39
21.600,7.5086,9.7353,-0.0130,7.4877,9.7415,-0.0026,0.0218,0.59
21.650,7.5236,9.7351,-0.0129,7.4984,9.7177,-0.0407,0.0306,1.59
21.700,7.5386,9.7349,-0.0128,7.5321,9.7328,-0.0208,0.0068,0.46
21.750,7.5536,9.7347,-0.0129,7.5282,9.7347,-0.0241,0.0254,0.64
21.800,7.5686,9.7345,-0.0128,7.5300,9.7350,-0.0192,0.0386,0.37
21.850,7.5836,9.7343,-0.0133,7.5427,9.7386,-0.0303,0.0411,0.97
21.900,7.5986,9.7341,-0.0137,7.5309,9.7402,-0.0159,0.0680,0.13
21.950,7.6136,9.7339,-0.0135,7.5654,9.7393,-0.0171,0.0485,0.20
22.000,7.6286,9.7337,-0.0143,7.5806,9.7284,-0.0144,0.0483,0.01
22.050,7.6436,9.7335,-0.0151,7.6113,9.7440,-0.0154,0.0339,0.02
22.100,7.6586,9.7333,-0.0158,7.6122,9.7315,0.0111,0.0465,1.54
22.150,7.6736,9.7331,-0.0158,7.6288,9.7377,-0.0041,0.0450,0.67
22.200,7.6886,9.7328,-0.0138,7.6196,9.7423,-0.0399,0.0696,1.49
22.250,7.7036,9.7326,-0.0134,7.6419,9.7122,-0.0444,0.0650,1.78
22.300,7.7186,9.7324,-0.0135,7.6659,9.7229,-0.0145,0.0536,0.06
22.350,7.7336,9.7322,-0.0124,7.6893,9.7297,-0.0097,0.0444,0.16
22.400,7.7486,9.7320,-0.0120,7.6917,9.7294,-0.0505,0.0570,2.20
22.450,7.7636,9.7318,-0.0130,7.7050,9.7359,-0.0392,0.0587,1.50
22.500,7.7786,9.7316,-0.0139,7.7120,9.7528,-0.0280,0.0699,0.81
22.550,7.7936,9.7314,-0.0150,7.7579,9.7509,-0.0290,0.0407,0.80
22.600,7.8086,9.7312,-0.0149,7.7781,9.7431,-0.0055,0.0327,0.54
22.650,7.8236,9.7310,-0.0150,7.8219,9.7408,-0.0401,0.0100,1.44
22.700,7.8386,9.7308,-0.0147,7.8302,9.7375,-0.0316,0.0107,0.97
22.750,7.8536,9.7305,-0.0146,7.8503,9.7348,-0.0373,0.0054,1.30
22.800,7.8686,9.7303,-0.0152,7.8517,9.7327,-0.0276,0.0171,0.71
22.850,7.8836,9.7301,-0.0158,7.8500,9.7404,-0.0191,0.0352,0.19
22.900,7.8986,9.7299,-0.0172,7.8621,9.7478,-0.0313,0.0407,0.81
22.950,7.9136,9.7296,-0.0177,7.8830,9.7576,-0.0276,0.0415,0.57
23.000,7.9286,9.7293,-0.0184,7.9217,9.7379,-0.0195,0.0110,0.06
23.050,7.9436,9.7291,-0.0182,7.9386,9.7378,-0.0135,0.0101,0.27
23.100,7.9586,9.7288,-0.0182,7.9267,9.7261,-0.0187,0.0321,0.03
23.150,7.9736,9.7285,-0.0181,7.9688,9.7303,-0.0191,0.0051,0.06
23.200,7.9886,9.7282,-0.0169,7.9601,9.7279,-0.0225,0.0285,0.32
23.250,8.0036,9.7280,-0.0164,7.9938,9.7060,-0.0105,0.0241,0.34
23.300,8.0186,9.7277,-0.0159,7.9881,9.7111,0.0019,0.0348,1.02
23.350,8.0336,9.7275,-0.0173,7.9890,9.7228,-0.0222,0.0448,0.28
23.400,8.0486,9.7272,-0.0171,8.0079,9.7325,0.0172,0.0411,1.96
23.450,8.0636,9.7270,-0.0170,8.0400,9.7277,-0.0241,0.0236,0.41
23.500,8.0786,9.7267,-0.0180,8.0539,9.7268,-0.0214,0.0247,0.20
23.550,8.0936,9.7265,-0.0172,8.0634,9.7342,-0.0021,0.0311,0.86
23.600,8.1086,9.7262,-0.0161,8.0730,9.7250,-0.0361,0.0357,1.15
23.650,8.1236,9.7260,-0.0178,8.0806,9.7184,-0.0300,0.0437,0.70
23.700,8.1386,9.7257,-0.0175,8.0966,9.7461,-0.0149,0.0467,0.15
23.750,8.1536,9.7254,-0.0163,8.1237,9.7300,-0.0342,0.0303,1.03
23.800,8.1686,9.7252,-0.0163,8.1413,9.7226,-0.0428,0.0274,1.52
23.850,8.1836,9.7249,-0.0161,8.1625,9.7275,-0.0235,0.0212,0.42
23.900,8.1986,9.7247,-0.0144,8.1798,9.7269,-0.0242,0.0189,0.56
23.950,8.2136,9.7245,-0.0144,8.1781,9.7198,-0.0522,0.0358,2.17
24.000,8.2286,9.7243,-0.0135,8.1903,9.7347,-0.0384,0.0397,1.42
24.050,8.2436,9.7241,-0.0135,8.2055,9.7270,-0.0468,0.0382,1.91
24.100,8.2586,9.7239,-0.0141,8.2251,9.7297,-0.0278,0.0340,0.78
24.150,8.2736,9.7237,-0.0150,8.2323,9.7325,-0.0131,0.0422,0.11
24.200,8.2886,9.7234,-0.0162,8.2491,9.7442,-0.0261,0.0446,0.57
24.250,8.3036,9.7232,-0.0154,8.2761,9.7469,-0.0230,0.0363,0.44
24.300,8.3186,9.7230,-0.0154,8.2965,9.7132,-0.0185,0.0242,0.18
24.350,8.3335,9.7227,-0.0157,8.3147,9.7240,-0.0162,0.0189,0.03
24.400,8.3485,9.7225,-0.0164,8.3235,9.7282,-0.0152,0.0257,0.07
24.450,8.3635,9.7222,-0.0145,8.3310,9.7420,-0.0284,0.0381,0.80
24.500,8.3785,9.7220,-0.0131,8.3440,9.6917,-0.0182,0.0459,0.29
24.550,8.3935,9.7218,-0.0117,8.3656,9.7013,-0.0160,0.0346,0.24
24.600,8.4085,9.7217,-0.0105,8.3787,9.6944,-0.0061,0.0404,0.25
24.650,8.4235,9.7215,-0.0098,8.3979,9.7066,-0.0213,0.0297,0.66
24.700,8.4385,9.7214,-0.0098,8.4258,9.7168,-0.0304,0.0135,1.18
24.750,8.4535,9.7212,-0.0097,8.4195,9.7176,-0.0046,0.0341,0.29
24.800,8.4685,9.7211,-0.0099,8.4297,9.7195,-0.0109,0.0388,0.06
24.850,8.4835,9.7209,-0.0099,8.4537,9.7165,0.0025,0.0302,0.71
24.900,8.4985,9.7208,-0.0100,8.4674,9.7282,-0.0285,0.0319,1.06
24.950,8.5135,9.7206,-0.0091,8.4767,9.7193,-0.0072,0.0368,0.11
25.000,8.5285,9.7205,-0.0095,8.4868,9.7055,-0.0112,0.0443,0.10
25.050,8.5435,9.7203,-0.0121,8.4880,9.7362,-0.0332,0.0577,1.21
25.100,8.5585,9.7202,-0.0145,8.5043,9.7542,0.0061,0.0640,1.18
25.150,8.5735,9.7199,-0.0154,8.5507,9.7543,-0.0012,0.0413,0.82
25.200,8.5885,9.7197,-0.0160,8.5609,9.7438,-0.0322,0.0366,0.93
25.250,8.6035,9.7195,-0.0164,8.5690,9.7390,-0.0312,0.0397,0.85
25.300,8.6185,9.7192,-0.0171,8.5811,9.7412,-0.0405,0.0434,1.34
25.350,8.6335,9.7190,-0.0186,8.6038,9.7488,-0.0501,0.0420,1.81
25.400,8.6485,9.7187,-0.0199,8.6305,9.7679,-0.0606,0.0524,2.33
25.450,8.6635,9.7184,-0.0204,8.6423,9.7420,-0.0175,0.0317,0.17
25.500,8.6785,9.7181,-0.0206,8.6459,9.7383,-0.0349,0.0383,0.82
25.550,8.6935,9.7178,-0.0199,8.6328,9.7306,-0.0288,0.0621,0.51
25.600,8.7085,9.7175,-0.0202,8.6519,9.7198,-0.0395,0.0567,1.11
25.650,8.7235,9.7172,-0.0198,8.6723,9.7207,-0.0075,0.0514,0.70
25.700,8.7385,9.7169,-0.0199,8.7015,9.7159,-0.0196,0.0370,0.02
25.750,8.7535,9.7166,-0.0205,8.7397,9.7240,-0.0211,0.0156,0.03
25.800,8.7685,9.7163,-0.0204,8.7401,9.7265,-0.0103,0.0302,0.58
25.850,8.7835,9.7160,-0.0214,8.7459,9.7196,-0.0199,0.0378,0.09
25.900,8.7985,9.7156,-0.0232,8.7671,9.7366,-0.0227,0.0378,0.03
25.950,8.8135,9.7153,-0.0239,8.7707,9.7344,0.0121,0.0469,2.06
26.000,8.8285,9.7149,-0.0235,8.8210,9.7386,-0.0401,0.0248,0.95
26.050,8.8435,9.7146,-0.0249,8.8340,9.7209,-0.0355,0.0114,0.61
26.100,8.8585,9.7142,-0.0249,8.8536,9.7247,0.0092,0.0116,1.95
26.150,8.8735,9.7138,-0.0263,8.8668,9.7124,-0.0027,0.0069,1.35
26.200,8.8885,9.7134,-0.0264,8.8557,9.7302,-0.0036,0.0369,1.31
26.250,8.9035,9.7130,-0.0244,8.8944,9.7277,-0.0366,0.0173,0.70
26.300,8.9185,9.7127,-0.0237,8.9108,9.7153,-0.0680,0.0081,2.54
26.350,8.9334,9.7123,-0.0228,8.9059,9.7230,-0.0489,0.0295,1.49
26.400,8.9484,9.7120,-0.0241,8.9177,9.7162,-0.0399,0.0310,0.91
26.450,8.9634,9.7116,-0.0242,8.9359,9.7464,-0.0504,0.0444,1.50
26.500,8.9784,9.7113,-0.0253,8.9644,9.7374,-0.0626,0.0297,2.14
26.550,8.9934,9.7109,-0.0231,8.9848,9.7424,-0.0443,0.0327,1.21
26.600,9.0084,9.7105,-0.0217,8.9907,9.7140,-0.0763,0.0180,3.13
26.650,9.0234,9.7102,-0.0216,9.0074,9.7083,-0.0411,0.0161,1.12
26.700,9.0384,9.7099,-0.0212,8.9969,9.7098,-0.0047,0.0415,0.95
26.750,9.0534,9.7096,-0.0204,8.9911,9.7095,-0.0104,0.0623,0.57
26.800,9.0684,9.7093,-0.0208,9.0340,9.6945,-0.0006,0.0374,1.16
26.850,9.0834,9.7089,-0.0190,9.0417,9.7126,0.0050,0.0418,1.38
26.900,9.0984,9.7087,-0.0183,9.0737,9.6940,-0.0317,0.0287,0.77
26.950,9.1134,9.7084,-0.0172,9.0831,9.7106,-0.0315,0.0304,0.82
27.000,9.1284,9.7081,-0.0173,9.0635,9.7077,-0.0368,0.0649,1.11
27.050,9.1434,9.7079,-0.0162,9.1063,9.7280,-0.0369,0.0422,1.19
27.100,9.1584,9.7076,-0.0144,9.1474,9.7013,-0.0254,0.0126,0.63
27.150,9.1734,9.7074,-0.0137,9.1469,9.6925,-0.0296,0.0304,0.91
27.200,9.1884,9.7072,-0.0124,9.1595,9.6971,-0.0058,0.0306,0.38
27.250,9.2034,9.7070,-0.0116,9.1580,9.6933,-0.0134,0.0474,0.11
27.300,9.2184,9.7068,-0.0101,9.1870,9.6906,0.0047,0.0354,0.85
27.350,9.2334,9.7067,-0.0083,9.2135,9.6802,0.0008,0.0331,0.52
27.400,9.2484,9.7066,-0.0075,9.2057,9.6779,-0.0035,0.0515,0.23
27.450,9.2634,9.7065,-0.0070,9.2385,9.6831,0.0217,0.0342,1.64
27.500,9.2784,9.7063,-0.0065,9.2347,9.6905,0.0143,0.0464,1.19
27.550,9.2934,9.7062,-0.0061,9.2478,9.6893,0.0149,0.0486,1.20
27.600,9.3084,9.7062,-0.0051,9.2482,9.7044,-0.0084,0.0602,0.19
27.650,9.3234,9.7061,-0.0046,9.2615,9.6946,-0.0105,0.0630,0.34
27.700,9.3384,9.7060,-0.0050,9.2530,9.6887,0.0167,0.0871,1.24
27.750,9.3534,9.7059,-0.0041,9.2995,9.7042,0.0144,0.0539,1.06
27.800,9.3684,9.7059,-0.0035,9.3306,9.6937,-0.0070,0.0397,0.20
27.850,9.3834,9.7058,-0.0031,9.3469,9.6898,0.0101,0.0398,0.75
27.900,9.3984,9.7058,-0.0031,9.3648,9.6878,0.0228,0.0382,1.49
27.950,9.4134,9.7057,-0.0031,9.3865,9.6863,0.0350,0.0331,2.18
28.000,9.4284,9.7057,-0.0025,9.4042,9.6957,0.0174,0.0262,1.14
28.050,9.4434,9.7056,-0.0017,9.4024,9.6988,-0.0106,0.0416,0.51
28.100,9.4584,9.7056,-0.0009,9.4148,9.7030,-0.0245,0.0436,1.35
28.150,9.4734,9.7056,-0.0006,9.4427,9.7003,-0.0191,0.0312,1.06
28.200,9.4884,9.7056,-0.0009,9.4534,9.7105,-0.0212,0.0354,1.16
28.250,9.5034,9.7056,-0.0014,9.4904,9.7070,-0.0001,0.0131,0.07
28.300,9.5184,9.7056,-0.0020,9.5055,9.7232,-0.0213,0.0218,1.11
28.350,9.5334,9.7055,-0.0022,9.5030,9.7217,-0.0184,0.0345,0.93
28.400,9.5484,9.7055,-0.0027,9.4949,9.7221,-0.0291,0.0560,1.51
28.450,9.5634,9.7055,-0.0026,9.5421,9.7146,-0.0090,0.0231,0.37
28.500,9.5784,9.7054,-0.0022,9.5425,9.7095,-0.0177,0.0362,0.89
28.550,9.5934,9.7054,-0.0009,9.5488,9.7103,-0.0276,0.0449,1.53
28.600,9.6084,9.7054,-0.0002,9.5643,9.6906,-0.0145,0.0465,0.82
28.650,9.6234,9.7054,-0.0014,9.5812,9.6935,-0.0010,0.0438,0.02
28.700,9.6384,9.7053,-0.0028,9.6209,9.7207,-0.0056,0.0233,0.16
28.750,9.6534,9.7053,-0.0031,9.6430,9.7190,-0.0000,0.0172,0.18
28.800,9.6684,9.7053,-0.0023,9.6445,9.7010,0.0113,0.0243,0.78
28.850,9.6834,9.7052,-0.0029,9.6368,9.6958,-0.0054,0.0475,0.14
28.900,9.6984,9.7052,-0.0043,9.6677,9.7089,0.0011,0.0309,0.31
28.950,9.7134,9.7051,-0.0039,9.6874,9.7075,0.0242,0.0261,1.61
29.000,9.7284,9.7051,-0.0031,9.7062,9.6902,0.0175,0.0267,1.18
29.050,9.7434,9.7050,-0.0022,9.7058,9.7063,-0.0331,0.0376,1.77
29.100,9.7584,9.7050,-0.0034,9.7171,9.7045,-0.0312,0.0413,1.60
29.150,9.7734,9.7049,-0.0039,9.7202,9.7160,0.0007,0.0543,0.26
29.200,9.7884,9.7049,-0.0038,9.7497,9.7105,-0.0088,0.0391,0.29
29.250,9.8034,9.7048,-0.0049,9.7813,9.7126,-0.0268,0.0234,1.25
29.300,9.8184,9.7047,-0.0051,9.8051,9.7101,0.0144,0.0143,1.12
29.350,9.8334,9.7047,-0.0050,9.8177,9.7118,-0.0144,0.0172,0.54
29.400,9.8484,9.7046,-0.0051,9.7985,9.7090,-0.0140,0.0501,0.51
29.450,9.8634,9.7045,-0.0050,9.8320,9.7036,-0.0036,0.0314,0.08
29.500,9.8784,9.7044,-0.0051,9.8472,9.7059,-0.0117,0.0313,0.38
29.550,9.8934,9.7044,-0.0052,9.8675,9.7072,-0.0110,0.0260,0.33
29.600,9.9084,9.7043,-0.0045,9.8754,9.7085,-0.0099,0.0333,0.31
29.650,9.9234,9.7042,-0.0030,9.8701,9.6939,-0.0110,0.0543,0.46
29.700,9.9384,9.7042,-0.0022,9.8831,9.6854,-0.0175,0.0584,0.87
29.750,9.9534,9.7041,-0.0011,9.9163,9.7007,-0.0266,0.0373,1.46
29.800,9.9684,9.7041,-0.0003,9.9237,9.6962,-0.0262,0.0454,1.49
29.850,9.9834,9.7041,0.0015,9.9444,9.6911,-0.0033,0.0411,0.27
29.900,9.9984,9.7041,0.0039,9.9475,9.6770,-0.0101,0.0576,0.80
29.950,10.0134,9.7042,0.0046,9.9674,9.6678,-0.0127,0.0587,0.99
30.000,10.0284,9.7043,0.0041,10.0001,9.6872,0.0093,0.0331,0.30
30.050,10.0434,9.7043,0.0032,10.0125,9.7027,0.0159,0.0310,0.73
30.100,10.0584,9.7044,0.0024,10.0193,9.7201,-0.0043,0.0421,0.39
30.150,10.0734,9.7044,0.0026,10.0430,9.7089,0.0155,0.0307,0.74
30.200,10.0884,9.7045,0.0033,10.0600,9.6975,0.0038,0.0293,0.03
30.250,10.1034,9.7045,0.0045,10.0809,9.6955,-0.0061,0.0242,0.61
30.300,10.1184,9.7046,0.0049,10.0954,9.6997,-0.0306,0.0236,2.03
30.350,10.1334,9.7046,0.0050,10.1005,9.7024,-0.0119,0.0330,0.97
30.400,10.1484,9.7047,0.0041,10.0951,9.7134,-0.0219,0.0540,1.49
30.450,10.1634,9.7048,0.0031,10.1310,9.7088,0.0210,0.0326,1.02
30.500,10.1784,9.7048,0.0024,10.1603,9.7098,0.0233,0.0188,1.20
30.550,10.1934,9.7049,0.0018,10.1497,9.7087,0.0145,0.0439,0.73
30.600,10.2084,9.7049,0.0007,10.1394,9.7141,-0.0001,0.0696,0.05
30.650,10.2234,9.7049,0.0002,10.1462,9.7248,-0.0046,0.0797,0.27
30.700,10.2384,9.7049,0.0006,10.1928,9.7098,0.0075,0.0459,0.40
30.750,10.2534,9.7049,0.0012,10.2102,9.7046,-0.0106,0.0432,0.67
30.800,10.2684,9.7049,0.0016,10.2013,9.7112,-0.0332,0.0674,1.99
30.850,10.2834,9.7050,0.0027,10.2370,9.7081,-0.0165,0.0465,1.10
30.900,10.2984,9.7050,0.0028,10.2683,9.6938,-0.0122,0.0321,0.86
30.950,10.3134,9.7050,0.0022,10.2728,9.7061,-0.0038,0.0406,0.34
31.000,10.3284,9.7051,0.0019,10.2709,9.7184,-0.0049,0.0590,0.39
31.050,10.3434,9.7051,0.0019,10.2942,9.7053,0.0115,0.0492,0.55
31.100,10.3584,9.7051,0.0025,10.3104,9.7041,0.0076,0.0481,0.29
31.150,10.3734,9.7052,0.0032,10.3380,9.7007,-0.0087,0.0357,0.68
31.200,10.3884,9.7052,0.0048,10.3607,9.6969,0.0014,0.0289,0.20
31.250,10.4034,9.7053,0.0057,10.3705,9.6929,-0.0190,0.0352,1.42
31.300,10.4184,9.7054,0.0057,10.4059,9.6967,-0.0016,0.0152,0.42
31.350,10.4334,9.7055,0.0050,10.4254,9.6995,0.0167,0.0100,0.67
31.400,10.4484,9.7055,0.0053,10.4361,9.7096,0.0154,0.0130,0.58
31.450,10.4634,9.7056,0.0043,10.4359,9.7060,-0.0052,0.0275,0.55
31.500,10.4784,9.7057,0.0041,10.4476,9.7020,0.0390,0.0310,2.00
31.550,10.4934,9.7057,0.0026,10.4776,9.7090,0.0038,0.0162,0.07
31.600,10.5084,9.7058,0.0023,10.5252,9.7165,0.0272,0.0199,1.43
31.650,10.5234,9.7058,0.0015,10.5438,9.7134,-0.0015,0.0218,0.17
31.700,10.5384,9.7058,0.0033,10.5374,9.7136,0.0145,0.0078,0.64
31.750,10.5534,9.7059,0.0045,10.5637,9.6874,-0.0155,0.0211,1.14
31.800,10.5684,9.7060,0.0060,10.5624,9.6896,0.0040,0.0175,0.11
31.850,10.5834,9.7060,0.0073,10.5558,9.6879,0.0002,0.0330,0.41
31.900,10.5984,9.7061,0.0073,10.5856,9.6970,-0.0168,0.0157,1.38
31.950,10.6134,9.7063,0.0076,10.5911,9.7036,0.0105,0.0225,0.17
32.000,10.6284,9.7064,0.0070,10.6268,9.7108,-0.0085,0.0047,0.89
32.050,10.6434,9.7065,0.0074,10.6219,9.7086,0.0233,0.0216,0.91
32.100,10.6584,9.7066,0.0086,10.6286,9.7000,0.0105,0.0305,0.11
32.150,10.6734,9.7067,0.0078,10.6492,9.6935,-0.0057,0.0276,0.77
32.200,10.6884,9.7068,0.0064,10.6703,9.7201,0.0098,0.0225,0.19
32.250,10.7034,9.7069,0.0024,10.6556,9.7200,0.0267,0.0496,1.39
32.300,10.7184,9.7070,0.0019,10.6475,9.7491,0.0575,0.0824,3.18
32.350,10.7334,9.7070,0.0026,10.6708,9.7129,0.0127,0.0629,0.58
32.400,10.7484,9.7070,0.0026,10.6955,9.7020,-0.0012,0.0532,0.22
32.450,10.7634,9.7071,0.0042,10.7308,9.7100,0.0020,0.0328,0.12
32.500,10.7784,9.7071,0.0058,10.7501,9.6853,-0.0001,0.0357,0.34
32.550,10.7934,9.7072,0.0081,10.7547,9.6889,-0.0054,0.0429,0.78
32.600,10.8084,9.7073,0.0087,10.7840,9.6774,-0.0039,0.0386,0.72
32.650,10.8234,9.7075,0.0068,10.7827,9.7036,-0.0036,0.0409,0.59
32.700,10.8384,9.7076,0.0059,10.8014,9.7457,-0.0022,0.0531,0.46
32.750,10.8534,9.7077,0.0052,10.8214,9.7342,-0.0105,0.0416,0.90
32.800,10.8684,9.7077,0.0040,10.8464,9.7267,-0.0053,0.0290,0.54
32.850,10.8834,9.7078,0.0029,10.8563,9.7345,0.0005,0.0381,0.13
32.900,10.8984,9.7078,0.0010,10.8574,9.7264,0.0113,0.0450,0.59
32.950,10.9134,9.7079,-0.0006,10.8761,9.7325,0.0258,0.0446,1.51
33.000,10.9284,9.7079,-0.0013,10.8994,9.7214,0.0393,0.0320,2.33
33.050,10.9434,9.7078,-0.0009,10.9059,9.7231,0.0043,0.0405,0.30
33.100,10.9584,9.7078,-0.0013,10.9408,9.7175,-0.0164,0.0201,0.86
33.150,10.9734,9.7078,-0.0000,10.9664,9.7262,-0.0114,0.0197,0.65
33.200,10.9884,9.7078,0.0005,10.9576,9.7025,-0.0168,0.0313,0.99
33.250,11.0034,9.7078,0.0025,10.9600,9.7109,-0.0073,0.0435,0.56
33.300,11.0184,9.7078,0.0050,10.9891,9.6916,-0.0215,0.0335,1.52
33.350,11.0334,9.7079,0.0073,11.0084,9.6702,0.0096,0.0452,0.13
33.400,11.0484,9.7080,0.0075,11.0201,9.6767,0.0042,0.0422,0.19
33.450,11.0634,9.7081,0.0090,11.0285,9.7002,0.0249,0.0358,0.91
33.500,11.0784,9.7083,0.0107,11.0574,9.6972,-0.0120,0.0237,1.30
33.550,11.0934,9.7084,0.0108,11.0409,9.6817,0.0117,0.0589,0.05
33.600,11.1084,9.7086,0.0113,11.0743,9.6991,0.0315,0.0354,1.16
33.650,11.1234,9.7088,0.0122,11.0916,9.7028,0.0128,0.0324,0.03
33.700,11.1384,9.7090,0.0131,11.0960,9.7130,-0.0218,0.0426,2.00
33.750,11.1534,9.7091,0.0134,11.0964,9.7110,-0.0150,0.0570,1.63
33.800,11.1684,9.7093,0.0141,11.1433,9.7086,0.0070,0.0251,0.41
33.850,11.1834,9.7096,0.0146,11.1486,9.7139,-0.0132,0.0350,1.59
33.900,11.1984,9.7098,0.0143,11.1683,9.7118,-0.0025,0.0302,0.96
33.950,11.2134,9.7100,0.0136,11.2061,9.7113,0.0209,0.0074,0.42
34.000,11.2284,9.7102,0.0145,11.2307,9.7080,0.0420,0.0031,1.57
34.050,11.2434,9.7104,0.0152,11.2410,9.7053,0.0064,0.0057,0.50
34.100,11.2584,9.7106,0.0163,11.2368,9.7024,0.0161,0.0231,0.01
34.150,11.2734,9.7109,0.0173,11.2571,9.6968,0.0188,0.0215,0.09
34.200,11.2884,9.7111,0.0188,11.2675,9.7015,0.0099,0.0231,0.51
34.250,11.3034,9.7114,0.0226,11.2931,9.6995,0.0021,0.0157,1.18
34.300,11.3183,9.7118,0.0249,11.3084,9.6692,-0.0018,0.0437,1.53
34.350,11.3333,9.7121,0.0262,11.3328,9.6792,0.0086,0.0329,1.01
34.400,11.3483,9.7125,0.0272,11.3289,9.6939,0.0127,0.0268,0.83
34.450,11.3633,9.7129,0.0273,11.3426,9.6949,0.0186,0.0274,0.50
34.500,11.3783,9.7134,0.0268,11.3437,9.7032,0.0283,0.0361,0.09
34.550,11.3933,9.7138,0.0262,11.3497,9.7105,0.0378,0.0437,0.66
34.600,11.4083,9.7141,0.0259,11.3533,9.7139,0.0326,0.0550,0.38
34.650,11.4233,9.7145,0.0262,11.3645,9.7078,0.0357,0.0592,0.54
34.700,11.4383,9.7149,0.0258,11.3998,9.7003,0.0313,0.0412,0.31
34.750,11.4533,9.7153,0.0251,11.4061,9.7080,0.0381,0.0477,0.75
34.800,11.4683,9.7157,0.0225,11.4416,9.7183,0.0283,0.0269,0.33
34.850,11.4833,9.7160,0.0214,11.4456,9.7415,0.0484,0.0455,1.54
34.900,11.4983,9.7163,0.0198,11.4691,9.7393,-0.0005,0.0371,1.16
34.950,11.5133,9.7166,0.0179,11.4758,9.7311,0.0346,0.0402,0.96
35.000,11.5283,9.7169,0.0176,11.4959,9.7331,0.0418,0.0362,1.38
35.050,11.5433,9.7172,0.0167,11.5219,9.7087,0.0381,0.0230,1.23
35.100,11.5583,9.7174,0.0155,11.5339,9.7177,0.0400,0.0244,1.40
35.150,11.5733,9.7177,0.0143,11.5647,9.7293,0.0256,0.0144,0.65
35.200,11.5883,9.7179,0.0122,11.5790,9.7277,0.0307,0.0135,1.06
35.250,11.6033,9.7181,0.0097,11.5742,9.7383,0.0393,0.0355,1.70
35.300,11.6183,9.7182,0.0081,11.5878,9.7433,0.0430,0.0395,2.00
35.350,11.6333,9.7183,0.0078,11.6261,9.7478,0.0063,0.0304,0.09
35.400,11.6483,9.7184,0.0075,11.5976,9.7204,0.0165,0.0507,0.52
35.450,11.6633,9.7186,0.0093,11.6321,9.7268,0.0030,0.0322,0.36
35.500,11.6783,9.7187,0.0093,11.6484,9.7044,-0.0213,0.0332,1.75
35.550,11.6933,9.7188,0.0081,11.6564,9.7134,0.0234,0.0373,0.88
35.600,11.7083,9.7190,0.0089,11.7030,9.7243,0.0384,0.0075,1.69
35.650,11.7233,9.7191,0.0114,11.7021,9.7116,-0.0002,0.0225,0.66
35.700,11.7383,9.7193,0.0122,11.7246,9.6959,-0.0239,0.0271,2.07
35.750,11.7533,9.7194,0.0136,11.7262,9.7040,0.0161,0.0311,0.14
35.800,11.7683,9.7196,0.0156,11.7549,9.6971,0.0080,0.0262,0.44
35.850,11.7833,9.7199,0.0154,11.7713,9.6886,0.0087,0.0335,0.39
35.900,11.7983,9.7201,0.0150,11.7638,9.7171,0.0227,0.0346,0.44
35.950,11.8133,9.7203,0.0141,11.7909,9.7306,0.0045,0.0246,0.55
36.000,11.8283,9.7206,0.0151,11.8050,9.7300,0.0217,0.0252,0.38
36.050,11.8433,9.7208,0.0164,11.8157,9.7094,0.0010,0.0299,0.88
36.100,11.8583,9.7210,0.0169,11.8160,9.6981,0.0129,0.0481,0.23
36.150,11.8733,9.7213,0.0179,11.8328,9.7062,0.0233,0.0432,0.31
36.200,11.8883,9.7215,0.0187,11.8281,9.7170,-0.0139,0.0604,1.87
36.250,11.9033,9.7218,0.0177,11.8397,9.7058,0.0147,0.0656,0.17
36.300,11.9182,9.7221,0.0182,11.8614,9.7253,0.0343,0.0569,0.92
36.350,11.9332,9.7224,0.0194,11.8674,9.7228,-0.0063,0.0658,1.47
36.400,11.9482,9.7227,0.0209,11.8955,9.7007,0.0183,0.0571,0.15
36.450,11.9632,9.7230,0.0218,11.9090,9.7042,0.0058,0.0574,0.92
36.500,11.9782,9.7233,0.0230,11.9440,9.7159,-0.0019,0.0350,1.43
36.550,11.9932,9.7236,0.0245,11.9284,9.7020,0.0196,0.0683,0.28
36.600,12.0082,9.7240,0.0263,11.9616,9.6999,0.0200,0.0525,0.36
36.650,12.0232,9.7244,0.0283,11.9697,9.6964,0.0218,0.0604,0.37
36.700,12.0382,9.7248,0.0339,11.9973,9.6907,0.0297,0.0532,0.24
36.750,12.0532,9.7253,0.0381,12.0278,9.6712,-0.0194,0.0598,3.29
36.800,12.0682,9.7259,0.0412,12.0302,9.6793,-0.0035,0.0601,2.56
36.850,12.0832,9.7265,0.0434,12.0222,9.6956,-0.0085,0.0683,2.98
36.900,12.0982,9.7272,0.0447,12.0419,9.6965,0.0127,0.0642,1.83
36.950,12.1132,9.7278,0.0454,12.0508,9.7027,0.0233,0.0673,1.26
37.000,12.1281,9.7285,0.0453,12.0679,9.7090,0.0226,0.0633,1.30
37.050,12.1431,9.7292,0.0448,12.0778,9.7086,0.0495,0.0685,0.27
37.100,12.1581,9.7299,0.0441,12.0819,9.7161,0.0432,0.0774,0.05
37.150,12.1731,9.7305,0.0431,12.0909,9.7230,0.0362,0.0826,0.40
37.200,12.1881,9.7312,0.0429,12.1194,9.7145,0.0625,0.0707,1.12
37.250,12.2031,9.7318,0.0415,12.1528,9.6989,0.0715,0.0601,1.72
37.300,12.2181,9.7324,0.0389,12.1610,9.7165,0.0758,0.0593,2.12
37.350,12.2330,9.7330,0.0376,12.1793,9.7343,0.0771,0.0537,2.26
37.400,12.2480,9.7336,0.0362,12.1761,9.7342,0.0381,0.0719,0.11
37.450,12.2630,9.7341,0.0339,12.1980,9.7371,0.0341,0.0651,0.01
37.500,12.2780,9.7346,0.0323,12.1930,9.7455,0.0466,0.0857,0.82
37.550,12.2930,9.7351,0.0317,12.2142,9.7441,0.0307,0.0793,0.06
37.600,12.3080,9.7356,0.0293,12.2417,9.7292,0.0246,0.0666,0.27
37.650,12.3230,9.7360,0.0278,12.2706,9.7476,0.0495,0.0537,1.24
37.700,12.3380,9.7365,0.0256,12.2939,9.7414,0.0321,0.0443,0.37
37.750,12.3530,9.7368,0.0248,12.3011,9.7471,0.0433,0.0529,1.06
37.800,12.3680,9.7372,0.0242,12.3185,9.7350,0.0201,0.0496,0.23
37.850,12.3830,9.7376,0.0235,12.3445,9.7298,0.0271,0.0392,0.21
37.900,12.3980,9.7379,0.0209,12.3455,9.7338,0.0223,0.0526,0.08
37.950,12.4130,9.7382,0.0186,12.3809,9.7524,0.0492,0.0351,1.76
38.000,12.4280,9.7385,0.0162,12.3838,9.7656,0.0107,0.0518,0.32
38.050,12.4430,9.7388,0.0139,12.3970,9.7625,0.0244,0.0517,0.60
38.100,12.4580,9.7390,0.0118,12.4326,9.7506,0.0447,0.0279,1.88
38.150,12.4730,9.7392,0.0108,12.4431,9.7559,0.0243,0.0343,0.77
38.200,12.4880,9.7393,0.0098,12.4631,9.7471,0.0104,0.0261,0.03
38.250,12.5030,9.7395,0.0092,12.4683,9.7481,0.0037,0.0358,0.32
38.300,12.5180,9.7396,0.0099,12.4836,9.7485,-0.0060,0.0355,0.91
38.350,12.5330,9.7398,0.0098,12.4958,9.7260,-0.0043,0.0397,0.81
38.400,12.5480,9.7399,0.0121,12.5104,9.7288,0.0154,0.0392,0.19
38.450,12.5630,9.7401,0.0137,12.5319,9.7115,-0.0276,0.0422,2.37
38.500,12.5780,9.7403,0.0135,12.5403,9.7112,-0.0045,0.0476,1.03
38.550,12.5930,9.7405,0.0120,12.5516,9.7328,0.0121,0.0421,0.00
38.600,12.6079,9.7407,0.0112,12.5687,9.7462,0.0300,0.0396,1.08
38.650,12.6229,9.7408,0.0088,12.5704,9.7475,0.0021,0.0529,0.38
38.700,12.6379,9.7410,0.0072,12.5922,9.7647,0.0216,0.0515,0.82
38.750,12.6529,9.7411,0.0051,12.6162,9.7532,0.0156,0.0387,0.60
38.800,12.6679,9.7412,0.0042,12.6246,9.7624,0.0169,0.0482,0.73
38.850,12.6829,9.7412,0.0033,12.6446,9.7502,-0.0005,0.0393,0.22
38.900,12.6979,9.7413,0.0036,12.6626,9.7384,0.0241,0.0354,1.17
38.950,12.7129,9.7413,0.0055,12.6868,9.7343,-0.0049,0.0270,0.60
39.000,12.7279,9.7414,0.0054,12.7023,9.7212,-0.0212,0.0326,1.52
39.050,12.7429,9.7415,0.0089,12.6965,9.7332,0.0128,0.0472,0.23
39.100,12.7579,9.7416,0.0101,12.7186,9.6983,-0.0132,0.0585,1.34
39.150,12.7729,9.7418,0.0112,12.7373,9.7177,0.0120,0.0430,0.04
39.200,12.7879,9.7419,0.0131,12.7552,9.7267,-0.0071,0.0361,1.16
39.250,12.8029,9.7421,0.0152,12.7625,9.7219,-0.0160,0.0452,1.79
39.300,12.8179,9.7424,0.0172,12.7828,9.7170,-0.0107,0.0434,1.60
39.350,12.8329,9.7426,0.0183,12.7985,9.7154,-0.0026,0.0438,1.20
39.400,12.8479,9.7429,0.0190,12.8230,9.7235,0.0050,0.0316,0.80
39.450,12.8629,9.7432,0.0163,12.8432,9.7225,0.0152,0.0286,0.06
39.500,12.8779,9.7434,0.0136,12.8577,9.7466,0.0665,0.0204,3.03
39.550,12.8929,9.7436,0.0113,12.8461,9.7571,0.0398,0.0487,1.63
39.600,12.9079,9.7438,0.0104,12.8911,9.7655,0.0254,0.0274,0.86
39.650,12.9229,9.7439,0.0093,12.9035,9.7503,0.0116,0.0204,0.13
39.700,12.9379,9.7441,0.0080,12.8953,9.7494,0.0176,0.0429,0.55
39.750,12.9529,9.7442,0.0084,12.9147,9.7538,0.0142,0.0394,0.33
39.800,12.9679,9.7443,0.0076,12.9470,9.7281,0.0120,0.0264,0.25
39.850,12.9829,9.7444,0.0065,12.9493,9.7441,0.0229,0.0336,0.94
39.900,12.9979,9.7445,0.0053,12.9496,9.7483,0.0213,0.0485,0.92
39.950,13.0129,9.7446,0.0038,12.9739,9.7499,0.0207,0.0394,0.97
40.000,13.0279,9.7447,0.0032,12.9934,9.7609,0.0127,0.0381,0.54
40.050,13.0429,9.7447,0.0020,12.9991,9.7519,-0.0010,0.0444,0.17
40.100,13.0579,9.7448,0.0005,13.0365,9.7515,0.0214,0.0224,1.20
40.150,13.0729,9.7448,0.0003,13.0435,9.7527,0.0283,0.0304,1.60
40.200,13.0879,9.7448,0.0002,13.0509,9.7472,-0.0020,0.0371,0.13
40.250,13.1029,9.7448,0.0002,13.0702,9.7456,-0.0053,0.0327,0.32
40.300,13.1179,9.7448,0.0008,13.0799,9.7447,-0.0012,0.0380,0.12
40.350,13.1329,9.7448,0.0012,13.0906,9.7395,-0.0167,0.0426,1.02
40.400,13.1479,9.7448,0.0019,13.1008,9.7430,-0.0137,0.0472,0.89
40.450,13.1629,9.7448,0.0020,13.1200,9.7409,-0.0184,0.0431,1.17
40.500,13.1779,9.7449,0.0023,13.1448,9.7489,-0.0139,0.0333,0.93
40.550,13.1929,9.7449,0.0026,13.1608,9.7440,-0.0108,0.0321,0.77
40.600,13.2079,9.7449,0.0020,13.1660,9.7551,-0.0328,0.0431,1.99
40.650,13.2229,9.7450,0.0019,13.1704,9.7534,0.0007,0.0532,0.07
40.700,13.2379,9.7450,0.0024,13.1712,9.7449,0.0005,0.0667,0.11
40.750,13.2529,9.7450,0.0031,13.2032,9.7457,-0.0181,0.0497,1.21
40.800,13.2679,9.7451,0.0036,13.2386,9.7351,-0.0047,0.0310,0.47
40.850,13.2829,9.7451,0.0052,13.2729,9.7361,0.0021,0.0135,0.18
40.900,13.2979,9.7452,0.0068,13.3002,9.7200,-0.0014,0.0253,0.47
40.950,13.3129,9.7453,0.0080,13.2762,9.7150,0.0070,0.0476,0.05
41.000,13.3279,9.7454,0.0085,13.2870,9.7262,-0.0036,0.0452,0.69
41.050,13.3429,9.7456,0.0099,13.3154,9.7328,0.0098,0.0303,0.01
41.100,13.3579,9.7457,0.0106,13.3166,9.7274,-0.0110,0.0451,1.24
41.150,13.3729,9.7459,0.0110,13.3229,9.7362,-0.0036,0.0509,0.84
41.200,13.3879,9.7460,0.0120,13.3557,9.7338,0.0115,0.0344,0.03
41.250,13.4029,9.7462,0.0130,13.3768,9.7170,0.0255,0.0391,0.71
41.300,13.4179,9.7464,0.0154,13.3711,9.7311,-0.0007,0.0493,0.92
41.350,13.4329,9.7466,0.0133,13.4117,9.7211,-0.0249,0.0332,2.19
41.400,13.4479,9.7468,0.0107,13.4061,9.7723,0.0146,0.0490,0.23
41.450,13.4629,9.7470,0.0088,13.4271,9.7637,0.0450,0.0395,2.07
41.500,13.4779,9.7471,0.0072,13.4516,9.7575,0.0340,0.0282,1.54
41.550,13.4929,9.7472,0.0064,13.4898,9.7575,0.0208,0.0108,0.82
41.600,13.5079,9.7473,0.0066,13.5028,9.7451,0.0285,0.0056,1.25
41.650,13.5229,9.7474,0.0073,13.5209,9.7480,-0.0068,0.0021,0.81
41.700,13.5379,9.7475,0.0096,13.5388,9.7460,-0.0160,0.0018,1.47
41.750,13.5529,9.7477,0.0106,13.5408,9.7231,-0.0075,0.0274,1.04
41.800,13.5679,9.7478,0.0103,13.5577,9.7446,-0.0196,0.0107,1.72
41.850,13.5829,9.7480,0.0104,13.5750,9.7431,0.0206,0.0093,0.58
41.900,13.5979,9.7482,0.0084,13.5851,9.7460,0.0008,0.0129,0.43
41.950,13.6129,9.7483,0.0087,13.6035,9.7582,0.0378,0.0137,1.67
42.000,13.6279,9.7484,0.0090,13.5928,9.7348,0.0211,0.0377,0.69
42.050,13.6429,9.7486,0.0093,13.6267,9.7330,0.0272,0.0225,1.03
42.100,13.6579,9.7487,0.0107,13.6449,9.7382,0.0154,0.0167,0.27
42.150,13.6729,9.7489,0.0132,13.6325,9.7297,-0.0041,0.0447,0.99
42.200,13.6879,9.7490,0.0161,13.6435,9.7078,0.0089,0.0606,0.41
42.250,13.7029,9.7493,0.0202,13.6518,9.7188,-0.0343,0.0595,3.12
42.300,13.7179,9.7496,0.0230,13.6713,9.6991,-0.0348,0.0687,3.31
42.350,13.7329,9.7499,0.0237,13.7117,9.7107,-0.0148,0.0446,2.20
42.400,13.7479,9.7503,0.0255,13.7203,9.7265,0.0262,0.0365,0.04
42.450,13.7629,9.7507,0.0259,13.7276,9.7059,0.0312,0.0570,0.30
42.500,13.7779,9.7511,0.0253,13.7306,9.7280,0.0328,0.0526,0.43
42.550,13.7929,9.7514,0.0241,13.7492,9.7378,0.0455,0.0458,1.23
42.600,13.8079,9.7518,0.0220,13.7869,9.7630,0.0164,0.0238,0.32
42.650,13.8229,9.7521,0.0199,13.7966,9.7697,0.0367,0.0317,0.96
42.700,13.8379,9.7524,0.0173,13.8197,9.7720,0.0288,0.0268,0.66
42.750,13.8529,9.7527,0.0140,13.8263,9.7736,0.0447,0.0338,1.76
42.800,13.8679,9.7529,0.0118,13.8510,9.7909,0.0347,0.0416,1.31
42.850,13.8829,9.7531,0.0113,13.8614,9.7823,0.0126,0.0363,0.08
42.900,13.8979,9.7532,0.0097,13.8536,9.7613,-0.0003,0.0450,0.57
42.950,13.9129,9.7534,0.0091,13.8877,9.7788,0.0028,0.0358,0.36
43.000,13.9279,9.7535,0.0077,13.9050,9.7551,0.0140,0.0229,0.36
43.050,13.9429,9.7536,0.0072,13.9268,9.7642,0.0264,0.0193,1.10
43.100,13.9579,9.7538,0.0068,13.9255,9.7623,-0.0003,0.0335,0.41
43.150,13.9729,9.7539,0.0069,13.9505,9.7449,0.0297,0.0241,1.31
43.200,13.9879,9.7540,0.0080,13.9578,9.7430,0.0218,0.0320,0.79
43.250,14.0029,9.7541,0.0088,13.9547,9.7263,0.0156,0.0556,0.39
43.300,14.0179,9.7542,0.0109,13.9775,9.7286,0.0258,0.0478,0.85
43.350,14.0329,9.7544,0.0120,13.9849,9.7146,0.0105,0.0624,0.09
43.400,14.0479,9.7546,0.0128,14.0008,9.7268,0.0172,0.0547,0.25
43.450,14.0629,9.7547,0.0127,14.0293,9.7213,0.0428,0.0473,1.72
43.500,14.0779,9.7549,0.0134,14.0345,9.7377,0.0359,0.0467,1.29
43.550,14.0929,9.7551,0.0132,14.0606,9.7325,0.0222,0.0394,0.52
43.600,14.1079,9.7553,0.0121,14.0867,9.7444,0.0306,0.0238,1.06
43.650,14.1228,9.7555,0.0106,14.1057,9.7587,0.0294,0.0174,1.08
43.700,14.1378,9.7557,0.0103,14.1216,9.7718,0.0207,0.0228,0.60
43.750,14.1528,9.7558,0.0079,14.1129,9.7610,-0.0010,0.0403,0.51
43.800,14.1678,9.7560,0.0048,14.1419,9.7805,0.0286,0.0357,1.37
43.850,14.1828,9.7560,0.0021,14.1545,9.7889,0.0323,0.0434,1.73
43.900,14.1978,9.7561,0.0004,14.1644,9.7953,0.0047,0.0515,0.24
43.950,14.2128,9.7561,0.0001,14.1785,9.7762,0.0152,0.0398,0.87
44.000,14.2278,9.7561,0.0014,14.1970,9.7615,-0.0021,0.0313,0.20
44.050,14.2428,9.7561,0.0030,14.2070,9.7429,-0.0088,0.0382,0.67
44.100,14.2578,9.7561,0.0060,14.2156,9.7270,0.0147,0.0513,0.50
44.150,14.2728,9.7562,0.0086,14.2370,9.7198,-0.0066,0.0511,0.87
44.200,14.2878,9.7563,0.0111,14.2576,9.7252,-0.0003,0.0434,0.65
44.250,14.3028,9.7565,0.0140,14.2762,9.7117,0.0349,0.0521,1.20
44.300,14.3178,9.7567,0.0174,14.3025,9.7118,0.0266,0.0474,0.53
44.350,14.3328,9.7570,0.0198,14.2924,9.7171,-0.0004,0.0567,1.15
44.400,14.3478,9.7573,0.0238,14.3301,9.7144,0.0344,0.0464,0.61
44.450,14.3628,9.7576,0.0260,14.3413,9.6988,0.0295,0.0626,0.20
44.500,14.3778,9.7580,0.0235,14.3501,9.7274,0.0131,0.0413,0.60
44.550,14.3928,9.7584,0.0217,14.3655,9.7655,0.0527,0.0282,1.77
44.600,14.4078,9.7587,0.0206,14.3641,9.7606,0.0490,0.0437,1.63
44.650,14.4228,9.7590,0.0184,14.3945,9.7691,0.0105,0.0300,0.46
44.700,14.4378,9.7593,0.0160,14.3968,9.7877,0.0033,0.0499,0.73
44.750,14.4528,9.7595,0.0145,14.4171,9.7970,0.0036,0.0518,0.62
44.800,14.4678,9.7598,0.0137,14.4174,9.7837,-0.0007,0.0558,0.82
44.850,14.4828,9.7600,0.0140,14.4491,9.7610,0.0263,0.0337,0.70
44.900,14.4978,9.7602,0.0120,14.4802,9.7519,0.0069,0.0195,0.29
44.950,14.5128,9.7603,0.0103,14.4890,9.7710,0.0465,0.0261,2.07
45.000,14.5278,9.7605,0.0091,14.5092,9.7733,0.0353,0.0226,1.50
45.050,14.5428,9.7606,0.0085,14.5184,9.7650,0.0303,0.0248,1.25
45.100,14.5578,9.7608,0.0072,14.5178,9.7676,0.0078,0.0406,0.03
45.150,14.5728,9.7609,0.0067,14.5591,9.7693,0.0299,0.0161,1.33
45.200,14.5878,9.7610,0.0052,14.5781,9.7590,0.0201,0.0099,0.85
45.250,14.6028,9.7611,0.0048,14.5615,9.7726,0.0314,0.0429,1.52
45.300,14.6178,9.7611,0.0047,14.5805,9.7632,0.0106,0.0374,0.34
45.350,14.6328,9.7612,0.0041,14.6275,9.7654,-0.0033,0.0067,0.43
45.400,14.6478,9.7613,0.0030,14.6359,9.7640,0.0179,0.0122,0.85
45.450,14.6628,9.7613,0.0037,14.6480,9.7731,0.0179,0.0189,0.81
45.500,14.6778,9.7614,0.0047,14.6620,9.7602,-0.0176,0.0158,1.28
45.550,14.6928,9.7614,0.0053,14.7069,9.7471,-0.0022,0.0200,0.43
45.600,14.7078,9.7615,0.0060,14.7237,9.7533,0.0028,0.0179,0.19
45.650,14.7228,9.7616,0.0057,14.7442,9.7563,-0.0094,0.0220,0.87
45.700,14.7378,9.7617,0.0055,14.7213,9.7649,0.0081,0.0168,0.15
45.750,14.7528,9.7618,0.0036,14.7289,9.7653,0.0033,0.0242,0.02
45.800,14.7678,9.7618,0.0034,14.7428,9.7815,0.0291,0.0318,1.48
45.850,14.7828,9.7619,0.0030,14.7281,9.7616,0.0139,0.0547,0.63
45.900,14.7978,9.7619,0.0011,14.7498,9.7743,-0.0082,0.0496,0.53
45.950,14.8128,9.7619,0.0008,14.7539,9.7942,0.0030,0.0672,0.12
46.000,14.8278,9.7619,0.0004,14.7825,9.7749,-0.0102,0.0471,0.61
46.050,14.8428,9.7619,0.0005,14.7989,9.7746,-0.0056,0.0457,0.35
46.100,14.8578,9.7620,-0.0007,14.8184,9.7632,-0.0003,0.0394,0.02
46.150,14.8728,9.7619,-0.0019,14.8460,9.7839,0.0044,0.0346,0.36
46.200,14.8878,9.7619,-0.0028,14.8614,9.7922,-0.0135,0.0402,0.61
46.250,14.9028,9.7619,-0.0044,14.8829,9.7848,-0.0099,0.0303,0.31
46.300,14.9178,9.7618,-0.0063,14.8999,9.8003,-0.0160,0.0424,0.55
46.350,14.9328,9.7617,-0.0064,14.8959,9.8024,-0.0126,0.0549,0.36
46.400,14.9478,9.7616,-0.0059,14.9254,9.7881,-0.0411,0.0347,2.02
46.450,14.9628,9.7615,-0.0072,14.9130,9.7716,-0.0276,0.0508,1.17
46.500,14.9778,9.7614,-0.0071,14.9214,9.7846,0.0063,0.0610,0.77
46.550,14.9928,9.7613,-0.0069,14.9466,9.7710,-0.0123,0.0472,0.31
46.600,15.0078,9.7612,-0.0069,14.9712,9.7794,-0.0321,0.0409,1.44
46.650,15.0228,9.7611,-0.0069,14.9673,9.7738,-0.0161,0.0569,0.52
46.700,15.0378,9.7610,-0.0086,14.9887,9.7770,-0.0239,0.0516,0.87
46.750,15.0528,9.7609,-0.0101,14.9969,9.7826,0.0168,0.0600,1.54
46.800,15.0678,9.7607,-0.0104,15.0285,9.7788,0.0165,0.0433,1.54
46.850,15.0828,9.7606,-0.0102,15.0481,9.7681,0.0079,0.0355,1.04
46.900,15.0978,9.7604,-0.0101,15.0690,9.7661,-0.0024,0.0294,0.44
46.950,15.1128,9.7603,-0.0083,15.0679,9.7581,0.0181,0.0449,1.51
47.000,15.1278,9.7601,-0.0065,15.0806,9.7490,-0.0059,0.0485,0.04
47.050,15.1428,9.7600,-0.0052,15.1102,9.7479,-0.0029,0.0348,0.13
47.100,15.1578,9.7600,-0.0031,15.1383,9.7636,-0.0279,0.0198,1.42
47.150,15.1728,9.7599,-0.0009,15.1717,9.7411,-0.0015,0.0189,0.04
47.200,15.1878,9.7599,0.0002,15.1928,9.7334,-0.0023,0.0270,0.14
47.250,15.2028,9.7599,0.0010,15.2086,9.7391,0.0263,0.0216,1.45
47.300,15.2178,9.7599,0.0008,15.2178,9.7532,0.0075,0.0067,0.38
47.350,15.2328,9.7599,0.0015,15.2213,9.7666,0.0138,0.0133,0.70
47.400,15.2478,9.7600,0.0029,15.2288,9.7622,-0.0046,0.0191,0.43
47.450,15.2628,9.7600,0.0028,15.2489,9.7507,-0.0074,0.0167,0.58
47.500,15.2778,9.7600,0.0034,15.2613,9.7631,0.0177,0.0168,0.82
47.550,15.2928,9.7601,0.0053,15.2748,9.7483,0.0249,0.0216,1.12
47.600,15.3078,9.7602,0.0066,15.2834,9.7330,0.0140,0.0366,0.43
47.650,15.3228,9.7603,0.0079,15.3071,9.7335,0.0320,0.0311,1.38
47.700,15.3378,9.7604,0.0101,15.2976,9.7432,0.0131,0.0437,0.17
47.750,15.3528,9.7605,0.0129,15.2977,9.7338,0.0029,0.0612,0.57
47.800,15.3678,9.7607,0.0149,15.3401,9.7134,0.0234,0.0549,0.49
47.850,15.3828,9.7610,0.0179,15.3578,9.7310,0.0157,0.0390,0.13
47.900,15.3978,9.7612,0.0197,15.3824,9.7184,0.0094,0.0455,0.59
47.950,15.4128,9.7615,0.0217,15.4134,9.7292,0.0291,0.0323,0.42
48.000,15.4278,9.7619,0.0233,15.4208,9.7307,0.0175,0.0320,0.33
48.050,15.4428,9.7622,0.0231,15.4200,9.7300,0.0318,0.0395,0.50
48.100,15.4578,9.7626,0.0218,15.4296,9.7509,0.0525,0.0305,1.76
48.150,15.4728,9.7629,0.0199,15.4426,9.7762,0.0370,0.0330,0.98
48.200,15.4878,9.7632,0.0183,15.4450,9.7930,0.0225,0.0521,0.24
48.250,15.5028,9.7635,0.0186,15.4691,9.7911,0.0185,0.0435,0.01
48.300,15.5178,9.7637,0.0187,15.4985,9.7675,0.0054,0.0197,0.76
48.350,15.5328,9.7640,0.0180,15.5166,9.7666,0.0117,0.0164,0.36
48.400,15.5478,9.7643,0.0168,15.5371,9.7801,0.0104,0.0191,0.36
48.450,15.5628,9.7645,0.0161,15.5492,9.7802,0.0282,0.0208,0.69
48.500,15.5778,9.7648,0.0168,15.5712,9.7770,0.0194,0.0139,0.15
48.550,15.5928,9.7650,0.0169,15.5746,9.7616,0.0038,0.0185,0.75
48.600,15.6077,9.7653,0.0151,15.5848,9.7625,0.0209,0.0231,0.33
48.650,15.6227,9.7655,0.0136,15.6030,9.7888,0.0352,0.0305,1.24
48.700,15.6377,9.7657,0.0121,15.6195,9.7862,0.0287,0.0274,0.95
48.750,15.6527,9.7659,0.0116,15.6410,9.7911,0.0199,0.0278,0.48
48.800,15.6677,9.7661,0.0110,15.6312,9.7773,0.0105,0.0382,0.03
48.850,15.6827,9.7662,0.0077,15.6395,9.7847,0.0050,0.0470,0.15
48.900,15.6977,9.7663,0.0052,15.6467,9.8097,0.0393,0.0670,1.95
48.950,15.7127,9.7664,0.0028,15.6692,9.8059,0.0227,0.0587,1.14
49.000,15.7277,9.7665,0.0034,15.6940,9.8018,0.0251,0.0487,1.24
49.050,15.7427,9.7665,0.0043,15.7346,9.7671,0.0018,0.0081,0.15
49.100,15.7577,9.7666,0.0059,15.7221,9.7589,0.0083,0.0364,0.14
49.150,15.7727,9.7667,0.0072,15.7440,9.7556,-0.0062,0.0308,0.77
49.200,15.7877,9.7668,0.0088,15.7599,9.7583,0.0041,0.0291,0.27
49.250,15.8027,9.7669,0.0095,15.7669,9.7500,0.0097,0.0396,0.01
49.300,15.8177,9.7671,0.0117,15.7789,9.7528,0.0334,0.0413,1.24
49.350,15.8327,9.7672,0.0138,15.7694,9.7438,0.0081,0.0675,0.33
49.400,15.8477,9.7674,0.0154,15.7931,9.7411,0.0199,0.0606,0.26
49.450,15.8627,9.7677,0.0160,15.8487,9.7518,0.0167,0.0212,0.04
49.500,15.8777,9.7679,0.0174,15.8646,9.7594,0.0274,0.0156,0.57
49.550,15.8927,9.7682,0.0185,15.8618,9.7488,0.0283,0.0365,0.56
49.600,15.9077,9.7684,0.0191,15.8959,9.7539,0.0256,0.0187,0.37
49.650,15.9227,9.7687,0.0179,15.9016,9.7641,0.0164,0.0216,0.09
49.700,15.9377,9.7690,0.0176,15.9212,9.7850,0.0206,0.0230,0.17
49.750,15.9527,9.7693,0.0156,15.9091,9.7772,0.0121,0.0444,0.20
49.800,15.9677,9.7695,0.0163,15.9174,9.7899,0.0343,0.0543,1.03
49.850,15.9827,9.7697,0.0150,15.9222,9.7631,0.0147,0.0608,0.01
49.900,15.9977,9.7700,0.0147,15.9588,9.7874,0.0279,0.0426,0.75
49.950,16.0127,9.7702,0.0157,15.9542,9.7681,0.0346,0.0585,1.09
50.000,16.0277,9.7704,0.0162,15.9843,9.7692,-0.0114,0.0434,1.58
50.050,16.0427,9.7707,0.0165,16.0035,9.7766,-0.0087,0.0396,1.44
50.100,16.0577,9.7709,0.0166,16.0394,9.7835,-0.0164,0.0222,1.89
50.150,16.0727,9.7712,0.0161,16.0410,9.7702,0.0190,0.0317,0.17
50.200,16.0877,9.7714,0.0167,16.0635,9.7783,0.0213,0.0252,0.26
50.250,16.1027,9.7717,0.0179,16.0689,9.7648,0.0146,0.0345,0.19
50.300,16.1177,9.7719,0.0176,16.0809,9.7509,0.0210,0.0424,0.19
50.350,16.1327,9.7722,0.0173,16.1141,9.7703,0.0324,0.0187,0.87
50.400,16.1477,9.7724,0.0167,16.1182,9.7785,0.0173,0.0301,0.03
50.450,16.1627,9.7727,0.0153,16.1423,9.7978,-0.0097,0.0324,1.43
50.500,16.1777,9.7729,0.0149,16.1418,9.7887,0.0340,0.0392,1.10
50.550,16.1927,9.7731,0.0151,16.1768,9.7695,0.0387,0.0163,1.35
50.600,16.2077,9.7734,0.0142,16.1896,9.7822,-0.0050,0.0201,1.10
50.650,16.2227,9.7736,0.0149,16.1881,9.7888,0.0178,0.0378,0.16
50.700,16.2377,9.7738,0.0144,16.1938,9.7792,-0.0153,0.0442,1.70
50.750,16.2527,9.7740,0.0136,16.1991,9.7915,0.0005,0.0564,0.75
50.800,16.2677,9.7742,0.0135,16.2405,9.8007,-0.0075,0.0380,1.20
50.850,16.2827,9.7744,0.0135,16.2531,9.7848,0.0009,0.0314,0.72
50.900,16.2977,9.7746,0.0127,16.2758,9.7781,0.0112,0.0222,0.09
50.950,16.3127,9.7748,0.0102,16.2677,9.7918,0.0133,0.0481,0.18
51.000,16.3277,9.7750,0.0094,16.3106,9.8043,0.0424,0.0339,1.89
51.050,16.3427,9.7751,0.0095,16.2970,9.8096,-0.0226,0.0573,1.84
51.100,16.3577,9.7753,0.0087,16.3215,9.7875,-0.0112,0.0382,1.14
51.150,16.3727,9.7754,0.0094,16.3702,9.7930,0.0140,0.0178,0.26
51.200,16.3877,9.7755,0.0100,16.3753,9.7768,-0.0064,0.0125,0.94
51.250,16.4027,9.7757,0.0092,16.3991,9.7714,0.0072,0.0056,0.11
51.300,16.4177,9.7758,0.0105,16.4089,9.7882,0.0219,0.0152,0.65
51.350,16.4327,9.7760,0.0101,16.4024,9.7518,0.0262,0.0388,0.92
51.400,16.4477,9.7761,0.0112,16.4152,9.7777,0.0271,0.0326,0.91
51.450,16.4627,9.7763,0.0104,16.4406,9.7634,0.0124,0.0256,0.12
51.500,16.4777,9.7765,0.0116,16.4577,9.7898,0.0192,0.0240,0.44
51.550,16.4927,9.7766,0.0126,16.4824,9.7624,0.0108,0.0175,0.10
51.600,16.5077,9.7768,0.0127,16.4985,9.7727,-0.0034,0.0101,0.92
51.650,16.5227,9.7770,0.0127,16.5042,9.7762,0.0207,0.0186,0.46
51.700,16.5377,9.7772,0.0119,16.5130,9.7805,0.0134,0.0249,0.09
51.750,16.5527,9.7774,0.0133,16.5358,9.7894,0.0180,0.0207,0.27
51.800,16.5677,9.7776,0.0136,16.5519,9.7768,-0.0199,0.0158,1.92
51.850,16.5827,9.7778,0.0109,16.5504,9.7903,-0.0140,0.0346,1.43
51.900,16.5977,9.7779,0.0111,16.5811,9.8049,0.0347,0.0317,1.35
51.950,16.6127,9.7781,0.0140,16.5856,9.7778,0.0167,0.0271,0.15
52.000,16.6277,9.7783,0.0160,16.6177,9.7486,0.0110,0.0313,0.29
52.050,16.6427,9.7786,0.0175,16.6410,9.7552,0.0230,0.0235,0.32
52.100,16.6577,9.7788,0.0180,16.6452,9.7641,0.0122,0.0193,0.33
52.150,16.6727,9.7791,0.0176,16.6685,9.7808,0.0030,0.0045,0.83
52.200,16.6876,9.7794,0.0162,16.6849,9.7929,0.0028,0.0138,0.77
52.250,16.7026,9.7796,0.0150,16.6786,9.7979,0.0196,0.0302,0.26
52.300,16.7176,9.7798,0.0162,16.7089,9.7982,0.0164,0.0204,0.01
52.350,16.7326,9.7801,0.0169,16.6953,9.7754,-0.0059,0.0376,1.31
52.400,16.7476,9.7803,0.0164,16.7270,9.7604,0.0389,0.0286,1.29
52.450,16.7626,9.7806,0.0138,16.7406,9.7828,0.0308,0.0221,0.97
52.500,16.7776,9.7808,0.0130,16.7660,9.8215,0.0221,0.0423,0.52
52.550,16.7926,9.7810,0.0131,16.7750,9.7967,0.0173,0.0236,0.24
52.600,16.8076,9.7812,0.0130,16.7700,9.7783,0.0206,0.0377,0.44
52.650,16.8226,9.7814,0.0133,16.7955,9.7711,0.0435,0.0290,1.73
52.700,16.8376,9.7816,0.0149,16.8036,9.7617,0.0458,0.0394,1.77
52.750,16.8526,9.7818,0.0156,16.8245,9.7528,0.0242,0.0404,0.49
52.800,16.8676,9.7820,0.0166,16.8104,9.7638,0.0306,0.0600,0.80
52.850,16.8826,9.7823,0.0171,16.8381,9.7525,0.0472,0.0536,1.72
52.900,16.8976,9.7825,0.0183,16.8591,9.7617,0.0414,0.0437,1.32
52.950,16.9126,9.7828,0.0206,16.8800,9.7571,0.0310,0.0416,0.60
53.000,16.9276,9.7831,0.0212,16.9064,9.7583,-0.0107,0.0326,1.83
53.050,16.9426,9.7834,0.0204,16.9179,9.7722,0.0229,0.0271,0.15
53.100,16.9576,9.7837,0.0192,16.9357,9.7970,0.0176,0.0256,0.09
53.150,16.9726,9.7840,0.0185,16.9641,9.8059,0.0131,0.0235,0.31
53.200,16.9876,9.7843,0.0171,16.9629,9.8044,0.0018,0.0318,0.88
53.250,17.0026,9.7845,0.0180,16.9785,9.8012,0.0304,0.0293,0.71
53.300,17.0176,9.7848,0.0192,16.9922,9.7737,0.0086,0.0278,0.61
53.350,17.0321,9.7851,0.0198,17.0033,9.7623,0.0225,0.0367,0.16
53.400,17.0463,9.7854,0.0196,17.0335,9.7735,0.0214,0.0174,0.10
53.450,17.0605,9.7857,0.0203,17.0481,9.7769,0.0418,0.0152,1.23
53.500,17.0743,9.7859,0.0192,17.0553,9.7654,0.0322,0.0279,0.75
53.550,17.0875,9.7862,0.0188,17.0802,9.8007,0.0259,0.0163,0.41
53.600,17.1004,9.7864,0.0204,17.1194,9.7831,0.0380,0.0193,1.01
53.650,17.1138,9.7867,0.0212,17.1426,9.7771,-0.0176,0.0303,2.22
53.700,17.1269,9.7870,0.0209,17.1084,9.7746,0.0137,0.0222,0.41
53.750,17.1395,9.7872,0.0205,17.1246,9.7860,0.0301,0.0149,0.55
53.800,17.1523,9.7875,0.0192,17.1595,9.7905,0.0228,0.0078,0.20
53.850,17.1655,9.7878,0.0182,17.1485,9.8070,0.0196,0.0257,0.08
53.900,17.1783,9.7880,0.0176,17.1195,9.7993,0.0253,0.0599,0.44
53.950,17.1908,9.7882,0.0167,17.1469,9.7983,0.0149,0.0450,0.10
54.000,17.2030,9.7884,0.0155,17.1636,9.8002,0.0198,0.0411,0.25
54.050,17.2149,9.7886,0.0159,17.1846,9.7908,0.0501,0.0304,1.96
54.100,17.2267,9.7888,0.0168,17.2109,9.7749,0.0295,0.0211,0.73
54.150,17.2385,9.7890,0.0165,17.2118,9.7751,0.0138,0.0301,0.15
54.200,17.2501,9.7892,0.0158,17.2164,9.7932,0.0161,0.0339,0.02
54.250,17.2615,9.7894,0.0139,17.2237,9.8022,0.0110,0.0399,0.16
54.300,17.2727,9.7895,0.0129,17.2402,9.8159,0.0191,0.0419,0.36
54.350,17.2837,9.7897,0.0122,17.2538,9.8143,-0.0019,0.0387,0.81
54.400,17.2943,9.7898,0.0130,17.2641,9.7942,0.0248,0.0305,0.67
54.450,17.3045,9.7899,0.0143,17.2940,9.7876,-0.0044,0.0107,1.07
54.500,17.3144,9.7901,0.0152,17.3218,9.7821,-0.0036,0.0109,1.08
54.550,17.3242,9.7902,0.0163,17.3434,9.7679,0.0395,0.0294,1.33
54.600,17.3339,9.7904,0.0162,17.3458,9.7762,0.0183,0.0186,0.12
54.650,17.3438,9.7905,0.0182,17.3498,9.7900,0.0200,0.0061,0.10
54.700,17.3536,9.7907,0.0183,17.3402,9.7651,0.0155,0.0289,0.16
54.750,17.3633,9.7909,0.0166,17.3506,9.7874,0.0176,0.0132,0.06
54.800,17.3727,9.7910,0.0146,17.3545,9.7984,0.0479,0.0196,1.91
54.850,17.3821,9.7912,0.0134,17.3739,9.7940,0.0642,0.0087,2.91
54.900,17.3912,9.7913,0.0147,17.3709,9.8008,0.0264,0.0224,0.67
54.950,17.3996,9.7914,0.0168,17.3952,9.7755,0.0159,0.0165,0.05
55.000,17.4078,9.7916,0.0185,17.4363,9.7674,0.0131,0.0374,0.31
55.050,17.4162,9.7917,0.0200,17.4563,9.7753,0.0029,0.0433,0.98
55.100,17.4249,9.7919,0.0207,17.4380,9.7647,0.0352,0.0302,0.83
55.150,17.4335,9.7921,0.0214,17.4257,9.7824,0.0175,0.0125,0.22
55.200,17.4418,9.7922,0.0208,17.4272,9.7850,0.0129,0.0163,0.45
55.250,17.4501,9.7924,0.0203,17.4427,9.7909,0.0323,0.0075,0.69
55.300,17.4584,9.7926,0.0199,17.4507,9.7972,0.0199,0.0089,0.00
55.350,17.4667,9.7928,0.0185,17.4467,9.8019,0.0018,0.0219,0.96
55.400,17.4749,9.7929,0.0199,17.4421,9.8147,0.0012,0.0394,1.07
55.450,17.4831,9.7931,0.0197,17.4514,9.7908,-0.0213,0.0318,2.35
55.500,17.4914,9.7932,0.0182,17.4539,9.7990,0.0028,0.0379,0.88
55.550,17.4993,9.7934,0.0182,17.4477,9.8097,0.0190,0.0541,0.04
55.600,17.5071,9.7935,0.0178,17.4756,9.7940,0.0106,0.0315,0.41
55.650,17.5146,9.7936,0.0175,17.4767,9.7994,0.0127,0.0383,0.27
55.700,17.5220,9.7938,0.0169,17.5051,9.7874,0.0349,0.0180,1.03
55.750,17.5290,9.7939,0.0164,17.5020,9.8061,0.0056,0.0296,0.62
55.800,17.5362,9.7940,0.0153,17.5323,9.8143,-0.0144,0.0207,1.70
55.850,17.5429,9.7941,0.0125,17.5233,9.8134,0.0071,0.0275,0.31
55.900,17.5498,9.7942,0.0128,17.5524,9.8244,0.0283,0.0303,0.89
55.950,17.5566,9.7943,0.0128,17.5447,9.8080,-0.0245,0.0181,2.14
56.000,17.5635,9.7944,0.0126,17.5460,9.7957,0.0093,0.0175,0.19
56.050,17.5701,9.7945,0.0118,17.5357,9.7986,0.0088,0.0346,0.17
56.100,17.5767,9.7945,0.0113,17.5584,9.8063,0.0096,0.0217,0.10
56.150,17.5832,9.7946,0.0121,17.5622,9.7972,0.0205,0.0212,0.48
56.200,17.5895,9.7947,0.0113,17.5648,9.7851,0.0125,0.0265,0.07
56.250,17.5960,9.7948,0.0108,17.5832,9.7911,0.0422,0.0134,1.80
56.300,17.6024,9.7948,0.0114,17.5670,9.7970,0.0210,0.0354,0.55
56.350,17.6084,9.7949,0.0135,17.5740,9.7945,-0.0026,0.0344,0.92
56.400,17.6142,9.7950,0.0114,17.6015,9.7785,-0.0023,0.0208,0.78
56.450,17.6199,9.7950,0.0099,17.6100,9.8184,0.0062,0.0254,0.21
56.500,17.6253,9.7951,0.0098,17.6192,9.8174,-0.0063,0.0232,0.92
56.550,17.6308,9.7952,0.0114,17.6441,9.8062,-0.0152,0.0173,1.53
56.600,17.6364,9.7952,0.0134,17.6340,9.7858,0.0005,0.0097,0.74
56.650,17.6418,9.7953,0.0150,17.6258,9.7748,0.0154,0.0260,0.02
56.700,17.6468,9.7954,0.0155,17.6379,9.7751,0.0309,0.0222,0.88
56.750,17.6516,9.7954,0.0146,17.6720,9.7883,0.0256,0.0216,0.63
56.800,17.6565,9.7955,0.0158,17.6779,9.7991,0.0212,0.0217,0.31
56.850,17.6616,9.7956,0.0192,17.6724,9.7786,0.0382,0.0202,1.09
56.900,17.6667,9.7957,0.0209,17.6607,9.7649,0.0263,0.0314,0.31
56.950,17.6718,9.7958,0.0245,17.6674,9.7680,0.0573,0.0281,1.88
57.000,17.6768,9.7959,0.0279,17.6593,9.7613,0.0316,0.0388,0.21
57.050,17.6818,9.7961,0.0293,17.6683,9.7589,0.0483,0.0395,1.09
57.100,17.6867,9.7962,0.0315,17.6689,9.7866,0.0075,0.0202,1.38
57.150,17.6916,9.7964,0.0335,17.6702,9.7771,0.0223,0.0288,0.64
57.200,17.6965,9.7965,0.0338,17.6767,9.7773,0.0254,0.0276,0.48
57.250,17.7013,9.7967,0.0329,17.6762,9.7847,0.0411,0.0278,0.47
57.300,17.7062,9.7968,0.0331,17.6766,9.7922,0.0433,0.0299,0.58
57.350,17.7110,9.7970,0.0335,17.6734,9.7812,0.0538,0.0408,1.17
57.400,17.7159,9.7972,0.0346,17.6787,9.7836,0.0415,0.0396,0.39
57.450,17.7203,9.7973,0.0340,17.6757,9.7826,0.0296,0.0470,0.25
57.500,17.7243,9.7975,0.0300,17.7068,9.7966,0.0234,0.0175,0.38
57.550,17.7285,9.7976,0.0304,17.7315,9.8081,0.0421,0.0109,0.67
57.600,17.7326,9.7977,0.0308,17.7248,9.7867,0.0420,0.0135,0.64
57.650,17.7365,9.7978,0.0323,17.7250,9.7797,0.0655,0.0215,1.90
57.700,17.7404,9.7980,0.0311,17.7403,9.7806,0.0484,0.0174,0.99
57.750,17.7444,9.7981,0.0296,17.7410,9.7919,0.0517,0.0071,1.26
57.800,17.7485,9.7982,0.0251,17.7317,9.7955,0.0442,0.0170,1.09
57.850,17.7524,9.7983,0.0214,17.7269,9.8173,0.0191,0.0318,0.13
57.900,17.7561,9.7984,0.0185,17.7424,9.8090,0.0283,0.0173,0.56
57.950,17.7599,9.7984,0.0144,17.7514,9.8069,0.0207,0.0120,0.36
58.000,17.7635,9.7985,0.0105,17.7447,9.8128,0.0203,0.0236,0.56
58.050,17.7668,9.7985,0.0079,17.7636,9.8117,0.0115,0.0135,0.21
58.100,17.7697,9.7986,0.0087,17.7804,9.8079,0.0025,0.0142,0.36
58.150,17.7729,9.7986,0.0117,17.8029,9.7961,0.0090,0.0301,0.16
58.200,17.7760,9.7986,0.0165,17.7871,9.7881,0.0128,0.0153,0.21
58.250,17.7792,9.7987,0.0198,17.7965,9.7858,0.0046,0.0216,0.87
58.300,17.7827,9.7987,0.0256,17.7887,9.7847,0.0262,0.0152,0.04
58.350,17.7863,9.7988,0.0293,17.7666,9.7769,0.0082,0.0294,1.21
58.400,17.7900,9.7989,0.0354,17.7588,9.7854,0.0009,0.0340,1.98
58.450,17.7935,9.7991,0.0378,17.7519,9.7717,0.0117,0.0498,1.49
58.500,17.7971,9.7992,0.0384,17.7692,9.7846,0.0290,0.0315,0.54
58.550,17.8003,9.7993,0.0386,17.7618,9.7890,0.0372,0.0399,0.08
58.600,17.8034,9.7994,0.0446,17.7843,9.7960,0.0155,0.0194,1.67
58.650,17.8066,9.7996,0.0476,17.7942,9.7774,0.0264,0.0254,1.21
58.700,17.8099,9.7997,0.0511,17.7913,9.7858,0.0252,0.0232,1.48
58.750,17.8130,9.7999,0.0552,17.7790,9.7784,0.0457,0.0402,0.54
58.800,17.8163,9.8001,0.0547,17.7925,9.7751,0.0631,0.0345,0.48
58.850,17.8194,9.8003,0.0584,17.7807,9.7877,0.0626,0.0407,0.24
58.900,17.8225,9.8004,0.0614,17.7923,9.7783,0.0523,0.0375,0.52
58.950,17.8255,9.8006,0.0642,17.7992,9.7762,0.0778,0.0359,0.78
59.000,17.8281,9.8008,0.0618,17.7997,9.7771,0.0758,0.0370,0.80
59.050,17.8307,9.8009,0.0560,17.8266,9.7926,0.0713,0.0093,0.88
59.100,17.8328,9.8011,0.0307,17.8244,9.7982,0.0777,0.0089,2.69
59.150,17.8348,9.8011,0.0080,17.8623,9.8256,0.0546,0.0368,2.67
59.200,17.8368,9.8011,-0.0053,17.8683,9.8240,0.0246,0.0389,1.71
59.250,17.8386,9.8011,0.0070,17.8700,9.8174,-0.0165,0.0354,1.35
59.300,17.8407,9.8011,0.0042,17.8776,9.7884,-0.0066,0.0390,0.62
59.350,17.8432,9.8012,0.0089,17.8622,9.8023,0.0097,0.0190,0.05
59.400,17.8451,9.8012,-0.0048,17.8360,9.7902,0.0077,0.0142,0.71
59.450,17.8467,9.8012,0.0073,17.8710,9.8105,0.0373,0.0260,1.72
59.500,17.8485,9.8012,0.0042,17.8954,9.7881,0.0284,0.0487,1.38
59.550,17.8505,9.8012,0.0072,17.8765,9.8010,0.0174,0.0260,0.59
59.600,17.8527,9.8012,-0.0048,17.8711,9.7951,0.0117,0.0193,0.94
59.650,17.8548,9.8012,-0.0113,17.8552,9.8153,0.0119,0.0141,1.33
59.700,17.8572,9.8012,-0.0213,17.8538,9.8069,0.0169,0.0066,2.19
59.750,17.8594,9.8011,-0.0274,17.8456,9.8206,-0.0287,0.0239,0.08
59.800,17.8619,9.8011,-0.0258,17.8518,9.8131,-0.0282,0.0157,0.14
59.850,17.8642,9.8010,-0.0272,17.8314,9.8027,-0.0329,0.0328,0.33
59.900,17.8663,9.8009,-0.0337,17.8487,9.8072,-0.0340,0.0187,0.01
59.950,17.8687,9.8009,-0.0307,17.8584,9.8089,-0.0009,0.0131,1.71
60.000,17.8708,9.8008,-0.0327,17.8442,9.8047,-0.0611,0.0269,1.63
60.050,17.8733,9.8007,-0.0285,17.8556,9.8054,-0.0182,0.0183,0.59
60.100,17.8757,9.8006,-0.0199,17.8350,9.7967,-0.0268,0.0408,0.40
60.150,17.8780,9.8006,-0.0110,17.8434,9.7899,-0.0252,0.0362,0.81
60.200,17.8800,9.8006,-0.0053,17.8468,9.7881,-0.0142,0.0355,0.51
60.250,17.8819,9.8006,-0.0050,17.8650,9.7884,0.0338,0.0208,2.22
60.300,17.8836,9.8006,0.0146,17.8729,9.7989,0.0063,0.0109,0.48
60.350,17.8853,9.8006,0.0384,17.8877,9.7790,0.0347,0.0217,0.21
60.400,17.8872,9.8006,0.0593,17.8885,9.7759,0.0304,0.0247,1.66
60.450,17.8892,9.8008,0.0624,17.8826,9.7719,0.0655,0.0296,0.18
60.500,17.8908,9.8009,0.0738,17.8628,9.7914,0.0351,0.0295,2.22
60.550,17.8925,9.8010,0.0848,17.8926,9.7830,0.0741,0.0180,0.61
60.600,17.8925,9.8010,0.0098,17.8930,9.7835,0.0732,0.0175,3.63
60.650,17.8925,9.8010,-0.0652,17.9142,9.7829,0.0903,0.0283,8.91
62.350,17.8925,9.8010,-0.1402,17.8751,9.8221,-1.4923,0.0273,77.47
62.400,17.8925,9.8010,-0.2152,17.8591,9.8194,-1.5061,0.0382,73.96
62.450,17.8925,9.8010,-0.2902,17.8766,9.7806,-1.4746,0.0258,67.86
62.500,17.8925,9.8010,-0.3652,17.8542,9.7777,-1.4788,0.0449,63.81
62.550,17.8925,9.8010,-0.4402,17.8758,9.7485,-1.4936,0.0551,60.35
62.600,17.8925,9.8010,-0.5152,17.8822,9.7372,-1.4924,0.0646,55.99
62.650,17.8925,9.8010,-0.5902,17.8729,9.7351,-1.4925,0.0687,51.70
62.700,17.8925,9.8010,-0.6652,17.8607,9.7071,-1.5054,0.0991,48.14
62.750,17.8925,9.8010,-0.7402,17.8676,9.7003,-1.5184,0.1037,44.59
62.800,17.8925,9.8010,-0.8152,17.8673,9.6790,-1.5058,0.1245,39.57
62.850,17.8925,9.8010,-0.8891,17.8747,9.6599,-1.4950,0.1422,34.71
62.900,17.8925,9.8010,-0.9557,17.9073,9.6366,-1.5108,0.1650,31.81
62.950,17.8925,9.8010,-1.0156,17.9294,9.6222,-1.4546,0.1826,25.15
63.000,17.8925,9.8010,-1.0695,17.9284,9.6116,-1.4620,0.1928,22.49
63.050,17.8925,9.8010,-1.1180,17.9145,9.5699,-1.4737,0.2322,20.38
63.100,17.8925,9.8010,-1.1617,17.9056,9.5557,-1.4766,0.2456,18.04
63.150,17.8925,9.8010,-1.2010,17.9027,9.5356,-1.4898,0.2656,16.55
63.200,17.8925,9.8010,-1.2364,17.9001,9.5357,-1.4857,0.2654,14.28
63.250,17.8925,9.8010,-1.2682,17.9228,9.5242,-1.4976,0.2785,13.14
63.300,17.8925,9.8010,-1.2968,17.9309,9.5259,-1.4899,0.2778,11.07
63.350,17.8925,9.8010,-1.3226,17.9129,9.5232,-1.4843,0.2786,9.26
63.400,17.8925,9.8010,-1.3458,17.9164,9.5010,-1.4743,0.3009,7.36
63.450,17.8925,9.8010,-1.3667,17.9001,9.4694,-1.5341,0.3317,9.59
63.500,17.8925,9.8010,-1.3855,17.9047,9.4490,-1.5103,0.3522,7.15
63.550,17.8925,9.8010,-1.4024,17.9072,9.4553,-1.5188,0.3460,6.67
63.600,17.8925,9.8010,-1.4177,17.9050,9.4518,-1.5313,0.3495,6.51
63.650,17.8925,9.8010,-1.4314,17.9183,9.4041,-1.4738,0.3977,2.43
63.700,17.8925,9.8010,-1.4437,17.9105,9.3815,-1.5024,0.4199,3.37
63.750,17.8925,9.8010,-1.4548,17.9336,9.3808,-1.4854,0.4222,1.75
63.800,17.8925,9.8010,-1.4648,17.9328,9.3734,-1.5217,0.4295,3.26
63.850,17.8925,9.8010,-1.4738,17.9261,9.3713,-1.5439,0.4310,4.02
63.900,17.8925,9.8010,-1.4819,17.9338,9.3672,-1.5273,0.4358,2.60
63.950,17.8938,9.7861,-1.4822,17.9376,9.3505,-1.5156,0.4378,1.91
64.000,17.8951,9.7711,-1.4810,17.8974,9.3041,-1.5037,0.4670,1.30
64.050,17.8965,9.7562,-1.4819,17.8925,9.2982,-1.5261,0.4580,2.53
64.100,17.8978,9.7412,-1.4811,17.9085,9.2933,-1.5127,0.4481,1.81
64.150,17.8991,9.7263,-1.4812,17.9168,9.2762,-1.5367,0.4504,3.18
64.200,17.9005,9.7114,-1.4818,17.9077,9.2627,-1.5474,0.4488,3.76
64.250,17.9018,9.6964,-1.4817,17.9368,9.2374,-1.5259,0.4603,2.53
64.300,17.9031,9.6815,-1.4802,17.9155,9.2042,-1.5031,0.4775,1.31
64.350,17.9045,9.6665,-1.4788,17.9133,9.1813,-1.5307,0.4853,2.97
64.400,17.9059,9.6516,-1.4777,17.9181,9.1755,-1.5340,0.4763,3.23
64.450,17.9073,9.6367,-1.4774,17.9419,9.1660,-1.5308,0.4720,3.06
64.500,17.9087,9.6217,-1.4790,17.9420,9.1637,-1.5452,0.4592,3.79
64.550,17.9101,9.6068,-1.4839,17.9459,9.1556,-1.5483,0.4527,3.69
64.600,17.9114,9.5918,-1.4884,17.9500,9.1317,-1.5285,0.4617,2.30
64.650,17.9126,9.5769,-1.4913,17.9428,9.1261,-1.5602,0.4518,3.95
64.700,17.9138,9.5619,-1.4936,17.9633,9.0857,-1.5391,0.4788,2.61
64.750,17.9149,9.5470,-1.4953,17.9754,9.0908,-1.5753,0.4602,4.59
64.800,17.9161,9.5320,-1.4969,17.9571,9.0920,-1.5668,0.4419,4.01
64.850,17.9172,9.5171,-1.4995,17.9395,9.0728,-1.6017,0.4449,5.85
64.900,17.9182,9.5021,-1.5029,17.9396,9.0478,-1.5701,0.4548,3.85
64.950,17.9193,9.4871,-1.5053,17.9393,9.0292,-1.5511,0.4583,2.62
65.000,17.9202,9.4722,-1.5082,17.9211,9.0155,-1.5695,0.4567,3.51
65.050,17.9212,9.4572,-1.5083,17.9176,8.9904,-1.5810,0.4668,4.17
65.100,17.9221,9.4422,-1.5094,17.9230,8.9559,-1.5534,0.4863,2.52
65.150,17.9230,9.4273,-1.5104,17.9231,8.9528,-1.5563,0.4745,2.63
65.200,17.9239,9.4123,-1.5109,17.9229,8.9437,-1.5473,0.4686,2.09
65.250,17.9248,9.3973,-1.5138,17.9323,8.9370,-1.5428,0.4604,1.66
65.300,17.9257,9.3823,-1.5154,17.9305,8.9099,-1.5614,0.4724,2.64
65.350,17.9265,9.3674,-1.5188,17.9446,8.9144,-1.5395,0.4533,1.19
65.400,17.9273,9.3524,-1.5212,17.9518,8.8934,-1.5831,0.4597,3.54
65.450,17.9280,9.3374,-1.5224,17.9327,8.8546,-1.5647,0.4828,2.42
65.500,17.9288,9.3224,-1.5246,17.9482,8.8298,-1.5497,0.4930,1.44
65.550,17.9295,9.3074,-1.5274,17.9652,8.8249,-1.5710,0.4838,2.50
65.600,17.9301,9.2925,-1.5281,17.9700,8.8057,-1.5522,0.4885,1.38
65.650,17.9308,9.2775,-1.5278,17.9572,8.7912,-1.5278,0.4870,0.00
65.700,17.9314,9.2625,-1.5288,17.9513,8.7681,-1.5592,0.4948,1.74
65.750,17.9320,9.2475,-1.5296,17.9482,8.7640,-1.5770,0.4838,2.71
65.800,17.9326,9.2325,-1.5295,17.9446,8.7612,-1.5645,0.4714,2.00
65.850,17.9333,9.2175,-1.5318,17.9506,8.7584,-1.5713,0.4594,2.26
65.900,17.9339,9.2025,-1.5335,17.9304,8.7433,-1.5599,0.4593,1.51
65.950,17.9344,9.1875,-1.5341,17.9303,8.7294,-1.5697,0.4582,2.04
66.000,17.9350,9.1725,-1.5350,17.9103,8.7251,-1.6054,0.4481,4.03
66.050,17.9355,9.1576,-1.5373,17.9216,8.6697,-1.5902,0.4881,3.03
66.100,17.9360,9.1426,-1.5393,17.9456,8.6478,-1.5584,0.4949,1.09
66.150,17.9365,9.1276,-1.5413,17.9301,8.6436,-1.5662,0.4841,1.43
66.200,17.9369,9.1126,-1.5442,17.9108,8.6456,-1.5754,0.4677,1.79
66.250,17.9373,9.0976,-1.5457,17.9077,8.6258,-1.5567,0.4727,0.63
66.300,17.9377,9.0826,-1.5492,17.9093,8.5994,-1.5558,0.4840,0.38
66.350,17.9380,9.0676,-1.5524,17.9003,8.5873,-1.5578,0.4818,0.31
66.400,17.9383,9.0526,-1.5546,17.8994,8.5852,-1.5911,0.4690,2.09
66.450,17.9385,9.0376,-1.5546,17.9114,8.5711,-1.5671,0.4673,0.72
66.500,17.9388,9.0226,-1.5556,17.9039,8.5507,-1.5703,0.4732,0.84
66.550,17.9390,9.0076,-1.5572,17.9163,8.5316,-1.5649,0.4765,0.44
66.600,17.9392,8.9926,-1.5570,17.9229,8.5352,-1.5776,0.4576,1.18
66.650,17.9394,8.9776,-1.5561,17.9226,8.5026,-1.5516,0.4753,0.26
66.700,17.9396,8.9626,-1.5565,17.9375,8.4924,-1.5793,0.4702,1.30
66.750,17.9398,8.9476,-1.5568,17.9315,8.4565,-1.5864,0.4912,1.70
66.800,17.9401,8.9326,-1.5573,17.9543,8.4362,-1.5547,0.4966,0.15
66.850,17.9403,8.9176,-1.5587,17.9534,8.4437,-1.5721,0.4741,0.77
66.900,17.9404,8.9026,-1.5592,17.9374,8.4168,-1.5587,0.4858,0.03
66.950,17.9406,8.8876,-1.5615,17.9582,8.4304,-1.5575,0.4576,0.23
67.000,17.9408,8.8726,-1.5627,17.9642,8.4119,-1.5797,0.4613,0.97
67.050,17.9409,8.8576,-1.5631,17.9536,8.3909,-1.5755,0.4669,0.71
67.100,17.9410,8.8426,-1.5649,17.9292,8.3659,-1.5629,0.4768,0.12
67.150,17.9411,8.8276,-1.5670,17.9336,8.3517,-1.5471,0.4759,1.14
67.200,17.9411,8.8126,-1.5700,17.9358,8.3277,-1.5573,0.4849,0.73
67.250,17.9411,8.7976,-1.5729,17.9346,8.3411,-1.5702,0.4566,0.15
67.300,17.9411,8.7826,-1.5745,17.9546,8.3252,-1.5478,0.4576,1.53
67.350,17.9411,8.7676,-1.5754,17.9505,8.3188,-1.5685,0.4489,0.40
67.400,17.9410,8.7526,-1.5764,17.9494,8.3099,-1.5612,0.4428,0.87
67.450,17.9409,8.7376,-1.5776,17.9334,8.2918,-1.5677,0.4459,0.57
67.500,17.9408,8.7226,-1.5778,17.9533,8.2402,-1.5691,0.4825,0.50
67.550,17.9407,8.7076,-1.5778,17.9511,8.2229,-1.5716,0.4848,0.36
67.600,17.9406,8.6926,-1.5755,17.9561,8.2018,-1.5858,0.4911,0.59
67.650,17.9405,8.6776,-1.5742,17.9340,8.1889,-1.5662,0.4887,0.46
67.700,17.9405,8.6626,-1.5754,17.9375,8.1829,-1.5814,0.4797,0.34
67.750,17.9404,8.6476,-1.5753,17.9480,8.1704,-1.5321,0.4772,2.48
67.800,17.9403,8.6326,-1.5739,17.9449,8.1616,-1.5970,0.4710,1.32
67.850,17.9403,8.6176,-1.5727,17.9655,8.1438,-1.5857,0.4744,0.74
67.900,17.9403,8.6026,-1.5717,17.9585,8.1247,-1.5487,0.4783,1.32
67.950,17.9402,8.5876,-1.5701,17.9629,8.1181,-1.5744,0.4700,0.25
68.000,17.9403,8.5726,-1.5673,17.9624,8.1012,-1.5794,0.4720,0.69
68.050,17.9403,8.5576,-1.5661,17.9637,8.0782,-1.5663,0.4800,0.01
68.100,17.9404,8.5426,-1.5642,17.9444,8.0622,-1.5753,0.4804,0.64
68.150,17.9405,8.5276,-1.5633,17.9355,8.0640,-1.5795,0.4636,0.93
68.200,17.9406,8.5126,-1.5623,17.9422,8.0566,-1.5795,0.4560,0.99
68.250,17.9407,8.4976,-1.5621,17.9604,8.0445,-1.5781,0.4536,0.92
68.300,17.9409,8.4826,-1.5619,17.9370,8.0293,-1.5749,0.4533,0.74
68.350,17.9410,8.4676,-1.5611,17.9418,8.0043,-1.5853,0.4633,1.39
68.400,17.9411,8.4526,-1.5626,17.9297,7.9946,-1.5921,0.4582,1.69
68.450,17.9413,8.4376,-1.5636,17.8969,7.9938,-1.5739,0.4460,0.59
68.500,17.9414,8.4226,-1.5639,17.9183,7.9601,-1.5599,0.4631,0.23
68.550,17.9415,8.4076,-1.5656,17.9316,7.9505,-1.5639,0.4572,0.10
68.600,17.9415,8.3926,-1.5670,17.9503,7.9341,-1.5590,0.4586,0.46
68.650,17.9416,8.3776,-1.5678,17.9337,7.9188,-1.5601,0.4588,0.44
68.700,17.9416,8.3626,-1.5674,17.9621,7.8884,-1.5542,0.4746,0.76
68.750,17.9417,8.3476,-1.5678,17.9519,7.8990,-1.5581,0.4487,0.56
68.800,17.9417,8.3326,-1.5680,17.9460,7.8830,-1.6097,0.4496,2.39
68.850,17.9418,8.3176,-1.5678,17.9422,7.8565,-1.5672,0.4611,0.04
68.900,17.9418,8.3026,-1.5696,17.9287,7.8571,-1.5770,0.4457,0.43
68.950,17.9418,8.2876,-1.5704,17.9243,7.8318,-1.5909,0.4562,1.18
69.000,17.9419,8.2726,-1.5714,17.8966,7.8345,-1.5878,0.4404,0.94
69.050,17.9418,8.2576,-1.5711,17.9080,7.8114,-1.5901,0.4475,1.09
69.100,17.9418,8.2426,-1.5721,17.9264,7.8038,-1.5880,0.4391,0.91
69.150,17.9418,8.2276,-1.5729,17.9352,7.7772,-1.5854,0.4505,0.72
69.200,17.9418,8.2126,-1.5734,17.9613,7.7825,-1.5701,0.4305,0.19
69.250,17.9417,8.1976,-1.5731,17.9615,7.7549,-1.5751,0.4432,0.11
69.300,17.9417,8.1826,-1.5724,17.9434,7.7305,-1.5618,0.4521,0.61
69.350,17.9417,8.1676,-1.5740,17.9446,7.7221,-1.5835,0.4455,0.54
69.400,17.9416,8.1526,-1.5734,17.9482,7.7309,-1.5787,0.4217,0.30
69.450,17.9416,8.1376,-1.5743,17.9376,7.6995,-1.5817,0.4381,0.42
69.500,17.9415,8.1226,-1.5758,17.9234,7.6906,-1.5621,0.4324,0.79
69.550,17.9415,8.1076,-1.5769,17.9265,7.6664,-1.5813,0.4414,0.25
69.600,17.9414,8.0926,-1.5777,17.9135,7.6584,-1.5752,0.4351,0.14
69.650,17.9413,8.0776,-1.5790,17.9092,7.6230,-1.5749,0.4557,0.24
69.700,17.9412,8.0626,-1.5788,17.9273,7.5922,-1.5678,0.4707,0.63
69.750,17.9410,8.0476,-1.5780,17.9210,7.5827,-1.5482,0.4653,1.71
69.800,17.9409,8.0326,-1.5776,17.9249,7.5779,-1.5672,0.4550,0.60
69.850,17.9408,8.0176,-1.5783,17.9253,7.5441,-1.5239,0.4737,3.12
69.900,17.9407,8.0026,-1.5777,17.9445,7.5385,-1.5219,0.4641,3.20
69.950,17.9406,7.9876,-1.5770,17.9434,7.5076,-1.5163,0.4800,3.48
70.000,17.9405,7.9726,-1.5754,17.9525,7.4913,-1.5472,0.4814,1.62
70.050,17.9404,7.9576,-1.5723,17.9495,7.4999,-1.5324,0.4578,2.28
70.100,17.9404,7.9426,-1.5710,17.9427,7.4777,-1.5281,0.4649,2.46
70.150,17.9404,7.9276,-1.5702,17.9332,7.4675,-1.5766,0.4602,0.37
70.200,17.9404,7.9126,-1.5708,17.9199,7.4470,-1.5133,0.4661,3.29
70.250,17.9404,7.8976,-1.5703,17.9217,7.4178,-1.5351,0.4802,2.02
70.300,17.9404,7.8826,-1.5716,17.9047,7.4327,-1.5558,0.4513,0.91
70.350,17.9404,7.8676,-1.5722,17.9016,7.4071,-1.5241,0.4621,2.76
70.400,17.9404,7.8526,-1.5709,17.9224,7.3863,-1.5415,0.4666,1.68
70.450,17.9404,7.8376,-1.5706,17.9512,7.3806,-1.5246,0.4571,2.64
70.500,17.9404,7.8226,-1.5692,17.9406,7.3722,-1.5299,0.4504,2.25
70.550,17.9404,7.8076,-1.5671,17.9570,7.3795,-1.5420,0.4284,1.44
70.600,17.9405,7.7926,-1.5634,17.9326,7.3365,-1.5340,0.4562,1.68
70.650,17.9406,7.7776,-1.5603,17.9309,7.3068,-1.5398,0.4709,1.18
70.700,17.9408,7.7626,-1.5584,17.9369,7.2927,-1.5433,0.4699,0.87
70.750,17.9409,7.7476,-1.5571,17.9329,7.2748,-1.5501,0.4729,0.40
70.800,17.9411,7.7326,-1.5577,17.9299,7.2639,-1.5405,0.4688,0.98
70.850,17.9413,7.7176,-1.5582,17.9417,7.2506,-1.5354,0.4670,1.31
70.900,17.9415,7.7026,-1.5580,17.9454,7.2493,-1.5159,0.4533,2.41
70.950,17.9417,7.6876,-1.5572,17.9369,7.2475,-1.5370,0.4401,1.16
71.000,17.9419,7.6726,-1.5568,17.9360,7.2425,-1.5560,0.4301,0.04
71.050,17.9421,7.6576,-1.5556,17.9356,7.2266,-1.5604,0.4310,0.28
71.100,17.9424,7.6426,-1.5542,17.9196,7.1975,-1.5252,0.4457,1.66
71.150,17.9426,7.6276,-1.5522,17.9387,7.1833,-1.5404,0.4443,0.68
71.200,17.9429,7.6126,-1.5497,17.9520,7.1726,-1.5204,0.4401,1.68
71.250,17.9432,7.5976,-1.5467,17.9273,7.1590,-1.5311,0.4389,0.89
71.300,17.9436,7.5827,-1.5450,17.9340,7.1330,-1.5288,0.4498,0.93
71.350,17.9440,7.5677,-1.5434,17.9494,7.1299,-1.5133,0.4378,1.73
71.400,17.9444,7.5527,-1.5415,17.9388,7.1099,-1.5618,0.4429,1.16
71.450,17.9448,7.5377,-1.5409,17.9426,7.0796,-1.5537,0.4581,0.73
71.500,17.9453,7.5227,-1.5418,17.9474,7.0743,-1.5686,0.4484,1.54
71.550,17.9457,7.5077,-1.5428,17.9639,7.0607,-1.5617,0.4474,1.08
71.600,17.9461,7.4927,-1.5434,17.9837,7.0514,-1.5273,0.4429,0.92
71.650,17.9465,7.4777,-1.5442,18.0058,7.0300,-1.5261,0.4516,1.04
71.700,17.9469,7.4627,-1.5447,17.9689,7.0029,-1.5140,0.4604,1.76
71.750,17.9473,7.4477,-1.5430,18.0034,6.9725,-1.5351,0.4785,0.45
71.800,17.9477,7.4327,-1.5424,17.9956,6.9635,-1.5433,0.4716,0.05
71.850,17.9481,7.4177,-1.5414,17.9833,6.9700,-1.5721,0.4491,1.76
71.900,17.9486,7.4027,-1.5386,17.9732,6.9708,-1.5398,0.4326,0.07
71.950,17.9491,7.3877,-1.5367,17.9932,6.9509,-1.5654,0.4390,1.65
72.000,17.9496,7.3727,-1.5354,18.0176,6.9157,-1.5449,0.4620,0.54
72.050,17.9501,7.3577,-1.5363,18.0140,6.8854,-1.5470,0.4766,0.61
72.100,17.9506,7.3428,-1.5365,18.0011,6.8903,-1.5770,0.4553,2.32
72.150,17.9511,7.3278,-1.5373,17.9797,6.8706,-1.5551,0.4581,1.02
72.200,17.9516,7.3128,-1.5368,17.9942,6.8304,-1.5602,0.4843,1.34
72.250,17.9522,7.2978,-1.5360,17.9904,6.8282,-1.5758,0.4711,2.28
72.300,17.9527,7.2828,-1.5354,17.9862,6.8279,-1.5800,0.4562,2.56
72.350,17.9532,7.2678,-1.5344,17.9688,6.8050,-1.5689,0.4630,1.97
72.400,17.9538,7.2528,-1.5334,17.9474,6.7855,-1.5576,0.4674,1.39
72.450,17.9543,7.2378,-1.5333,17.9571,6.7682,-1.5546,0.4696,1.22
72.500,17.9549,7.2228,-1.5340,17.9543,6.7432,-1.5567,0.4796,1.30
72.550,17.9554,7.2078,-1.5336,17.9588,6.7278,-1.5752,0.4800,2.39
72.600,17.9560,7.1929,-1.5325,17.9858,6.7291,-1.5787,0.4648,2.65
72.650,17.9566,7.1779,-1.5313,17.9736,6.7045,-1.5460,0.4737,0.84
72.700,17.9572,7.1629,-1.5301,17.9737,6.6892,-1.5665,0.4740,2.09
72.750,17.9578,7.1479,-1.5296,17.9777,6.6955,-1.6000,0.4529,4.03
72.800,17.9584,7.1329,-1.5305,17.9750,6.6923,-1.5482,0.4409,1.02
72.850,17.9590,7.1179,-1.5295,17.9702,6.6593,-1.5516,0.4587,1.27
72.900,17.9596,7.1029,-1.5290,17.9443,6.6358,-1.5435,0.4673,0.83
72.950,17.9602,7.0879,-1.5299,17.9521,6.6260,-1.5546,0.4620,1.41
73.000,17.9608,7.0730,-1.5287,17.9653,6.5998,-1.5293,0.4732,0.04
73.050,17.9615,7.0580,-1.5279,17.9583,6.5709,-1.5421,0.4871,0.81
73.100,17.9621,7.0430,-1.5269,17.9676,6.5646,-1.5404,0.4784,0.77
73.150,17.9628,7.0280,-1.5272,17.9842,6.5795,-1.5551,0.4490,1.60
73.200,17.9634,7.0130,-1.5296,17.9860,6.5483,-1.5817,0.4653,2.98
73.250,17.9641,6.9980,-1.5334,17.9849,6.5530,-1.5573,0.4455,1.37
73.300,17.9646,6.9830,-1.5353,17.9711,6.5300,-1.5595,0.4530,1.39
73.350,17.9651,6.9680,-1.5387,17.9970,6.5106,-1.5672,0.4585,1.63
73.400,17.9656,6.9530,-1.5413,18.0087,6.4976,-1.5589,0.4575,1.01
73.450,17.9661,6.9381,-1.5423,18.0089,6.4655,-1.6107,0.4745,3.92
73.500,17.9665,6.9231,-1.5436,18.0028,6.4733,-1.5946,0.4513,2.92
73.550,17.9669,6.9081,-1.5454,17.9889,6.4786,-1.5852,0.4301,2.28
73.600,17.9673,6.8931,-1.5496,17.9786,6.4330,-1.5540,0.4602,0.25
73.650,17.9676,6.8781,-1.5536,17.9936,6.3982,-1.5696,0.4806,0.92
73.700,17.9679,6.8631,-1.5557,17.9948,6.3979,-1.5857,0.4660,1.72
73.750,17.9681,6.8481,-1.5571,17.9951,6.3765,-1.5857,0.4724,1.64
73.800,17.9683,6.8331,-1.5593,17.9836,6.3617,-1.5863,0.4717,1.55
73.850,17.9685,6.8181,-1.5608,17.9790,6.3519,-1.5754,0.4663,0.84
73.900,17.9686,6.8031,-1.5618,17.9992,6.3288,-1.5940,0.4753,1.85
73.950,17.9688,6.7881,-1.5618,18.0058,6.3187,-1.6016,0.4709,2.28
74.000,17.9689,6.7731,-1.5606,17.9607,6.3061,-1.5844,0.4671,1.36
74.050,17.9690,6.7581,-1.5603,17.9736,6.2943,-1.5467,0.4638,0.78
74.100,17.9692,6.7431,-1.5596,17.9551,6.2920,-1.5865,0.4513,1.54
74.150,17.9694,6.7281,-1.5587,17.9431,6.2560,-1.5660,0.4729,0.42
74.200,17.9695,6.7131,-1.5587,17.9522,6.2493,-1.5478,0.4641,0.63
74.250,17.9697,6.6981,-1.5595,17.9479,6.1951,-1.5676,0.5035,0.46
74.300,17.9699,6.6831,-1.5597,17.9498,6.1964,-1.5518,0.4871,0.45
74.350,17.9701,6.6681,-1.5592,17.9445,6.1870,-1.5693,0.4817,0.58
74.400,17.9702,6.6531,-1.5600,17.9474,6.1796,-1.5465,0.4741,0.77
74.450,17.9704,6.6381,-1.5604,17.9485,6.1809,-1.5586,0.4577,0.10
74.500,17.9706,6.6231,-1.5595,17.9455,6.1608,-1.5181,0.4630,2.37
74.550,17.9707,6.6081,-1.5587,17.9490,6.1319,-1.5089,0.4767,2.86
74.600,17.9709,6.5931,-1.5595,17.9653,6.1327,-1.5419,0.4604,1.01
74.650,17.9711,6.5781,-1.5593,17.9771,6.1145,-1.5475,0.4636,0.68
74.700,17.9712,6.5631,-1.5598,17.9764,6.1057,-1.5674,0.4574,0.43
74.750,17.9714,6.5481,-1.5609,17.9925,6.0796,-1.5761,0.4690,0.87
74.800,17.9716,6.5331,-1.5612,17.9683,6.0637,-1.5754,0.4694,0.81
74.850,17.9717,6.5181,-1.5622,17.9643,6.0583,-1.5649,0.4599,0.15
74.900,17.9718,6.5031,-1.5623,17.9644,6.0495,-1.5683,0.4536,0.34
74.950,17.9720,6.4881,-1.5637,17.9718,6.0392,-1.5535,0.4489,0.58
75.000,17.9721,6.4731,-1.5660,17.9541,6.0265,-1.5367,0.4470,1.68
75.050,17.9721,6.4581,-1.5668,17.9580,6.0137,-1.5414,0.4446,1.46
75.100,17.9722,6.4431,-1.5676,17.9450,5.9631,-1.5590,0.4808,0.49
75.150,17.9722,6.4281,-1.5679,17.9241,5.9646,-1.5390,0.4660,1.66
75.200,17.9723,6.4131,-1.5685,17.9440,5.9542,-1.5619,0.4597,0.38
75.250,17.9723,6.3981,-1.5695,17.9580,5.9457,-1.5280,0.4526,2.38
75.300,17.9723,6.3831,-1.5701,17.9754,5.9350,-1.5639,0.4481,0.35
75.350,17.9724,6.3681,-1.5706,17.9719,5.9214,-1.5427,0.4467,1.60
75.400,17.9724,6.3531,-1.5704,17.9557,5.8829,-1.5018,0.4705,3.93
75.450,17.9724,6.3381,-1.5703,17.9779,5.8606,-1.5108,0.4775,3.41
75.500,17.9724,6.3231,-1.5708,17.9708,5.8649,-1.4963,0.4582,4.27
75.550,17.9724,6.3081,-1.5715,17.9564,5.8602,-1.5096,0.4482,3.54
75.600,17.9724,6.2931,-1.5699,17.9608,5.8318,-1.5330,0.4614,2.12
75.650,17.9724,6.2781,-1.5702,17.9588,5.7983,-1.5395,0.4800,1.76
75.700,17.9724,6.2631,-1.5683,17.9653,5.7977,-1.5123,0.4654,3.21
75.750,17.9724,6.2481,-1.5661,17.9647,5.8050,-1.5176,0.4432,2.78
75.800,17.9725,6.2331,-1.5651,17.9789,5.7823,-1.5163,0.4508,2.80
75.850,17.9726,6.2181,-1.5630,17.9808,5.7627,-1.5347,0.4555,1.62
75.900,17.9727,6.2031,-1.5615,17.9918,5.7372,-1.5084,0.4663,3.04
75.950,17.9728,6.1881,-1.5591,17.9957,5.7185,-1.5357,0.4702,1.34
76.000,17.9730,6.1731,-1.5575,17.9997,5.7081,-1.5388,0.4657,1.07
76.050,17.9732,6.1581,-1.5557,18.0188,5.7047,-1.5414,0.4557,0.82
76.100,17.9734,6.1431,-1.5548,18.0378,5.6889,-1.5504,0.4587,0.25
76.150,17.9737,6.1281,-1.5544,18.0063,5.6554,-1.5504,0.4739,0.23
76.200,17.9739,6.1131,-1.5541,17.9939,5.6481,-1.5569,0.4654,0.16
76.250,17.9742,6.0981,-1.5545,17.9941,5.6438,-1.5601,0.4548,0.32
76.300,17.9744,6.0831,-1.5541,17.9925,5.6322,-1.5159,0.4512,2.19
76.350,17.9747,6.0681,-1.5546,17.9988,5.6173,-1.5442,0.4514,0.59
76.400,17.9749,6.0531,-1.5534,18.0204,5.6199,-1.5749,0.4356,1.23
76.450,17.9752,6.0381,-1.5521,17.9865,5.6072,-1.5738,0.4310,1.24
76.500,17.9754,6.0231,-1.5508,17.9858,5.5797,-1.5900,0.4435,2.24
76.550,17.9757,6.0081,-1.5505,17.9953,5.5775,-1.5900,0.4311,2.26
76.600,17.9760,5.9931,-1.5496,17.9910,5.5645,-1.5528,0.4289,0.19
76.650,17.9764,5.9781,-1.5488,17.9803,5.5515,-1.5431,0.4266,0.33
76.700,17.9767,5.9631,-1.5467,17.9866,5.5397,-1.5497,0.4235,0.17
76.750,17.9771,5.9481,-1.5438,17.9773,5.5268,-1.5573,0.4213,0.77
76.800,17.9775,5.9331,-1.5415,17.9764,5.5195,-1.5539,0.4136,0.71
76.850,17.9779,5.9182,-1.5411,17.9684,5.4682,-1.5132,0.4501,1.60
76.900,17.9783,5.9032,-1.5406,17.9855,5.4575,-1.5167,0.4458,1.37
76.950,17.9788,5.8882,-1.5405,17.9829,5.4749,-1.5450,0.4134,0.26
77.000,17.9793,5.8732,-1.5406,17.9850,5.4885,-1.5486,0.3848,0.46
77.050,17.9797,5.8582,-1.5417,17.9937,5.4713,-1.5975,0.3872,3.20
77.100,17.9801,5.8432,-1.5429,18.0000,5.4387,-1.5590,0.4050,0.92
77.150,17.9806,5.8282,-1.5428,17.9964,5.4217,-1.5262,0.4069,0.95
77.200,17.9810,5.8132,-1.5422,17.9888,5.4215,-1.5686,0.3917,1.51
77.250,17.9814,5.7982,-1.5413,17.9980,5.4082,-1.5758,0.3903,1.98
77.300,17.9819,5.7832,-1.5415,17.9971,5.4182,-1.5867,0.3653,2.59
77.350,17.9823,5.7683,-1.5416,17.9777,5.4027,-1.5803,0.3656,2.22
77.400,17.9827,5.7535,-1.5426,17.9959,5.3946,-1.5638,0.3592,1.21
77.450,17.9831,5.7391,-1.5431,18.0015,5.3883,-1.5644,0.3513,1.22
77.500,17.9835,5.7250,-1.5450,17.9920,5.3808,-1.5536,0.3443,0.50
77.550,17.9839,5.7113,-1.5463,17.9988,5.3574,-1.5244,0.3542,1.25
77.600,17.9842,5.6976,-1.5477,17.9941,5.3651,-1.5214,0.3327,1.51
77.650,17.9845,5.6841,-1.5502,17.9691,5.3392,-1.5571,0.3452,0.40
77.700,17.9848,5.6707,-1.5536,17.9700,5.3222,-1.5623,0.3488,0.50
77.750,17.9850,5.6579,-1.5550,17.9838,5.3517,-1.5267,0.3062,1.62
77.800,17.9852,5.6452,-1.5555,18.0101,5.3402,-1.5189,0.3060,2.10
77.850,17.9854,5.6325,-1.5558,18.0015,5.3354,-1.5465,0.2975,0.53
77.900,17.9856,5.6200,-1.5574,17.9903,5.3207,-1.5674,0.2993,0.57
77.950,17.9858,5.6078,-1.5585,18.0050,5.2952,-1.5674,0.3132,0.51
78.000,17.9859,5.5955,-1.5600,18.0119,5.2908,-1.5807,0.3058,1.19
78.050,17.9860,5.5834,-1.5595,17.9924,5.2894,-1.6034,0.2941,2.52
78.100,17.9862,5.5717,-1.5584,17.9794,5.3076,-1.6284,0.2641,4.01
78.150,17.9863,5.5600,-1.5579,17.9799,5.3007,-1.5945,0.2594,2.10
78.200,17.9865,5.5485,-1.5582,17.9629,5.3136,-1.5986,0.2361,2.32
78.250,17.9866,5.5373,-1.5582,17.9763,5.2761,-1.5592,0.2614,0.06
78.300,17.9868,5.5262,-1.5583,18.0048,5.2716,-1.5528,0.2553,0.31
78.350,17.9869,5.5153,-1.5576,17.9797,5.2709,-1.5442,0.2445,0.77
78.400,17.9870,5.5045,-1.5569,17.9751,5.2747,-1.5409,0.2301,0.92
78.450,17.9872,5.4944,-1.5569,17.9546,5.2472,-1.5402,0.2493,0.95
78.500,17.9873,5.4846,-1.5579,17.9744,5.2410,-1.5354,0.2439,1.29
78.550,17.9874,5.4744,-1.5579,17.9648,5.2090,-1.4925,0.2663,3.75
78.600,17.9876,5.4641,-1.5579,17.9707,5.1963,-1.5097,0.2683,2.76
78.650,17.9877,5.4541,-1.5569,18.0016,5.1958,-1.5160,0.2587,2.34
78.700,17.9878,5.4445,-1.5575,17.9806,5.1996,-1.5254,0.2450,1.84
78.750,17.9880,5.4351,-1.5589,17.9649,5.1833,-1.5145,0.2528,2.54
78.800,17.9881,5.4258,-1.5584,17.9639,5.1848,-1.5372,0.2422,1.22
78.850,17.9882,5.4167,-1.5583,17.9523,5.1751,-1.5253,0.2443,1.89
78.900,17.9883,5.4074,-1.5578,17.9732,5.1613,-1.5156,0.2465,2.42
78.950,17.9884,5.3984,-1.5561,17.9791,5.1545,-1.5228,0.2441,1.91
79.000,17.9885,5.3895,-1.5563,17.9745,5.1784,-1.5370,0.2116,1.11
79.050,17.9887,5.3806,-1.5568,17.9911,5.1802,-1.5488,0.2004,0.46
79.100,17.9888,5.3719,-1.5570,17.9928,5.1598,-1.5514,0.2122,0.32
79.150,17.9889,5.3636,-1.5585,17.9838,5.1712,-1.5443,0.1924,0.81
79.200,17.9890,5.3551,-1.5599,17.9861,5.1674,-1.5296,0.1877,1.74
79.250,17.9891,5.3470,-1.5583,17.9838,5.1778,-1.5292,0.1692,1.67
79.300,17.9892,5.3391,-1.5566,17.9799,5.1648,-1.5177,0.1745,2.23
79.350,17.9893,5.3309,-1.5570,17.9829,5.1537,-1.5165,0.1773,2.32
79.400,17.9894,5.3228,-1.5596,17.9809,5.1394,-1.5479,0.1836,0.67
79.450,17.9895,5.3147,-1.5605,17.9764,5.1499,-1.5688,0.1653,0.48
79.500,17.9896,5.3069,-1.5601,17.9736,5.1431,-1.5554,0.1646,0.27
79.550,17.9897,5.2995,-1.5605,18.0019,5.1142,-1.5079,0.1857,3.01
79.600,17.9898,5.2921,-1.5609,17.9847,5.0836,-1.5204,0.2086,2.32
79.650,17.9898,5.2848,-1.5594,17.9703,5.0935,-1.5624,0.1923,0.17
79.700,17.9899,5.2772,-1.5564,17.9752,5.0848,-1.5235,0.1929,1.89
79.750,17.9900,5.2697,-1.5545,17.9850,5.0776,-1.5228,0.1922,1.81
79.800,17.9902,5.2619,-1.5513,17.9724,5.0712,-1.5377,0.1916,0.78
79.850,17.9903,5.2548,-1.5501,17.9883,5.0761,-1.5582,0.1787,0.47
79.900,17.9904,5.2477,-1.5510,17.9881,5.0963,-1.5034,0.1514,2.73
79.950,17.9906,5.2406,-1.5504,18.0047,5.0856,-1.5372,0.1557,0.75
80.000,17.9907,5.2335,-1.5497,17.9910,5.0721,-1.5498,0.1614,0.01
80.050,17.9909,5.2268,-1.5474,17.9856,5.1074,-1.5655,0.1195,1.04
80.100,17.9910,5.2201,-1.5466,17.9637,5.0953,-1.5424,0.1278,0.24
80.150,17.9912,5.2140,-1.5463,17.9551,5.0606,-1.4882,0.1576,3.33
80.200,17.9913,5.2080,-1.5458,17.9633,5.0523,-1.4936,0.1581,2.99
80.250,17.9915,5.2021,-1.5481,17.9903,5.0478,-1.5437,0.1543,0.25
80.300,17.9916,5.1961,-1.5480,18.0074,5.0549,-1.5109,0.1421,2.12
80.350,17.9917,5.1903,-1.5466,18.0139,5.0641,-1.5363,0.1282,0.59
80.400,17.9919,5.1845,-1.5443,18.0018,5.0484,-1.5421,0.1364,0.13
80.450,17.9920,5.1789,-1.5411,17.9989,5.0798,-1.5571,0.0994,0.91
80.500,17.9922,5.1734,-1.5403,17.9870,5.0584,-1.5330,0.1151,0.42
80.550,17.9923,5.1681,-1.5398,17.9981,5.0311,-1.5252,0.1372,0.84
80.600,17.9925,5.1624,-1.5385,17.9983,5.0218,-1.5092,0.1408,1.68
80.650,17.9927,5.1567,-1.5384,17.9844,5.0211,-1.5261,0.1359,0.70
80.700,17.9929,5.1513,-1.5384,18.0053,4.9985,-1.4933,0.1533,2.58
80.750,17.9931,5.1457,-1.5377,18.0126,4.9991,-1.5201,0.1479,1.01
80.800,17.9932,5.1402,-1.5378,18.0134,4.9987,-1.5268,0.1429,0.63
80.850,17.9934,5.1346,-1.5378,17.9994,4.9904,-1.5421,0.1444,0.24
80.900,17.9936,5.1291,-1.5377,17.9919,4.9925,-1.5097,0.1367,1.60
80.950,17.9938,5.1238,-1.5380,17.9689,4.9800,-1.5438,0.1459,0.33
81.000,17.9940,5.1187,-1.5365,17.9931,5.0001,-1.5727,0.1186,2.07
81.050,17.9941,5.1134,-1.5337,18.0016,4.9887,-1.5123,0.1249,1.22
81.100,17.9943,5.1083,-1.5310,18.0124,5.0060,-1.4792,0.1039,2.97
81.150,17.9945,5.1036,-1.5343,18.0321,4.9896,-1.5201,0.1201,0.82
81.200,17.9947,5.0993,-1.5341,18.0301,4.9842,-1.5453,0.1204,0.64
81.250,17.9948,5.0949,-1.5294,18.0439,4.9984,-1.6022,0.1083,4.17
81.300,17.9950,5.0906,-1.5273,18.0328,5.0127,-1.6026,0.0866,4.31
81.350,17.9952,5.0864,-1.5270,18.0063,5.0085,-1.6275,0.0787,5.76
81.400,17.9954,5.0823,-1.5233,18.0193,4.9901,-1.6008,0.0953,4.44
81.450,17.9956,5.0782,-1.5216,18.0198,4.9942,-1.6058,0.0874,4.82
81.500,17.9958,5.0738,-1.5230,18.0221,4.9844,-1.6059,0.0932,4.75
81.550,17.9960,5.0695,-1.5256,18.0098,4.9844,-1.6527,0.0862,7.28
81.600,17.9962,5.0654,-1.5250,17.9898,4.9575,-1.6240,0.1081,5.67
81.650,17.9964,5.0608,-1.5229,17.9910,4.9707,-1.6323,0.0903,6.27
81.700,17.9966,5.0563,-1.5182,17.9872,4.9728,-1.6340,0.0840,6.64
81.750,17.9968,5.0524,-1.5132,17.9758,4.9566,-1.5918,0.0981,4.50
81.800,17.9970,5.0486,-1.5093,17.9748,4.9638,-1.6200,0.0877,6.34
81.850,17.9973,5.0448,-1.5085,17.9770,4.9773,-1.5886,0.0705,4.59
81.900,17.9975,5.0410,-1.5137,17.9741,4.9622,-1.5639,0.0822,2.88
81.950,17.9977,5.0371,-1.5187,17.9779,4.9591,-1.5658,0.0805,2.70
82.000,17.9979,5.0333,-1.5209,17.9774,4.9623,-1.5406,0.0739,1.13
82.050,17.9981,5.0292,-1.5214,17.9765,4.9496,-1.5084,0.0824,0.75
82.100,17.9983,5.0253,-1.5207,17.9717,4.9563,-1.5052,0.0740,0.89
82.150,17.9985,5.0218,-1.5231,17.9889,4.9644,-1.4968,0.0582,1.51
82.200,17.9986,5.0185,-1.5267,17.9752,4.9656,-1.5079,0.0578,1.08
82.250,17.9988,5.0152,-1.5250,17.9868,4.9655,-1.4803,0.0511,2.56
82.300,17.9989,5.0122,-1.5328,17.9859,4.9516,-1.4783,0.0620,3.12
82.350,17.9990,5.0092,-1.5414,17.9650,4.9376,-1.5236,0.0793,1.02
82.400,17.9991,5.0062,-1.5498,17.9846,4.9167,-1.4745,0.0906,4.31
82.450,17.9992,5.0034,-1.5518,18.0027,4.9165,-1.4354,0.0869,6.67
82.500,17.9992,5.0005,-1.5533,18.0150,4.9097,-1.4820,0.0921,4.09
82.550,17.9993,4.9977,-1.5415,18.0083,4.8968,-1.4793,0.1013,3.56
84.200,17.9994,4.9947,-1.5388,17.9682,4.9275,-3.0279,0.0740,85.32
84.250,17.9995,4.9919,-1.5441,17.9647,4.9263,-3.0404,0.0742,85.73
84.300,17.9996,4.9888,-1.5550,17.9560,4.9204,-3.0171,0.0811,83.77
84.350,17.9996,4.9859,-1.5720,17.9308,4.9274,-3.0513,0.0904,84.76
84.400,17.9996,4.9831,-1.5869,17.9173,4.9193,-3.0756,0.1042,85.29
84.450,17.9996,4.9801,-1.6006,17.9014,4.9042,-3.0779,0.1241,84.64
84.500,17.9995,4.9769,-1.6090,17.9078,4.8765,-3.0231,0.1359,81.02
84.550,17.9993,4.9737,-1.6071,17.8808,4.8777,-3.0276,0.1525,81.39
84.600,17.9992,4.9709,-1.6127,17.8881,4.8987,-3.0421,0.1325,81.90
84.650,17.9991,4.9679,-1.6179,17.8496,4.9147,-3.0520,0.1587,82.17
84.700,17.9990,4.9652,-1.6247,17.8268,4.9258,-3.0789,0.1766,83.32
84.750,17.9988,4.9624,-1.6223,17.8499,4.8887,-3.0638,0.1662,82.59
84.800,17.9987,4.9600,-1.6111,17.8348,4.8881,-3.0567,0.1790,82.83
84.850,17.9986,4.9575,-1.6011,17.8252,4.8712,-3.0765,0.1937,84.53
84.900,17.9985,4.9549,-1.5893,17.7993,4.9071,-3.0692,0.2049,84.79
84.950,17.9985,4.9525,-1.5729,17.7937,4.9145,-3.0820,0.2083,86.46
85.000,17.9985,4.9500,-1.5547,17.7758,4.8904,-3.0575,0.2306,86.10
85.050,17.9985,4.9473,-1.5424,17.7458,4.9039,-3.0278,0.2564,85.11
85.100,17.9986,4.9449,-1.5287,17.7563,4.8899,-3.0633,0.2485,87.93
85.150,17.9987,4.9424,-1.5163,17.7360,4.8979,-3.0616,0.2664,88.54
85.200,17.9988,4.9400,-1.5064,17.7312,4.9324,-3.0895,0.2677,90.71
85.250,17.9990,4.9377,-1.4972,17.7032,4.9123,-3.0931,0.2969,91.44
85.300,17.9991,4.9354,-1.4865,17.7153,4.9133,-3.1058,0.2846,92.78
85.350,17.9994,4.9329,-1.4871,17.6843,4.9130,-3.1006,0.3157,92.45
85.400,17.9996,4.9304,-1.4794,17.6574,4.9222,-3.1066,0.3423,93.23
85.450,17.9998,4.9279,-1.4804,17.6523,4.9009,-3.0818,0.3486,91.75
85.500,18.0000,4.9256,-1.4803,17.6220,4.8971,-3.0607,0.3791,90.55
85.550,18.0002,4.9235,-1.4592,17.6123,4.9236,-3.0810,0.3879,92.92
85.600,18.0004,4.9218,-1.4547,17.5666,4.8999,-3.0486,0.4343,91.32
85.650,18.0006,4.9200,-1.4750,17.5536,4.8789,-3.0669,0.4489,91.21
85.700,18.0007,4.9184,-1.5052,17.5294,4.8738,-3.0720,0.4734,89.77
85.750,18.0007,4.9184,-1.5802,17.5143,4.8755,-3.0508,0.4883,84.26
85.800,18.0007,4.9184,-1.6552,17.4853,4.8772,-3.0547,0.5170,80.19
85.850,18.0007,4.9184,-1.7302,17.4635,4.8852,-3.0511,0.5382,75.68
85.900,18.0007,4.9184,-1.8052,17.4655,4.8667,-3.0603,0.5377,71.91
85.950,18.0007,4.9184,-1.8802,17.4436,4.8553,-3.0826,0.5607,68.89
86.000,18.0007,4.9184,-1.9552,17.4493,4.8737,-3.0626,0.5532,63.45
86.050,18.0007,4.9184,-2.0302,17.4216,4.8766,-3.1040,0.5806,61.52
86.100,18.0007,4.9184,-2.1052,17.4146,4.8920,-3.1151,0.5867,57.86
86.150,18.0007,4.9184,-2.1802,17.4039,4.8995,-3.0838,0.5971,51.77
86.200,18.0007,4.9184,-2.2552,17.4014,4.8901,-3.0868,0.5999,47.65
86.250,18.0007,4.9184,-2.3302,17.3932,4.8720,-3.1095,0.6093,44.65
86.300,18.0007,4.9184,-2.4052,17.3641,4.8881,-3.1241,0.6373,41.19
86.350,18.0007,4.9184,-2.4766,17.3593,4.8689,-3.1093,0.6434,36.25
86.400,18.0007,4.9184,-2.5409,17.3419,4.8850,-3.1133,0.6597,32.80
86.450,18.0007,4.9184,-2.5987,17.3069,4.8729,-3.1372,0.6953,30.86
86.500,18.0007,4.9184,-2.6508,17.3011,4.8645,-3.1089,0.7017,26.25
86.550,18.0007,4.9184,-2.6977,17.2739,4.8590,-3.0905,0.7292,22.51
86.600,18.0007,4.9184,-2.7399,17.2694,4.8687,-3.0972,0.7330,20.47
86.650,18.0007,4.9184,-2.7778,17.2659,4.8788,-3.0997,0.7359,18.44
86.700,18.0007,4.9184,-2.8120,17.2446,4.8821,-3.0834,0.7570,15.55
86.750,18.0007,4.9184,-2.8427,17.2090,4.8950,-3.0963,0.7921,14.53
86.800,18.0007,4.9184,-2.8704,17.1754,4.8897,-3.1032,0.8258,13.34
86.850,18.0007,4.9184,-2.8953,17.1902,4.8661,-3.0891,0.8122,11.11
86.900,18.0007,4.9184,-2.9177,17.1812,4.8662,-3.0488,0.8211,7.51
86.950,18.0007,4.9184,-2.9379,17.1628,4.8897,-3.1166,0.8384,10.24
87.000,18.0007,4.9184,-2.9560,17.1741,4.8748,-3.1106,0.8278,8.86
87.050,18.0007,4.9184,-2.9724,17.1519,4.8692,-3.1207,0.8503,8.50
87.100,18.0007,4.9184,-2.9871,17.1403,4.8811,-3.1209,0.8612,7.67
87.150,18.0007,4.9184,-3.0003,17.1685,4.8827,-3.1388,0.8330,7.93
87.200,18.0007,4.9184,-3.0122,17.1227,4.8701,-3.1238,0.8794,6.40
87.250,18.0007,4.9184,-3.0230,17.0774,4.8692,-3.1255,0.9247,5.87
87.300,18.0007,4.9184,-3.0326,17.0909,4.8616,-3.0955,0.9116,3.61
87.350,18.0007,4.9184,-3.0413,17.0736,4.8591,-3.0938,0.9290,3.01
87.400,17.9858,4.9169,-3.0423,17.0647,4.8682,-3.1377,0.9224,5.47
87.450,17.9709,4.9154,-3.0429,17.0373,4.8739,-3.1316,0.9345,5.08
87.500,17.9560,4.9139,-3.0447,17.0087,4.8843,-3.1152,0.9477,4.04
87.550,17.9410,4.9124,-3.0448,17.0273,4.8801,-3.1181,0.9143,4.20
87.600,17.9261,4.9110,-3.0447,17.0212,4.8859,-3.1040,0.9053,3.40
87.650,17.9112,4.9095,-3.0456,17.0004,4.8616,-3.1138,0.9120,3.91
87.700,17.8962,4.9081,-3.0505,16.9722,4.8731,-3.1133,0.9247,3.60
87.750,17.8813,4.9067,-3.0553,16.9661,4.8665,-3.1245,0.9161,3.96
87.800,17.8664,4.9054,-3.0579,16.9535,4.8693,-3.1300,0.9136,4.13
87.850,17.8514,4.9042,-3.0587,16.9146,4.8459,-3.1409,0.9386,4.71
87.900,17.8365,4.9030,-3.0575,16.8878,4.8488,-3.1299,0.9502,4.15
87.950,17.8215,4.9017,-3.0601,16.8896,4.8443,-3.1218,0.9337,3.54
88.000,17.8066,4.9005,-3.0631,16.8460,4.8323,-3.0897,0.9630,1.52
88.050,17.7916,4.8993,-3.0669,16.8192,4.8438,-3.1088,0.9740,2.40
88.100,17.7767,4.8982,-3.0677,16.8103,4.8643,-3.1262,0.9670,3.35
88.150,17.7617,4.8971,-3.0673,16.8208,4.8788,3.1248,0.9410,5.22
88.200,17.7467,4.8960,-3.0699,16.7977,4.8727,-3.1277,0.9493,3.31
88.250,17.7318,4.8949,-3.0722,16.7874,4.8678,-3.1277,0.9448,3.18
88.300,17.7168,4.8938,-3.0746,16.7740,4.8517,3.1296,0.9438,4.52
88.350,17.7019,4.8928,-3.0762,16.7945,4.8510,-3.1323,0.9083,3.22
88.400,17.6869,4.8919,-3.0743,16.7354,4.8634,3.1339,0.9519,4.30
88.450,17.6719,4.8908,-3.0739,16.7396,4.8765,-3.1159,0.9324,2.41
88.500,17.6570,4.8898,-3.0739,16.6928,4.8317,-3.1042,0.9659,1.74
88.550,17.6420,4.8888,-3.0732,16.6644,4.8192,-3.1091,0.9801,2.06
88.600,17.6270,4.8878,-3.0717,16.6577,4.8164,-3.0998,0.9719,1.61
88.650,17.6121,4.8867,-3.0723,16.6304,4.8185,-3.1259,0.9841,3.07
88.700,17.5971,4.8857,-3.0737,16.6352,4.8252,-3.1411,0.9638,3.86
88.750,17.5821,4.8847,-3.0729,16.6220,4.8359,-3.1384,0.9614,3.75
88.800,17.5672,4.8837,-3.0744,16.6151,4.8577,3.1366,0.9524,4.13
88.850,17.5522,4.8827,-3.0766,16.5900,4.8591,3.1295,0.9625,4.42
88.900,17.5372,4.8817,-3.0789,16.5870,4.8813,3.1090,0.9502,5.46
88.950,17.5223,4.8807,-3.0817,16.5663,4.9066,3.1210,0.9563,4.61
89.000,17.5073,4.8798,-3.0843,16.5608,4.9103,-3.1345,0.9470,2.88
89.050,17.4923,4.8790,-3.0865,16.5502,4.9064,-3.1113,0.9425,1.42
89.100,17.4773,4.8782,-3.0895,16.5371,4.9066,-3.1395,0.9406,2.86
89.150,17.4624,4.8774,-3.0925,16.5309,4.8816,3.1403,0.9315,2.89
89.200,17.4474,4.8766,-3.0950,16.5232,4.8895,3.1105,0.9242,4.45
89.250,17.4324,4.8759,-3.0960,16.5313,4.8876,-3.1191,0.9012,1.32
89.300,17.4174,4.8753,-3.0958,16.5129,4.8775,-3.1041,0.9045,0.48
89.350,17.4024,4.8746,-3.0960,16.4772,4.8822,-3.1152,0.9253,1.10
89.400,17.3874,4.8739,-3.0968,16.4363,4.8579,-3.1275,0.9512,1.76
89.450,17.3725,4.8732,-3.0979,16.4255,4.8545,-3.1122,0.9472,0.82
89.500,17.3575,4.8726,-3.0976,16.4033,4.8405,-3.0968,0.9548,0.05
89.550,17.3425,4.8719,-3.0988,16.3989,4.8610,-3.1244,0.9436,1.47
89.600,17.3275,4.8713,-3.0990,16.3719,4.8404,3.1413,0.9561,2.46
89.650,17.3125,4.8706,-3.0991,16.3763,4.8318,-3.0986,0.9370,0.03
89.700,17.2975,4.8700,-3.1005,16.4013,4.8465,3.1305,0.8965,2.99
89.750,17.2825,4.8694,-3.1029,16.3701,4.8651,-3.1327,0.9124,1.71
89.800,17.2675,4.8688,-3.1044,16.3805,4.8524,-3.1191,0.8871,0.84
89.850,17.2526,4.8682,-3.1052,16.3651,4.8595,-3.1249,0.8875,1.13
89.900,17.2376,4.8677,-3.1063,16.3389,4.8507,-3.1120,0.8989,0.33
89.950,17.2226,4.8671,-3.1062,16.3061,4.8549,-3.1276,0.9165,1.23
90.000,17.2076,4.8666,-3.1061,16.2952,4.8336,3.1397,0.9130,2.14
90.050,17.1926,4.8661,-3.1080,16.2792,4.8257,-3.1347,0.9143,1.53
90.100,17.1776,4.8656,-3.1111,16.2420,4.8007,-3.1099,0.9379,0.07
90.150,17.1626,4.8651,-3.1106,16.2062,4.8266,-3.1367,0.9572,1.50
90.200,17.1476,4.8647,-3.1112,16.1721,4.8389,-3.1354,0.9759,1.38
90.250,17.1326,4.8642,-3.1120,16.1812,4.8449,-3.1368,0.9515,1.42
90.300,17.1176,4.8638,-3.1118,16.1771,4.8432,3.1321,0.9407,2.25
90.350,17.1026,4.8633,-3.1111,16.1797,4.8599,3.1212,0.9229,2.91
90.400,17.0876,4.8629,-3.1116,16.1517,4.8441,-3.1208,0.9361,0.53
90.450,17.0726,4.8624,-3.1122,16.1231,4.8881,3.1280,0.9498,2.47
90.500,17.0577,4.8620,-3.1145,16.1074,4.8993,-3.1263,0.9511,0.68
90.550,17.0427,4.8616,-3.1170,16.1045,4.8840,-3.1246,0.9384,0.44
90.600,17.0277,4.8612,-3.1172,16.0729,4.8629,-3.1251,0.9548,0.45
90.650,17.0127,4.8608,-3.1171,16.0359,4.8723,-3.0969,0.9768,1.16
90.700,16.9977,4.8605,-3.1166,16.0087,4.8837,-3.1195,0.9892,0.17
90.750,16.9827,4.8601,-3.1164,16.0195,4.8698,-3.1300,0.9633,0.78
90.800,16.9677,4.8597,-3.1162,15.9996,4.8717,-3.1275,0.9682,0.65
90.850,16.9527,4.8593,-3.1177,15.9891,4.8627,-3.1071,0.9636,0.61
90.900,16.9377,4.8590,-3.1182,15.9790,4.8597,-3.1149,0.9587,0.19
90.950,16.9227,4.8586,-3.1188,15.9685,4.8503,-3.1138,0.9543,0.28
91.000,16.9077,4.8583,-3.1189,15.9913,4.8345,-3.0882,0.9167,1.76
91.050,16.8927,4.8579,-3.1200,15.9725,4.8280,-3.1383,0.9207,1.05
91.100,16.8777,4.8576,-3.1212,15.9346,4.8381,3.1395,0.9433,1.29
91.150,16.8627,4.8573,-3.1229,15.9281,4.8193,-3.1274,0.9354,0.26
91.200,16.8477,4.8570,-3.1263,15.9110,4.8428,-3.1305,0.9368,0.24
91.250,16.8327,4.8568,-3.1283,15.8798,4.8385,-3.1277,0.9531,0.04
91.300,16.8177,4.8566,-3.1286,15.8795,4.8498,-3.1317,0.9382,0.18
91.350,16.8027,4.8564,-3.1270,15.8746,4.8595,-3.1361,0.9281,0.52
91.400,16.7877,4.8562,-3.1268,15.8648,4.8581,-3.1039,0.9229,1.31
91.450,16.7727,4.8560,-3.1267,15.8341,4.8589,-3.1157,0.9386,0.63
91.500,16.7577,4.8557,-3.1269,15.8189,4.8590,3.1254,0.9388,1.77
91.550,16.7427,4.8555,-3.1278,15.8218,4.8365,3.1225,0.9211,1.89
91.600,16.7277,4.8553,-3.1273,15.8127,4.8459,-3.1146,0.9151,0.73
91.650,16.7127,4.8551,-3.1270,15.7725,4.8346,-3.1336,0.9404,0.38
91.700,16.6977,4.8549,-3.1298,15.7520,4.8427,-3.1292,0.9457,0.03
91.750,16.6827,4.8547,-3.1331,15.7475,4.8546,3.1239,0.9352,1.50
91.800,16.6677,4.8546,-3.1368,15.7356,4.8642,3.1389,0.9321,0.43
91.850,16.6527,4.8545,-3.1396,15.7106,4.8844,-3.1244,0.9425,0.87
91.900,16.6377,4.8545,-3.1416,15.6894,4.8521,-3.1283,0.9483,0.76
91.950,16.6227,4.8545,3.1402,15.6866,4.8336,-3.1247,0.9364,1.05
92.000,16.6077,4.8545,3.1405,15.6653,4.8249,-3.1010,0.9429,2.39
92.050,16.5927,4.8545,3.1410,15.6525,4.8526,-3.1308,0.9402,0.65
92.100,16.5777,4.8545,-3.1397,15.6239,4.8613,-3.1160,0.9538,1.36
92.150,16.5627,4.8545,-3.1360,15.6072,4.8452,-3.1172,0.9556,1.08
92.200,16.5477,4.8544,-3.1329,15.5946,4.8451,3.1348,0.9532,0.89
92.250,16.5327,4.8543,-3.1307,15.5843,4.8419,-3.1239,0.9485,0.39
92.300,16.5177,4.8541,-3.1276,15.5604,4.8330,-3.1245,0.9575,0.18
92.350,16.5027,4.8539,-3.1260,15.5648,4.8506,-3.1358,0.9379,0.56
92.400,16.4877,4.8537,-3.1230,15.5507,4.8578,-3.1324,0.9370,0.54
92.450,16.4727,4.8534,-3.1217,15.5242,4.8571,-3.1290,0.9485,0.42
92.500,16.4577,4.8531,-3.1214,15.5216,4.8396,-3.1023,0.9362,1.09
92.550,16.4427,4.8528,-3.1205,15.4969,4.8227,-3.0997,0.9462,1.19
92.600,16.4277,4.8525,-3.1206,15.5007,4.8274,-3.1246,0.9274,0.23
92.650,16.4128,4.8522,-3.1213,15.4916,4.8276,-3.1071,0.9215,0.81
92.700,16.3978,4.8518,-3.1235,15.4755,4.8322,-3.0763,0.9225,2.70
92.750,16.3828,4.8516,-3.1234,15.4544,4.8262,-3.0940,0.9287,1.68
92.800,16.3678,4.8513,-3.1242,15.3894,4.8259,3.1412,0.9787,1.02
92.850,16.3528,4.8510,-3.1270,15.3833,4.8541,-3.1288,0.9695,0.10
92.900,16.3378,4.8508,-3.1270,15.3779,4.8312,-3.1053,0.9601,1.24
92.950,16.3228,4.8506,-3.1263,15.3777,4.8160,-3.1173,0.9457,0.52
93.000,16.3078,4.8504,-3.1270,15.3585,4.8217,-3.1310,0.9497,0.23
93.050,16.2928,4.8502,-3.1270,15.3555,4.8197,-3.1390,0.9378,0.69
93.100,16.2778,4.8499,-3.1281,15.3326,4.8160,3.1237,0.9459,1.80
93.150,16.2628,4.8497,-3.1283,15.3139,4.8460,-3.1377,0.9489,0.54
93.200,16.2478,4.8495,-3.1297,15.2772,4.8356,3.1269,0.9707,1.52
93.250,16.2328,4.8494,-3.1321,15.2571,4.8274,3.1212,0.9759,1.71
93.300,16.2178,4.8492,-3.1379,15.2427,4.8224,-3.1389,0.9755,0.06
93.350,16.2028,4.8492,-3.1401,15.2164,4.8276,-3.1113,0.9866,1.65
93.400,16.1878,4.8491,-3.1411,15.2254,4.8494,-3.1140,0.9624,1.55
93.450,16.1728,4.8491,-3.1416,15.2088,4.8525,-3.1226,0.9640,1.09
93.500,16.1578,4.8491,3.1415,15.2081,4.8314,-3.1359,0.9499,0.33
93.550,16.1428,4.8491,-3.1400,15.2351,4.8351,-3.1259,0.9078,0.81
93.600,16.1278,4.8491,-3.1409,15.1755,4.8391,-3.1258,0.9523,0.87
93.650,16.1128,4.8491,-3.1379,15.1971,4.8428,-3.1391,0.9157,0.07
93.700,16.0978,4.8490,-3.1351,15.1707,4.8426,-3.1273,0.9271,0.44
93.750,16.0828,4.8489,-3.1333,15.1494,4.8326,-3.1128,0.9336,1.17
93.800,16.0678,4.8488,-3.1327,15.1265,4.8245,-3.1259,0.9416,0.39
93.850,16.0528,4.8487,-3.1323,15.1186,4.8125,-3.1310,0.9349,0.07
93.900,16.0378,4.8485,-3.1305,15.1013,4.8074,-3.1295,0.9374,0.05
93.950,16.0228,4.8484,-3.1292,15.0624,4.8161,-3.1374,0.9609,0.47
94.000,16.0078,4.8482,-3.1279,15.0388,4.8102,-3.1309,0.9698,0.17
94.050,15.9928,4.8480,-3.1277,15.0484,4.8181,3.1319,0.9449,1.35
94.100,15.9778,4.8478,-3.1274,15.0308,4.8115,3.1364,0.9477,1.11
94.150,15.9628,4.8476,-3.1278,15.0191,4.7995,-3.1225,0.9449,0.31
94.200,15.9478,4.8474,-3.1298,15.0111,4.8126,3.1363,0.9374,0.98
94.250,15.9328,4.8472,-3.1308,14.9841,4.8005,3.1393,0.9498,0.75
94.300,15.9178,4.8470,-3.1309,14.9589,4.8064,3.1386,0.9598,0.78
94.350,15.9028,4.8469,-3.1326,14.9394,4.8358,3.1226,0.9635,1.60
94.400,15.8878,4.8467,-3.1328,14.9245,4.8319,-3.1302,0.9634,0.15
94.450,15.8728,4.8466,-3.1333,14.9052,4.8072,3.1372,0.9684,0.72
94.500,15.8578,4.8465,-3.1330,14.8865,4.8198,3.1377,0.9716,0.71
94.550,15.8428,4.8463,-3.1320,14.8889,4.8217,-3.1403,0.9542,0.47
94.600,15.8278,4.8462,-3.1320,14.8819,4.8382,-3.1258,0.9459,0.36
94.650,15.8128,4.8461,-3.1315,14.8758,4.8286,3.1265,0.9372,1.44
94.700,15.7978,4.8459,-3.1298,14.8666,4.8472,-3.1224,0.9312,0.42
94.750,15.7828,4.8457,-3.1293,14.8479,4.8595,-3.1410,0.9350,0.67
94.800,15.7678,4.8455,-3.1297,14.8248,4.8656,-3.1386,0.9432,0.51
94.850,15.7528,4.8454,-3.1301,14.8011,4.8888,-3.1203,0.9527,0.56
94.900,15.7378,4.8452,-3.1301,14.8033,4.8690,-3.0838,0.9349,2.65
94.950,15.7228,4.8450,-3.1285,14.7816,4.8550,-3.1018,0.9412,1.53
95.000,15.7078,4.8448,-3.1268,14.7571,4.8440,-3.0952,0.9507,1.81
95.050,15.6928,4.8446,-3.1244,14.7673,4.8142,-3.0980,0.9260,1.51
95.100,15.6778,4.8443,-3.1237,14.7356,4.7989,-3.1274,0.9433,0.21
95.150,15.6628,4.8441,-3.1244,14.7329,4.7926,-3.1281,0.9314,0.21
95.200,15.6478,4.8438,-3.1262,14.7137,4.8040,-3.1319,0.9350,0.32
95.250,15.6328,4.8436,-3.1254,14.6977,4.7853,3.1381,0.9369,1.13
95.300,15.6178,4.8433,-3.1245,14.6845,4.7880,-3.1281,0.9349,0.21
95.350,15.6028,4.8431,-3.1246,14.6590,4.7892,3.1412,0.9454,1.00
95.400,15.5878,4.8428,-3.1236,14.6369,4.7949,-3.1362,0.9521,0.72
95.450,15.5728,4.8426,-3.1236,14.6250,4.7796,3.1249,0.9499,1.99
95.500,15.5578,4.8423,-3.1242,14.6113,4.8010,-3.1246,0.9474,0.02
95.550,15.5428,4.8420,-3.1232,14.5999,4.8207,-3.1021,0.9431,1.21
95.600,15.5278,4.8417,-3.1216,14.5722,4.8001,-3.1298,0.9565,0.47
95.650,15.5128,4.8415,-3.1202,14.5467,4.7983,3.1225,0.9671,2.32
95.700,15.4978,4.8411,-3.1210,14.5586,4.8269,3.1211,0.9393,2.35
95.750,15.4828,4.8408,-3.1234,14.5348,4.8185,3.1035,0.9483,3.22
95.800,15.4678,4.8405,-3.1244,14.5119,4.8235,3.0885,0.9561,4.02
95.850,15.4528,4.8403,-3.1261,14.5002,4.8112,-3.1367,0.9531,0.61
95.900,15.4378,4.8401,-3.1285,14.4825,4.8248,3.1374,0.9554,0.99
95.950,15.4228,4.8399,-3.1308,14.4684,4.8196,3.1334,0.9546,1.09
96.000,15.4078,4.8397,-3.1311,14.4395,4.8353,3.1309,0.9683,1.21
96.050,15.3928,4.8395,-3.1296,14.4222,4.8573,3.1388,0.9707,0.85
96.100,15.3778,4.8394,-3.1307,14.4336,4.8856,-3.1361,0.9453,0.31
96.150,15.3628,4.8392,-3.1327,14.4012,4.8559,-3.0947,0.9617,2.18
96.200,15.3478,4.8391,-3.1336,14.3895,4.8537,-3.1069,0.9584,1.53
96.250,15.3328,4.8389,-3.1343,14.3780,4.8462,-3.1073,0.9548,1.55
96.300,15.3178,4.8388,-3.1345,14.3700,4.8519,-3.0994,0.9479,2.01
96.350,15.3028,4.8387,-3.1334,14.3656,4.8404,-3.1075,0.9372,1.48
96.400,15.2878,4.8386,-3.1324,14.3416,4.8185,-3.1298,0.9464,0.15
96.450,15.2728,4.8385,-3.1317,14.3230,4.8177,-3.1355,0.9500,0.22
96.500,15.2579,4.8383,-3.1319,14.3121,4.8125,-3.1087,0.9462,1.33
96.550,15.2429,4.8382,-3.1326,14.2809,4.8033,-3.1206,0.9626,0.69
96.600,15.2279,4.8380,-3.1320,14.2718,4.8021,-3.1370,0.9568,0.28
96.650,15.2129,4.8379,-3.1309,14.2592,4.8291,-3.1214,0.9537,0.55
96.700,15.1979,4.8377,-3.1306,14.2635,4.8158,-3.1226,0.9346,0.46
96.750,15.1829,4.8376,-3.1305,14.2606,4.8229,3.1376,0.9225,0.86
96.800,15.1679,4.8374,-3.1300,14.2215,4.8258,-3.1197,0.9465,0.59
96.850,15.1529,4.8372,-3.1290,14.2206,4.8304,-3.1012,0.9323,1.59
96.900,15.1379,4.8370,-3.1283,14.1839,4.8228,-3.0857,0.9541,2.44
96.950,15.1229,4.8368,-3.1285,14.1689,4.8016,-3.0858,0.9547,2.45
97.000,15.1079,4.8366,-3.1289,14.1551,4.8116,-3.0959,0.9531,1.89
97.050,15.0929,4.8365,-3.1298,14.1240,4.7767,-3.1065,0.9708,1.34
97.100,15.0779,4.8363,-3.1310,14.0967,4.7922,-3.1320,0.9822,0.06
97.150,15.0629,4.8361,-3.1314,14.1079,4.8014,-3.1223,0.9556,0.52
97.200,15.0479,4.8360,-3.1324,14.1137,4.8301,3.1357,0.9343,0.86
97.250,15.0329,4.8358,-3.1322,14.0810,4.8464,-3.1205,0.9520,0.67
97.300,15.0179,4.8357,-3.1326,14.0577,4.8341,-3.1159,0.9602,0.96
97.350,15.0029,4.8356,-3.1344,14.0344,4.8210,-3.1319,0.9686,0.14
97.400,14.9879,4.8354,-3.1347,14.0226,4.8100,-3.1286,0.9656,0.35
97.450,14.9729,4.8353,-3.1358,14.0394,4.8438,-3.1338,0.9335,0.12
97.500,14.9579,4.8353,-3.1364,14.0138,4.8323,-3.1106,0.9441,1.48
97.550,14.9429,4.8352,-3.1348,13.9868,4.8545,-3.1187,0.9563,0.92
97.600,14.9279,4.8351,-3.1343,13.9914,4.8445,-3.0822,0.9366,2.99
97.650,14.9129,4.8350,-3.1348,13.9600,4.8502,-3.1055,0.9530,1.68
97.700,14.8979,4.8349,-3.1345,13.9531,4.8313,-3.1125,0.9448,1.26
97.750,14.8829,4.8348,-3.1342,13.9180,4.8197,-3.1013,0.9650,1.89
97.800,14.8679,4.8346,-3.1334,13.9121,4.8195,-3.0828,0.9559,2.90
97.850,14.8529,4.8345,-3.1322,13.9048,4.8318,-3.0774,0.9481,3.14
97.900,14.8379,4.8344,-3.1310,13.8779,4.8346,-3.0992,0.9600,1.82
97.950,14.8229,4.8342,-3.1283,13.8748,4.8273,-3.0882,0.9482,2.30
98.000,14.8079,4.8340,-3.1252,13.8799,4.8150,-3.0860,0.9282,2.24
98.050,14.7929,4.8338,-3.1208,13.8673,4.8090,-3.0923,0.9260,1.63
98.100,14.7779,4.8335,-3.1190,13.8404,4.8129,-3.1169,0.9378,0.12
98.150,14.7629,4.8331,-3.1175,13.8261,4.8268,-3.0891,0.9368,1.62
98.200,14.7479,4.8328,-3.1169,13.8152,4.8189,-3.1056,0.9328,0.65
98.250,14.7329,4.8324,-3.1184,13.8243,4.8520,-3.1136,0.9088,0.27
98.300,14.7179,4.8320,-3.1202,13.7985,4.8303,-3.1006,0.9194,1.13
98.350,14.7029,4.8317,-3.1225,13.7735,4.8476,-3.1150,0.9295,0.43
98.400,14.6879,4.8314,-3.1237,13.7476,4.8483,-3.0942,0.9405,1.69
98.450,14.6729,4.8312,-3.1261,13.7297,4.8343,-3.0823,0.9432,2.51
98.500,14.6579,4.8309,-3.1289,13.7091,4.8231,-3.0738,0.9488,3.16
98.550,14.6429,4.8308,-3.1312,13.6956,4.8389,-3.0892,0.9473,2.41
98.600,14.6279,4.8306,-3.1330,13.6803,4.8269,-3.0588,0.9476,4.25
98.650,14.6129,4.8305,-3.1355,13.6790,4.8053,-3.0848,0.9343,2.91
98.700,14.5979,4.8304,-3.1371,13.6452,4.8238,-3.1162,0.9527,1.20
98.750,14.5829,4.8303,-3.1378,13.6259,4.7933,-3.0911,0.9577,2.67
98.800,14.5679,4.8303,-3.1390,13.6202,4.7900,-3.1072,0.9485,1.82
98.850,14.5529,4.8302,-3.1391,13.6025,4.7712,-3.0737,0.9522,3.75
98.900,14.5379,4.8302,-3.1373,13.5940,4.7678,-3.0728,0.9460,3.70
98.950,14.5229,4.8301,-3.1356,13.5844,4.7624,-3.0711,0.9410,3.70
99.000,14.5079,4.8300,-3.1331,13.5765,4.7696,-3.0711,0.9333,3.55
99.050,14.4929,4.8299,-3.1330,13.5427,4.8018,-3.0926,0.9506,2.31
99.100,14.4779,4.8298,-3.1319,13.5290,4.7899,-3.0908,0.9497,2.36
99.150,14.4629,4.8296,-3.1309,13.5132,4.7793,-3.1296,0.9511,0.08
99.200,14.4479,4.8295,-3.1289,13.4763,4.7851,-3.1091,0.9726,1.13
99.250,14.4329,4.8293,-3.1257,13.4813,4.7934,-3.0767,0.9523,2.81
99.300,14.4179,4.8290,-3.1211,13.4952,4.7945,-3.0965,0.9233,1.41
99.350,14.4029,4.8287,-3.1195,13.4789,4.8021,-3.0827,0.9244,2.11
99.400,14.3879,4.8284,-3.1177,13.4383,4.8192,-3.0696,0.9496,2.76
99.450,14.3729,4.8280,-3.1162,13.4300,4.8332,-3.0748,0.9430,2.37
99.500,14.3579,4.8277,-3.1147,13.4039,4.8070,-3.0995,0.9542,0.87
99.550,14.3429,4.8272,-3.1136,13.3737,4.8048,-3.1105,0.9695,0.18
99.600,14.3279,4.8268,-3.1131,13.3582,4.8181,-3.1040,0.9697,0.52
99.650,14.3129,4.8264,-3.1125,13.3584,4.8177,-3.0984,0.9546,0.81
99.700,14.2980,4.8260,-3.1129,13.3525,4.7536,-3.1312,0.9483,1.05
99.750,14.2830,4.8255,-3.1135,13.3321,4.7772,-3.1330,0.9522,1.12
99.800,14.2680,4.8251,-3.1137,13.2968,4.7731,-3.1133,0.9726,0.02
99.850,14.2530,4.8247,-3.1127,13.2984,4.7806,-3.0677,0.9556,2.58
99.900,14.2380,4.8243,-3.1125,13.2872,4.7828,-3.0763,0.9517,2.08
99.950,14.2230,4.8238,-3.1112,13.2695,4.7920,-3.0951,0.9540,0.92
100.000,14.2080,4.8234,-3.1104,13.2555,4.7753,-3.0954,0.9537,0.86
100.050,14.1930,4.8229,-3.1099,13.2532,4.7821,-3.1075,0.9407,0.14
100.100,14.1780,4.8224,-3.1102,13.2500,4.7691,-3.0903,0.9295,1.14
100.150,14.1630,4.8220,-3.1118,13.2208,4.7811,-3.1052,0.9431,0.38
100.200,14.1480,4.8215,-3.1125,13.2029,4.7518,-3.1250,0.9477,0.71
100.250,14.1330,4.8211,-3.1149,13.1956,4.7588,-3.1065,0.9395,0.48
100.300,14.1180,4.8207,-3.1156,13.2007,4.7603,-3.1169,0.9193,0.08
100.350,14.1030,4.8203,-3.1161,13.1748,4.7873,-3.1172,0.9288,0.06
100.400,14.0880,4.8199,-3.1140,13.1421,4.8038,-3.1259,0.9460,0.68
100.450,14.0730,4.8195,-3.1117,13.1211,4.7938,-3.1059,0.9522,0.33
100.500,14.0581,4.8190,-3.1103,13.1001,4.8051,-3.1084,0.9581,0.11
100.550,14.0431,4.8186,-3.1091,13.1038,4.7945,-3.1037,0.9396,0.31
100.600,14.0281,4.8181,-3.1087,13.0968,4.7926,-3.1098,0.9316,0.06
100.650,14.0131,4.8176,-3.1060,13.0788,4.7988,-3.0909,0.9345,0.86
100.700,13.9981,4.8171,-3.1047,13.0560,4.7890,-3.1159,0.9425,0.64
100.750,13.9831,4.8165,-3.1013,13.0344,4.8110,-3.1095,0.9487,0.47
100.800,13.9681,4.8159,-3.0999,13.0207,4.8055,-3.1305,0.9475,1.75
100.850,13.9531,4.8153,-3.0970,12.9917,4.7947,-3.1095,0.9616,0.71
100.900,13.9381,4.8146,-3.0953,12.9774,4.7902,-3.1028,0.9610,0.43
100.950,13.9232,4.8139,-3.0948,12.9774,4.7890,-3.0740,0.9461,1.19
101.000,13.9082,4.8132,-3.0949,12.9827,4.7835,-3.1010,0.9259,0.35
101.050,13.8932,4.8125,-3.0942,12.9757,4.7851,-3.1183,0.9179,1.38
101.100,13.8782,4.8118,-3.0922,12.9643,4.7857,-3.0982,0.9143,0.34
101.150,13.8632,4.8111,-3.0914,12.9272,4.7802,-3.1173,0.9365,1.48
101.200,13.8482,4.8103,-3.0917,12.9179,4.7805,-3.0948,0.9308,0.18
101.250,13.8333,4.8096,-3.0923,12.9020,4.7790,-3.1074,0.9318,0.87
101.300,13.8183,4.8088,-3.0916,12.8791,4.7803,-3.1084,0.9397,0.96
101.350,13.8033,4.8081,-3.0906,12.8579,4.7548,-3.0965,0.9469,0.34
101.400,13.7883,4.8073,-3.0898,12.8342,4.7527,-3.1099,0.9557,1.15
101.450,13.7733,4.8065,-3.0856,12.8034,4.7475,-3.1156,0.9717,1.72
101.500,13.7584,4.8057,-3.0840,12.7970,4.7454,3.1213,0.9633,4.46
101.550,13.7434,4.8048,-3.0809,12.7750,4.7464,-3.1294,0.9702,2.78
101.600,13.7284,4.8039,-3.0788,12.7614,4.7417,-3.1276,0.9690,2.80
101.650,13.7134,4.8030,-3.0780,12.7331,4.7273,3.1273,0.9832,4.47
101.700,13.6985,4.8020,-3.0780,12.7336,4.7564,3.1385,0.9660,3.82
101.750,13.6835,4.8011,-3.0766,12.7175,4.7312,-3.1270,0.9685,2.89
101.800,13.6685,4.8001,-3.0768,12.7087,4.7462,3.1372,0.9613,3.96
101.850,13.6536,4.7991,-3.0776,12.6989,4.7571,3.1368,0.9556,3.94
101.900,13.6386,4.7982,-3.0762,12.6799,4.7502,-3.1247,0.9599,2.78
101.950,13.6236,4.7972,-3.0774,12.6660,4.7535,-3.1074,0.9586,1.72
102.000,13.6087,4.7962,-3.0783,12.6552,4.7485,-3.1197,0.9547,2.37
102.050,13.5937,4.7953,-3.0813,12.6488,4.7598,-3.1195,0.9456,2.19
102.100,13.5787,4.7944,-3.0845,12.6451,4.7418,-3.1386,0.9351,3.10
102.150,13.5637,4.7935,-3.0881,12.6282,4.7581,-3.1203,0.9362,1.85
102.200,13.5488,4.7927,-3.0913,12.6219,4.7641,3.1182,0.9273,4.22
102.250,13.5338,4.7920,-3.0918,12.6291,4.7638,3.1316,0.9051,3.43
102.300,13.5188,4.7912,-3.0931,12.5890,4.7499,-3.1414,0.9307,2.77
102.350,13.5038,4.7905,-3.0938,12.5582,4.7595,-3.1071,0.9461,0.76
102.400,13.4888,4.7898,-3.0947,12.5259,4.7414,-3.1329,0.9641,2.19
102.450,13.4739,4.7891,-3.0961,12.5149,4.7478,-3.1088,0.9599,0.73
102.500,13.4589,4.7884,-3.0969,12.5015,4.7556,-3.1242,0.9579,1.57
102.550,13.4439,4.7877,-3.0976,12.4930,4.7428,3.1237,0.9520,3.55
102.600,13.4289,4.7870,-3.0977,12.4959,4.7243,3.1090,0.9351,4.38
102.650,13.4139,4.7864,-3.0967,12.4658,4.7510,3.0963,0.9487,5.17
102.700,13.3989,4.7857,-3.0965,12.4717,4.7500,3.1103,0.9279,4.38
102.750,13.3839,4.7850,-3.0960,12.4657,4.7431,3.1411,0.9191,2.64
102.800,13.3690,4.7844,-3.0950,12.4365,4.7325,3.1212,0.9340,3.84
102.850,13.3540,4.7837,-3.0941,12.4126,4.7482,3.1077,0.9420,4.66
102.900,13.3390,4.7829,-3.0961,12.3760,4.7489,3.1169,0.9636,4.02
102.950,13.3240,4.7823,-3.0966,12.3536,4.7333,3.1095,0.9717,4.42
103.000,13.3090,4.7816,-3.0979,12.3159,4.7291,3.1080,0.9945,4.43
103.050,13.2940,4.7809,-3.1001,12.3332,4.7401,3.1247,0.9617,3.35
103.100,13.2790,4.7803,-3.1019,12.3360,4.7458,3.1241,0.9437,3.28
103.150,13.2641,4.7797,-3.1026,12.3245,4.7489,3.1165,0.9401,3.67
103.200,13.2491,4.7791,-3.1043,12.3196,4.7514,-3.1404,0.9299,2.07
103.250,13.2341,4.7786,-3.1051,12.2730,4.7670,-3.1401,0.9611,2.00
103.300,13.2191,4.7780,-3.1074,12.2551,4.7702,-3.1382,0.9640,1.77
103.350,13.2041,4.7775,-3.1084,12.2444,4.7649,3.1306,0.9598,2.53
103.400,13.1891,4.7770,-3.1109,12.2472,4.7788,3.0964,0.9419,4.35
103.450,13.1741,4.7766,-3.1135,12.2321,4.7764,3.1304,0.9420,2.25
103.500,13.1591,4.7761,-3.1156,12.2466,4.7703,-3.1092,0.9125,0.37
103.550,13.1441,4.7757,-3.1158,12.2108,4.7765,-3.1315,0.9333,0.90
103.600,13.1291,4.7754,-3.1143,12.2045,4.7590,-3.1156,0.9247,0.07
103.650,13.1141,4.7749,-3.1142,12.1979,4.7871,-3.1222,0.9163,0.46
103.700,13.0991,4.7745,-3.1131,12.2052,4.7896,-3.1326,0.8940,1.12
103.750,13.0841,4.7741,-3.1130,12.1800,4.8016,-3.1129,0.9045,0.00
103.800,13.0692,4.7737,-3.1128,12.1473,4.7764,-3.1230,0.9219,0.58
103.850,13.0542,4.7732,-3.1128,12.1376,4.7815,-3.1171,0.9166,0.24
103.900,13.0392,4.7728,-3.1126,12.1107,4.7749,-3.1346,0.9285,1.26
103.950,13.0242,4.7724,-3.1107,12.0966,4.7597,-3.1322,0.9277,1.23
104.000,13.0092,4.7719,-3.1086,12.0809,4.7722,3.1121,0.9283,3.58
104.050,12.9942,4.7714,-3.1081,12.0649,4.7641,3.1295,0.9293,2.61
104.100,12.9792,4.7709,-3.1082,12.0349,4.7549,-3.1137,0.9445,0.31
104.150,12.9642,4.7704,-3.1094,12.0097,4.7402,3.1359,0.9549,2.17
104.200,12.9492,4.7699,-3.1100,12.0018,4.7616,3.1396,0.9474,1.92
104.250,12.9342,4.7695,-3.1100,11.9812,4.7561,-3.1202,0.9531,0.58
104.300,12.9192,4.7690,-3.1105,11.9956,4.7691,-3.1027,0.9236,0.45
104.350,12.9042,4.7685,-3.1107,11.9765,4.7616,-3.1270,0.9277,0.93
104.400,12.8892,4.7681,-3.1116,11.9715,4.7937,-3.1106,0.9181,0.06
104.450,12.8742,4.7676,-3.1122,11.9352,4.7673,-3.1337,0.9390,1.23
104.500,12.8593,4.7672,-3.1126,11.9238,4.7863,-3.1127,0.9357,0.01
104.550,12.8443,4.7667,-3.1149,11.9231,4.7920,3.1272,0.9215,2.36
104.600,12.8293,4.7663,-3.1169,11.8788,4.7912,-3.1305,0.9508,0.78
104.650,12.8143,4.7660,-3.1189,11.8760,4.8010,-3.1039,0.9390,0.86
104.700,12.7993,4.7656,-3.1197,11.8571,4.8050,-3.1159,0.9430,0.22
104.750,12.7843,4.7653,-3.1214,11.8429,4.8165,-3.1055,0.9428,0.91
104.800,12.7693,4.7650,-3.1234,11.8093,4.8117,-3.1082,0.9612,0.87
104.850,12.7543,4.7647,-3.1254,11.8072,4.7894,-3.0928,0.9474,1.87
104.900,12.7393,4.7645,-3.1260,11.7925,4.7905,-3.0785,0.9472,2.72
104.950,12.7243,4.7642,-3.1286,11.7999,4.7806,-3.0907,0.9245,2.17
105.000,12.7093,4.7641,-3.1297,11.7677,4.7853,-3.1002,0.9418,1.69
105.050,12.6943,4.7639,-3.1302,11.7545,4.7920,-3.1151,0.9402,0.87
105.100,12.6793,4.7637,-3.1316,11.7452,4.7886,-3.0863,0.9344,2.60
105.150,12.6643,4.7636,-3.1334,11.6968,4.7722,-3.1141,0.9676,1.11
105.200,12.6493,4.7634,-3.1351,11.7415,4.7416,-3.0806,0.9081,3.13
105.250,12.6343,4.7633,-3.1361,11.7100,4.7679,-3.1215,0.9243,0.84
105.300,12.6193,4.7632,-3.1376,11.6787,4.7757,-3.1147,0.9406,1.31
105.350,12.6043,4.7632,-3.1387,11.6590,4.7643,-3.1254,0.9453,0.76
105.400,12.5893,4.7631,-3.1380,11.6269,4.7553,-3.1158,0.9624,1.27
105.450,12.5743,4.7631,-3.1378,11.6305,4.7518,-3.0959,0.9439,2.40
105.500,12.5593,4.7630,-3.1386,11.6164,4.7382,-3.1235,0.9433,0.87
105.550,12.5443,4.7630,-3.1399,11.6106,4.7397,-3.1285,0.9340,0.65
105.600,12.5293,4.7630,-3.1415,11.5721,4.7421,-3.1144,0.9574,1.55
105.650,12.5143,4.7630,3.1398,11.5524,4.7561,-3.1141,0.9619,1.68
105.700,12.4993,4.7630,3.1389,11.5445,4.7832,-3.0851,0.9550,3.39
105.750,12.4843,4.7630,3.1383,11.5456,4.7845,-3.1081,0.9390,2.11
105.800,12.4693,4.7631,3.1369,11.5169,4.7605,-3.1227,0.9524,1.35
105.850,12.4543,4.7631,3.1376,11.5104,4.7863,-3.1125,0.9442,1.89
105.900,12.4393,4.7632,3.1379,11.4910,4.7816,-3.0877,0.9484,3.30
105.950,12.4243,4.7633,3.1367,11.5128,4.7656,-3.1023,0.9115,2.53
106.000,12.4093,4.7633,3.1355,11.4901,4.7735,-3.1017,0.9193,2.64
106.050,12.3943,4.7634,3.1357,11.4791,4.7662,-3.1195,0.9152,1.60
106.100,12.3793,4.7635,3.1356,11.4718,4.7656,-3.0612,0.9075,4.95
106.150,12.3643,4.7636,3.1345,11.4289,4.7359,-3.1113,0.9358,2.14
106.200,12.3493,4.7637,3.1330,11.4108,4.7387,-3.1097,0.9388,2.32
106.250,12.3343,4.7638,3.1319,11.3868,4.7424,-3.0889,0.9478,3.57
106.300,12.3193,4.7640,3.1313,11.3709,4.7532,-3.1035,0.9485,2.77
106.350,12.3043,4.7641,3.1313,11.3554,4.7519,-3.0848,0.9490,3.84
106.400,12.2893,4.7643,3.1305,11.3417,4.7295,-3.1031,0.9482,2.84
106.450,12.2743,4.7645,3.1312,11.3372,4.7354,-3.1073,0.9375,2.56
106.500,12.2593,4.7646,3.1321,11.3004,4.7302,-3.1185,0.9595,1.87
106.550,12.2443,4.7648,3.1331,11.2881,4.7341,-3.0892,0.9567,3.49
106.600,12.2293,4.7649,3.1365,11.2668,4.7359,-3.0889,0.9629,3.31
106.650,12.2143,4.7650,3.1386,11.2607,4.7412,-3.0827,0.9539,3.54
106.700,12.1993,4.7650,3.1384,11.2553,4.7407,-3.0907,0.9443,3.10
106.750,12.1843,4.7651,3.1397,11.2692,4.7421,-3.0988,0.9154,2.56
106.800,12.1693,4.7651,3.1390,11.2313,4.7244,-3.1347,0.9389,0.54
106.850,12.1543,4.7651,3.1406,11.2362,4.7499,-3.1159,0.9183,1.53
106.900,12.1393,4.7651,-3.1403,11.2316,4.7654,-3.1003,0.9077,2.29
106.950,12.1243,4.7651,-3.1381,11.2018,4.7875,-3.0713,0.9228,3.83
107.000,12.1093,4.7651,-3.1373,11.1783,4.7820,-3.0906,0.9312,2.67
107.050,12.0943,4.7650,-3.1364,11.1754,4.7772,-3.0856,0.9190,2.91
107.100,12.0793,4.7649,-3.1353,11.1642,4.7661,-3.0727,0.9151,3.58
107.150,12.0643,4.7648,-3.1352,11.1434,4.7524,-3.0633,0.9210,4.12
107.200,12.0493,4.7647,-3.1331,11.1236,4.7350,-3.1140,0.9262,1.10
107.250,12.0343,4.7646,-3.1320,11.0622,4.7255,-3.0894,0.9729,2.44
107.300,12.0193,4.7645,-3.1327,11.0590,4.7446,-3.0717,0.9605,3.49
107.350,12.0043,4.7643,-3.1331,11.0662,4.7515,-3.0805,0.9382,3.01
107.400,11.9893,4.7642,-3.1324,11.0442,4.7654,-3.0877,0.9451,2.56
107.450,11.9743,4.7641,-3.1327,11.0249,4.7696,-3.0799,0.9495,3.02
107.500,11.9593,4.7639,-3.1327,11.0195,4.7492,-3.1138,0.9399,1.08
107.550,11.9443,4.7638,-3.1325,11.0029,4.7628,-3.0858,0.9414,2.68
107.600,11.9293,4.7637,-3.1308,10.9958,4.7486,-3.1070,0.9336,1.36
107.650,11.9143,4.7635,-3.1299,10.9504,4.7390,-3.1017,0.9643,1.62
107.700,11.8993,4.7633,-3.1285,10.9425,4.7248,-3.0919,0.9576,2.10
107.750,11.8843,4.7631,-3.1255,10.9346,4.7218,-3.1179,0.9506,0.44
107.800,11.8693,4.7629,-3.1232,10.9091,4.7288,-3.1123,0.9608,0.62
107.850,11.8543,4.7626,-3.1212,10.9025,4.7400,-3.1162,0.9520,0.29
107.900,11.8393,4.7623,-3.1185,10.8925,4.7112,-3.0966,0.9482,1.25
107.950,11.8243,4.7620,-3.1153,10.8693,4.7195,-3.1062,0.9560,0.52
108.000,11.8093,4.7616,-3.1124,10.8621,4.7304,-3.1030,0.9477,0.54
108.050,11.7943,4.7611,-3.1112,10.8491,4.7259,-3.1206,0.9459,0.54
108.100,11.7793,4.7607,-3.1104,10.8457,4.7245,-3.1059,0.9343,0.26
108.150,11.7643,4.7602,-3.1099,10.8331,4.7488,-3.1164,0.9312,0.37
108.200,11.7494,4.7597,-3.1087,10.8316,4.7481,-3.1242,0.9179,0.89
108.250,11.7344,4.7592,-3.1067,10.8325,4.7513,3.1399,0.9020,2.10
108.300,11.7194,4.7587,-3.1057,10.8260,4.7398,-3.0562,0.8936,2.84
108.350,11.7044,4.7582,-3.1048,10.8013,4.7050,-3.0963,0.9046,0.49
108.400,11.6894,4.7576,-3.1068,10.7786,4.7308,-3.0786,0.9112,1.62
108.450,11.6744,4.7571,-3.1059,10.7761,4.7204,-3.0934,0.8990,0.72
108.500,11.6594,4.7566,-3.1048,10.7560,4.7184,3.1255,0.9042,3.03
108.550,11.6444,4.7560,-3.1039,10.6938,4.7248,-3.1310,0.9511,1.55
108.600,11.6294,4.7554,-3.1039,10.7012,4.7427,-3.1195,0.9283,0.89
108.650,11.6144,4.7549,-3.1047,10.6796,4.7253,-3.1106,0.9353,0.34
108.700,11.5995,4.7543,-3.1057,10.6718,4.7218,-3.0948,0.9283,0.62
108.750,11.5845,4.7538,-3.1063,10.6617,4.7191,-3.1255,0.9234,1.10
108.800,11.5695,4.7533,-3.1072,10.6385,4.7255,-3.1353,0.9315,1.61
108.850,11.5545,4.7527,-3.1070,10.6321,4.7206,-3.1358,0.9230,1.65
108.900,11.5395,4.7522,-3.1056,10.5941,4.7079,-3.1379,0.9464,1.85
108.950,11.5245,4.7517,-3.1032,10.5840,4.7166,-3.1176,0.9412,0.83
109.000,11.5095,4.7511,-3.1022,10.5742,4.7088,3.1368,0.9363,2.53
109.050,11.4945,4.7505,-3.0992,10.5831,4.7276,-3.1087,0.9117,0.54
109.100,11.4795,4.7499,-3.0975,10.5598,4.7143,-3.1129,0.9204,0.88
109.150,11.4646,4.7492,-3.0968,10.5390,4.7040,3.1309,0.9267,3.18
109.200,11.4496,4.7486,-3.0953,10.5350,4.7158,-3.1380,0.9152,2.45
109.250,11.4346,4.7479,-3.0938,10.5178,4.7502,-3.0907,0.9168,0.18
109.300,11.4196,4.7471,-3.0945,10.4904,4.7367,-3.0821,0.9293,0.71
109.350,11.4046,4.7464,-3.0958,10.4610,4.7117,3.1254,0.9443,3.55
109.400,11.3896,4.7457,-3.0969,10.4416,4.7146,-3.1321,0.9485,2.02
109.450,11.3746,4.7451,-3.0982,10.4284,4.7333,-3.0856,0.9463,0.72
109.500,11.3597,4.7444,-3.0983,10.4328,4.7330,-3.0981,0.9269,0.01
109.550,11.3447,4.7438,-3.0990,10.4040,4.7255,-3.1089,0.9408,0.57
109.600,11.3297,4.7431,-3.1005,10.3725,4.7260,-3.1263,0.9574,1.48
109.650,11.3147,4.7425,-3.1016,10.3652,4.7154,3.1371,0.9499,2.55
109.700,11.2997,4.7419,-3.1025,10.3612,4.7216,3.1355,0.9387,2.59
109.750,11.2847,4.7413,-3.1041,10.3484,4.7170,3.1358,0.9366,2.48
109.800,11.2697,4.7408,-3.1055,10.3187,4.7133,-3.1276,0.9514,1.27
109.850,11.2547,4.7402,-3.1068,10.3041,4.7178,-3.1004,0.9509,0.37
109.900,11.2398,4.7397,-3.1079,10.2962,4.7176,-3.1132,0.9438,0.31
109.950,11.2248,4.7392,-3.1087,10.2795,4.7263,-3.0919,0.9454,0.96
110.000,11.2098,4.7387,-3.1094,10.2675,4.7081,-3.1255,0.9428,0.92
110.050,11.1948,4.7382,-3.1092,10.2639,4.7072,-3.1078,0.9314,0.08
110.100,11.1798,4.7377,-3.1085,10.2362,4.7014,-3.1291,0.9443,1.18
110.150,11.1648,4.7373,-3.1073,10.2287,4.7285,-3.0791,0.9362,1.62
110.200,11.1498,4.7367,-3.1058,10.2195,4.7213,-3.0740,0.9304,1.82
110.250,11.1348,4.7362,-3.1047,10.2226,4.7257,-3.0638,0.9122,2.34
110.300,11.1198,4.7356,-3.1047,10.1893,4.7199,-3.1278,0.9306,1.33
110.350,11.1048,4.7351,-3.1058,10.1647,4.7201,-3.0896,0.9402,0.93
110.400,11.0898,4.7346,-3.1063,10.1566,4.7109,-3.1190,0.9335,0.73
110.450,11.0749,4.7340,-3.1081,10.1376,4.7077,-3.1377,0.9377,1.70
110.500,11.0599,4.7335,-3.1092,10.1177,4.7129,-3.1051,0.9424,0.23
110.550,11.0449,4.7330,-3.1097,10.1021,4.7205,-3.1109,0.9429,0.07
110.600,11.0299,4.7326,-3.1091,10.0968,4.7162,-3.0916,0.9332,1.00
110.650,11.0149,4.7321,-3.1085,10.0872,4.7102,-3.0917,0.9279,0.96
110.700,10.9999,4.7316,-3.1081,10.0594,4.7115,-3.1125,0.9407,0.25
110.750,10.9849,4.7311,-3.1076,10.0396,4.7150,3.1408,0.9454,1.99
110.800,10.9699,4.7306,-3.1074,10.0206,4.7194,3.1333,0.9494,2.44
110.850,10.9549,4.7301,-3.1078,10.0069,4.7219,3.1122,0.9481,3.62
110.900,10.9399,4.7295,-3.1094,9.9945,4.7169,3.1286,0.9454,2.59
110.950,10.9249,4.7291,-3.1104,9.9826,4.7104,-3.0925,0.9425,1.02
111.000,10.9099,4.7286,-3.1111,9.9619,4.7120,-3.1071,0.9481,0.23
111.050,10.8949,4.7281,-3.1110,9.9443,4.7083,3.1169,0.9508,3.17
111.100,10.8800,4.7277,-3.1132,9.9250,4.7115,3.1047,0.9551,3.74
111.150,10.8650,4.7273,-3.1146,9.9220,4.7152,3.1237,0.9431,2.57
111.200,10.8500,4.7269,-3.1154,9.9013,4.7096,3.1130,0.9489,3.14
111.250,10.8350,4.7265,-3.1160,9.8832,4.7174,3.1080,0.9518,3.39
111.300,10.8200,4.7261,-3.1172,9.8291,4.7037,3.1268,0.9911,2.25
111.350,10.8050,4.7257,-3.1163,9.8310,4.7111,-3.1158,0.9741,0.03
111.400,10.7900,4.7253,-3.1152,9.8423,4.7011,-3.1175,0.9480,0.13
111.450,10.7750,4.7249,-3.1133,9.8057,4.6933,-3.1337,0.9699,1.17
111.500,10.7600,4.7245,-3.1150,9.7873,4.7031,3.1368,0.9730,1.80
111.550,10.7450,4.7241,-3.1180,9.8015,4.7133,3.0982,0.9435,3.84
111.600,10.7300,4.7238,-3.1196,9.7735,4.7147,-3.1360,0.9565,0.94
111.650,10.7150,4.7234,-3.1216,9.7709,4.7237,-3.1265,0.9441,0.28
111.700,10.7000,4.7231,-3.1215,9.7555,4.7093,-3.1028,0.9446,1.07
111.750,10.6850,4.7228,-3.1217,9.7313,4.7109,-3.1221,0.9538,0.02
111.800,10.6700,4.7225,-3.1207,9.7337,4.7081,-3.1158,0.9364,0.28
111.850,10.6550,4.7222,-3.1216,9.7184,4.7068,-3.1156,0.9367,0.34
111.900,10.6400,4.7219,-3.1233,9.7218,4.7198,-3.1033,0.9182,1.15
111.950,10.6250,4.7216,-3.1242,9.6597,4.7323,3.1350,0.9654,1.37
112.000,10.6100,4.7214,-3.1240,9.6409,4.7125,-3.1383,0.9691,0.82
112.050,10.5950,4.7211,-3.1242,9.6011,4.7105,-3.1342,0.9939,0.57
112.100,10.5800,4.7209,-3.1250,9.6045,4.6985,-3.1029,0.9758,1.26
112.150,10.5650,4.7206,-3.1258,9.6291,4.6963,-3.0700,0.9362,3.19
112.200,10.5500,4.7204,-3.1262,9.5993,4.7116,-3.1158,0.9507,0.60
112.250,10.5350,4.7201,-3.1266,9.6075,4.7111,-3.1290,0.9276,0.14
112.300,10.5200,4.7199,-3.1277,9.5747,4.7140,3.1120,0.9453,2.49
112.350,10.5050,4.7197,-3.1281,9.5486,4.7028,-3.1246,0.9565,0.20
112.400,10.4900,4.7195,-3.1283,9.5546,4.7081,3.1383,0.9354,0.95
112.450,10.4750,4.7193,-3.1278,9.5272,4.7048,-3.1292,0.9479,0.08
112.500,10.4600,4.7191,-3.1283,9.5199,4.7208,3.1226,0.9401,1.85
112.550,10.4450,4.7189,-3.1281,9.4809,4.7175,3.1017,0.9641,3.06
112.600,10.4301,4.7187,-3.1284,9.4725,4.7241,-3.1391,0.9576,0.61
112.650,10.4151,4.7185,-3.1289,9.4901,4.7419,3.1244,0.9253,1.71
112.700,10.4001,4.7183,-3.1291,9.4769,4.7215,3.1318,0.9232,1.28
112.750,10.3851,4.7181,-3.1294,9.4368,4.7178,3.1242,0.9483,1.70
112.800,10.3701,4.7179,-3.1291,9.4238,4.7300,3.1404,0.9464,0.79
112.850,10.3551,4.7178,-3.1288,9.4159,4.7006,-3.1197,0.9394,0.52
112.900,10.3401,4.7176,-3.1281,9.3908,4.7146,-3.1013,0.9493,1.54
112.950,10.3251,4.7174,-3.1277,9.3643,4.7018,-3.1105,0.9609,0.98
113.000,10.3101,4.7171,-3.1280,9.3613,4.7018,-3.1065,0.9489,1.23
113.050,10.2951,4.7169,-3.1289,9.3426,4.6908,-3.1069,0.9528,1.26
113.100,10.2801,4.7168,-3.1293,9.3235,4.6976,3.1202,0.9568,1.93
113.150,10.2651,4.7166,-3.1299,9.3190,4.6884,-3.1272,0.9466,0.15
113.200,10.2501,4.7164,-3.1306,9.3032,4.6939,3.1402,0.9471,0.71
113.250,10.2351,4.7162,-3.1318,9.3063,4.7140,3.1303,0.9288,1.21
113.300,10.2201,4.7161,-3.1327,9.3005,4.7348,-3.1250,0.9197,0.44
113.350,10.2051,4.7159,-3.1334,9.2953,4.7199,-3.1227,0.9098,0.61
113.400,10.1901,4.7158,-3.1348,9.2651,4.7156,-3.1261,0.9250,0.50
113.450,10.1751,4.7157,-3.1361,9.2639,4.7169,-3.0886,0.9112,2.72
113.500,10.1601,4.7156,-3.1359,9.2665,4.6656,-3.0702,0.8950,3.77
113.550,10.1451,4.7156,-3.1367,9.2456,4.6670,-3.0934,0.9008,2.48
113.600,10.1301,4.7155,-3.1373,9.2285,4.6751,-3.1172,0.9025,1.15
113.650,10.1151,4.7154,-3.1374,9.1717,4.6698,-3.1169,0.9445,1.17
113.700,10.1001,4.7154,-3.1381,9.1356,4.6938,-3.1065,0.9647,1.81
113.750,10.0851,4.7153,-3.1383,9.1303,4.6595,-3.1367,0.9564,0.09
113.800,10.0701,4.7153,-3.1392,9.1248,4.6788,3.1357,0.9460,0.48
113.850,10.0551,4.7152,-3.1405,9.0922,4.7073,3.1253,0.9630,1.00
113.900,10.0401,4.7152,-3.1411,9.0815,4.7091,3.1237,0.9587,1.05
113.950,10.0251,4.7152,-3.1404,9.0518,4.7131,3.1373,0.9733,0.31
114.000,10.0101,4.7152,-3.1392,9.0252,4.7005,3.1160,0.9851,1.61
114.050,9.9951,4.7151,-3.1370,9.0002,4.6847,3.1074,0.9953,2.22
114.100,9.9801,4.7151,-3.1357,9.0188,4.6896,-3.1409,0.9616,0.30
114.150,9.9651,4.7150,-3.1370,9.0103,4.6962,-3.1380,0.9549,0.06
114.200,9.9501,4.7149,-3.1377,8.9633,4.6853,3.1367,0.9873,0.50
114.250,9.9351,4.7149,-3.1366,8.9665,4.6799,-3.1320,0.9692,0.26
114.300,9.9201,4.7148,-3.1346,8.9479,4.6960,-3.1399,0.9724,0.30
114.350,9.9051,4.7147,-3.1330,8.9600,4.7134,-3.1402,0.9451,0.41
114.400,9.8901,4.7145,-3.1315,8.9211,4.7111,-3.1188,0.9690,0.73
114.450,9.8751,4.7144,-3.1291,8.9135,4.7439,3.0740,0.9620,4.59
114.500,9.8601,4.7142,-3.1284,8.9084,4.7432,3.0804,0.9522,4.26
114.550,9.8451,4.7140,-3.1286,8.8794,4.7197,-3.1383,0.9657,0.56
114.600,9.8301,4.7138,-3.1296,8.8805,4.6914,3.1394,0.9499,0.81
114.650,9.8151,4.7136,-3.1303,8.8671,4.6939,3.1162,0.9482,2.10
114.700,9.8001,4.7135,-3.1300,8.8586,4.7154,3.1100,0.9415,2.47
114.750,9.7851,4.7133,-3.1294,8.8342,4.7056,3.1129,0.9509,2.34
114.800,9.7701,4.7131,-3.1287,8.8233,4.6918,-3.1315,0.9471,0.16
114.850,9.7551,4.7129,-3.1278,8.8125,4.6928,3.1414,0.9429,0.80
114.900,9.7401,4.7127,-3.1284,8.8238,4.7069,-3.1391,0.9163,0.61
114.950,9.7251,4.7125,-3.1284,8.8097,4.7017,-3.1383,0.9155,0.57
115.000,9.7101,4.7123,-3.1287,8.7524,4.6903,-3.1259,0.9580,0.16
115.050,9.6951,4.7121,-3.1292,8.7427,4.6814,-3.1347,0.9529,0.31
115.100,9.6801,4.7119,-3.1292,8.7194,4.6905,3.1370,0.9609,0.97
115.150,9.6651,4.7118,-3.1271,8.7056,4.6841,-3.1398,0.9599,0.73
115.200,9.6501,4.7115,-3.1266,8.6764,4.6736,-3.1348,0.9744,0.47
115.250,9.6351,4.7113,-3.1263,8.6646,4.6911,3.1329,0.9707,1.37
115.300,9.6201,4.7111,-3.1277,8.6454,4.7061,3.1109,0.9747,2.56
115.350,9.6051,4.7109,-3.1302,8.6183,4.7128,3.1173,0.9868,2.04
115.400,9.5901,4.7107,-3.1304,8.6362,4.7195,3.0919,0.9540,3.49
115.450,9.5751,4.7105,-3.1303,8.6241,4.7323,3.1162,0.9512,2.10
115.500,9.5601,4.7104,-3.1287,8.5984,4.7208,3.1245,0.9618,1.72
115.550,9.5451,4.7102,-3.1293,8.5757,4.7366,3.0868,0.9697,3.84
115.600,9.5301,4.7100,-3.1288,8.5718,4.7206,3.0771,0.9583,4.43
115.650,9.5151,4.7098,-3.1291,8.5778,4.7215,3.0986,0.9374,3.18
115.700,9.5001,4.7096,-3.1275,8.5485,4.7277,3.1248,0.9517,1.77
115.750,9.4851,4.7094,-3.1255,8.5196,4.7031,3.1196,0.9655,2.18
115.800,9.4701,4.7092,-3.1244,8.5292,4.7137,3.1392,0.9409,1.12
115.850,9.4551,4.7089,-3.1215,8.5475,4.7076,-3.1353,0.9076,0.79
115.900,9.4401,4.7086,-3.1202,8.5465,4.7196,3.1227,0.8937,2.31
115.950,9.4251,4.7083,-3.1189,8.5421,4.6883,3.1363,0.8833,1.60
116.000,9.4101,4.7079,-3.1173,8.5083,4.6908,3.1350,0.9020,1.77
116.050,9.3951,4.7076,-3.1182,8.4597,4.7085,3.1041,0.9354,3.49
116.100,9.3801,4.7072,-3.1188,8.4485,4.7164,3.1331,0.9317,1.79
116.150,9.3651,4.7069,-3.1199,8.4158,4.6925,3.1071,0.9494,3.22
116.200,9.3501,4.7066,-3.1212,8.4114,4.7015,3.1296,0.9387,1.86
116.250,9.3351,4.7062,-3.1231,8.3961,4.6811,3.0987,0.9394,3.52
116.300,9.3201,4.7060,-3.1230,8.3978,4.6979,3.1121,0.9223,2.76
116.350,9.3051,4.7057,-3.1245,8.3759,4.7109,3.1358,0.9292,1.31
116.400,9.2901,4.7054,-3.1251,8.3730,4.7240,-3.1337,0.9173,0.49
116.450,9.2751,4.7052,-3.1243,8.3590,4.6984,-3.1069,0.9161,1.00
116.500,9.2601,4.7049,-3.1230,8.2935,4.6886,3.1406,0.9668,1.12
116.550,9.2452,4.7047,-3.1227,8.2586,4.6869,3.1071,0.9868,3.06
116.600,9.2302,4.7044,-3.1226,8.2580,4.6963,3.1274,0.9723,1.90
116.650,9.2152,4.7041,-3.1236,8.2499,4.6882,-3.1280,0.9655,0.25
116.700,9.2002,4.7038,-3.1285,8.2457,4.6794,3.1237,0.9548,1.77
116.750,9.1852,4.7036,-3.1328,8.2288,4.6835,3.1251,0.9567,1.45
116.800,9.1702,4.7035,-3.1358,8.2567,4.7069,3.0925,0.9135,3.14
116.850,9.1552,4.7034,-3.1396,8.2203,4.7255,3.1007,0.9351,2.46
116.900,9.1402,4.7034,3.1412,8.2047,4.7130,3.0977,0.9355,2.49
116.950,9.1252,4.7034,3.1372,8.1918,4.7480,3.0752,0.9345,3.55
117.000,9.1102,4.7034,3.1351,8.1561,4.7468,3.0871,0.9551,2.75
117.050,9.0952,4.7035,3.1356,8.1525,4.7355,3.0954,0.9433,2.30
117.100,9.0802,4.7036,3.1363,8.1357,4.7348,3.0872,0.9450,2.82
117.150,9.0652,4.7037,3.1367,8.1064,4.7426,3.0751,0.9596,3.53
117.200,9.0502,4.7038,3.1369,8.0847,4.7450,3.1151,0.9664,1.25
117.250,9.0352,4.7039,3.1364,8.0633,4.7551,-3.1320,0.9732,0.85
117.300,9.0202,4.7039,3.1352,8.0442,4.7377,3.1407,0.9766,0.32
117.350,9.0052,4.7040,3.1343,8.0494,4.7400,3.1252,0.9565,0.52
117.400,8.9902,4.7041,3.1330,8.0304,4.7238,-3.1337,0.9600,0.94
117.450,8.9752,4.7043,3.1309,8.0351,4.7017,-3.0951,0.9401,3.27
117.500,8.9602,4.7044,3.1300,8.0136,4.7089,-3.0934,0.9466,3.43
117.550,8.9452,4.7046,3.1301,8.0009,4.7060,-3.1057,0.9443,2.71
117.600,8.9302,4.7048,3.1295,8.0007,4.7147,3.1350,0.9295,0.32
117.650,8.9152,4.7050,3.1335,7.9875,4.7081,-3.1319,0.9277,1.02
117.700,8.9002,4.7051,3.1373,7.9817,4.6975,3.1369,0.9186,0.02
117.750,8.8852,4.7051,3.1377,7.9577,4.6973,3.1345,0.9275,0.18
117.800,8.8702,4.7052,3.1366,7.9269,4.6772,-3.1397,0.9437,0.40
117.850,8.8552,4.7053,3.1363,7.9265,4.6929,-3.1257,0.9288,1.21
117.900,8.8402,4.7053,3.1375,7.8892,4.6773,-3.1325,0.9514,0.76
117.950,8.8252,4.7054,3.1380,7.8729,4.6960,3.1397,0.9524,0.10
118.000,8.8102,4.7055,3.1365,7.8848,4.6812,-3.1284,0.9257,1.05
118.050,8.7952,4.7055,3.1353,7.8697,4.6841,-3.0978,0.9257,2.87
118.100,8.7802,4.7056,3.1350,7.8497,4.6877,-3.1415,0.9307,0.38
118.150,8.7652,4.7057,3.1343,7.8357,4.6841,3.1372,0.9298,0.17
118.200,8.7502,4.7058,3.1325,7.8146,4.7132,3.0977,0.9357,1.99
118.250,8.7352,4.7060,3.1304,7.7909,4.7131,3.1209,0.9444,0.54
118.300,8.7202,4.7061,3.1292,7.7832,4.7277,3.1058,0.9373,1.34
118.350,8.7052,4.7063,3.1274,7.7708,4.7092,3.1325,0.9344,0.29
118.400,8.6902,4.7065,3.1247,7.7175,4.7367,3.1109,0.9731,0.79
118.450,8.6752,4.7068,3.1236,7.7022,4.7571,3.0876,0.9743,2.06
118.500,8.6602,4.7071,3.1241,7.6922,4.7480,3.1055,0.9689,1.07
118.550,8.6452,4.7073,3.1247,7.6884,4.7182,3.1056,0.9569,1.09
118.600,8.6302,4.7076,3.1266,7.6700,4.7211,3.1304,0.9603,0.22
118.650,8.6152,4.7078,3.1284,7.6695,4.6965,3.0795,0.9458,2.80
118.700,8.6002,4.7080,3.1293,7.6799,4.6716,3.1004,0.9210,1.66
118.750,8.5852,4.7082,3.1323,7.6814,4.6885,3.1223,0.9040,0.57
118.800,8.5702,4.7083,3.1346,7.6611,4.6911,-3.1085,0.9092,2.30
118.850,8.5552,4.7084,3.1363,7.6481,4.6700,-3.1275,0.9079,1.11
118.900,8.5402,4.7085,3.1376,7.6359,4.6643,3.1313,0.9054,0.36
118.950,8.5252,4.7086,3.1375,7.6310,4.6672,3.1312,0.8952,0.36
119.000,8.5102,4.7086,3.1375,7.6063,4.6466,-3.1327,0.9060,0.75
119.050,8.4952,4.7087,3.1368,7.6006,4.6737,3.1071,0.8953,1.70
119.100,8.4802,4.7088,3.1377,7.5654,4.6770,3.1039,0.9153,1.94
119.150,8.4652,4.7088,3.1362,7.5211,4.6816,3.0973,0.9445,2.23
119.200,8.4502,4.7089,3.1348,7.4960,4.6808,3.1037,0.9546,1.78
119.250,8.4352,4.7090,3.1355,7.4895,4.6994,3.0853,0.9458,2.88
119.300,8.4202,4.7091,3.1358,7.4660,4.6816,3.0675,0.9546,3.91
119.350,8.4052,4.7092,3.1352,7.4690,4.7009,3.0788,0.9362,3.23
119.400,8.3902,4.7093,3.1344,7.4476,4.7166,3.0808,0.9426,3.07
119.450,8.3752,4.7094,3.1331,7.4275,4.7332,3.0922,0.9480,2.34
119.500,8.3602,4.7095,3.1326,7.4110,4.7284,3.1030,0.9493,1.70
119.550,8.3452,4.7097,3.1324,7.4019,4.7408,3.0997,0.9438,1.87
119.600,8.3302,4.7098,3.1328,7.3819,4.7304,3.1068,0.9485,1.49
119.650,8.3152,4.7099,3.1301,7.3731,4.7296,3.1168,0.9423,0.76
119.700,8.3002,4.7101,3.1283,7.3597,4.7324,3.1092,0.9408,1.10
119.750,8.2852,4.7103,3.1274,7.3389,4.7263,3.0864,0.9465,2.35
119.800,8.2702,4.7105,3.1265,7.3251,4.7132,3.1086,0.9451,1.03
119.850,8.2552,4.7107,3.1243,7.3166,4.7274,3.1090,0.9388,0.88
119.900,8.2402,4.7110,3.1225,7.3232,4.7090,3.1078,0.9170,0.84
119.950,8.2252,4.7113,3.1208,7.3060,4.7227,3.0846,0.9193,2.07
120.000,8.2102,4.7116,3.1216,7.3159,4.7172,3.1100,0.8943,0.66
120.050,8.1952,4.7119,3.1232,7.2736,4.7168,3.0965,0.9216,1.53
120.100,8.1802,4.7122,3.1242,7.2646,4.7276,3.0847,0.9158,2.26
120.150,8.1652,4.7124,3.1279,7.2585,4.7107,3.1024,0.9068,1.46
120.200,8.1502,4.7126,3.1311,7.2528,4.7223,3.1062,0.8974,1.43
120.250,8.1352,4.7128,3.1334,7.2366,4.7167,3.1251,0.8986,0.48
120.300,8.1202,4.7129,3.1360,7.1895,4.7195,-3.1219,0.9307,1.45
120.350,8.1052,4.7130,3.1393,7.1709,4.7041,3.1248,0.9343,0.83
120.400,8.0902,4.7130,3.1415,7.1602,4.7122,3.1243,0.9300,0.99
120.450,8.0752,4.7130,-3.1399,7.1463,4.7055,3.0884,0.9289,3.14
120.500,8.0602,4.7130,-3.1389,7.1340,4.7261,3.0951,0.9263,2.82
120.550,8.0452,4.7130,-3.1372,7.1191,4.7023,3.1217,0.9262,1.39
120.600,8.0302,4.7129,-3.1373,7.0990,4.7266,3.1080,0.9313,2.17
120.650,8.0152,4.7128,-3.1399,7.0975,4.7124,3.1028,0.9177,2.32
120.700,8.0002,4.7128,3.1411,7.0732,4.7268,3.0905,0.9271,2.90
120.750,7.9852,4.7128,3.1391,7.0558,4.7385,3.1147,0.9298,1.40
120.800,7.9702,4.7129,3.1389,7.0533,4.7388,3.1009,0.9172,2.18
120.850,7.9552,4.7129,3.1377,7.0301,4.7466,3.1086,0.9257,1.66
120.900,7.9402,4.7130,3.1364,7.0146,4.7431,3.0963,0.9261,2.30
120.950,7.9252,4.7130,3.1351,6.9972,4.7449,3.0992,0.9286,2.06
121.000,7.9102,4.7131,3.1323,6.9844,4.7442,3.1019,0.9263,1.74
121.050,7.8952,4.7133,3.1301,6.9665,4.7359,3.0979,0.9290,1.84
121.100,7.8802,4.7134,3.1270,6.9530,4.7527,3.1121,0.9280,0.86
121.150,7.8652,4.7137,3.1255,6.9324,4.7555,3.0877,0.9337,2.16
121.200,7.8502,4.7139,3.1225,6.9102,4.7426,3.0900,0.9404,1.86
121.250,7.8352,4.7142,3.1189,6.8972,4.7494,3.0907,0.9387,1.61
121.300,7.8202,4.7145,3.1167,6.8906,4.7241,3.1100,0.9297,0.38
121.350,7.8052,4.7149,3.1144,6.8802,4.7549,3.1390,0.9258,1.41
121.400,7.7902,4.7153,3.1151,6.8517,4.7308,-3.1341,0.9387,1.95
121.450,7.7752,4.7157,3.1150,6.8521,4.7435,-3.1406,0.9236,1.58
121.500,7.7603,4.7161,3.1163,6.8286,4.7434,3.1337,0.9321,1.00
121.550,7.7453,4.7165,3.1157,6.8075,4.7555,3.1310,0.9386,0.87
121.600,7.7303,4.7169,3.1175,6.7822,4.7521,3.1303,0.9488,0.74
121.650,7.7153,4.7172,3.1218,6.7952,4.7428,-3.1214,0.9205,2.29
121.700,7.7003,4.7175,3.1248,6.7687,4.7430,-3.1130,0.9319,2.60
121.750,7.6853,4.7178,3.1255,6.7554,4.7385,3.1388,0.9301,0.76
121.800,7.6703,4.7180,3.1256,6.7245,4.7231,3.1414,0.9458,0.91
121.850,7.6553,4.7183,3.1255,6.7207,4.7627,-3.1301,0.9356,1.58
121.900,7.6403,4.7185,3.1227,6.6999,4.7565,-3.1275,0.9411,1.89
121.950,7.6253,4.7188,3.1206,6.6794,4.7545,3.1387,0.9466,1.04
122.000,7.6103,4.7191,3.1167,6.6809,4.7689,-3.1195,0.9308,2.69
122.050,7.5953,4.7195,3.1118,6.6445,4.7585,3.1284,0.9516,0.95
122.100,7.5803,4.7199,3.1071,6.6317,4.7691,3.1168,0.9499,0.56
122.150,7.5653,4.7204,3.1027,6.6111,4.7712,3.1135,0.9556,0.62
122.200,7.5503,4.7210,3.0959,6.6008,4.7585,3.1162,0.9503,1.16
122.250,7.5353,4.7217,3.0929,6.5840,4.7572,3.1310,0.9519,2.18
122.300,7.5203,4.7224,3.0905,6.5835,4.7672,-3.1220,0.9379,4.05
122.350,7.5054,4.7232,3.0891,6.5480,4.7285,3.1251,0.9574,2.06
122.400,7.4904,4.7240,3.0874,6.5304,4.7116,3.1399,0.9600,3.01
122.450,7.4754,4.7248,3.0874,6.5084,4.7006,3.1365,0.9673,2.82
122.500,7.4604,4.7256,3.0868,6.5231,4.6992,3.1201,0.9377,1.91
122.550,7.4455,4.7264,3.0871,6.5087,4.7008,3.1222,0.9371,2.01
122.600,7.4305,4.7273,3.0882,6.4980,4.7246,-3.1174,0.9325,4.45
122.650,7.4155,4.7281,3.0900,6.4900,4.7355,3.1309,0.9255,2.35
122.700,7.4005,4.7288,3.0911,6.4666,4.7443,3.1300,0.9340,2.23
122.750,7.3855,4.7296,3.0931,6.4429,4.7477,3.1293,0.9428,2.07
122.800,7.3706,4.7303,3.0942,6.4266,4.7289,-3.1068,0.9440,4.71
122.850,7.3556,4.7310,3.0950,6.4056,4.7386,3.1298,0.9500,2.00
122.900,7.3406,4.7317,3.0961,6.3713,4.7575,-3.1401,0.9697,2.69
122.950,7.3256,4.7324,3.0976,6.3849,4.7546,3.1409,0.9410,2.48
123.000,7.3106,4.7331,3.0976,6.3733,4.7497,-3.1019,0.9375,4.79
123.050,7.2956,4.7337,3.0984,6.3378,4.7603,3.1299,0.9582,1.80
123.100,7.2806,4.7344,3.0982,6.3235,4.7671,3.1353,0.9577,2.12
123.150,7.2657,4.7350,3.0994,6.2949,4.7650,-3.1129,0.9713,4.06
123.200,7.2507,4.7357,3.0996,6.2773,4.7586,-3.1300,0.9737,3.07
123.250,7.2357,4.7363,3.1001,6.2561,4.7642,-3.1344,0.9800,2.79
123.300,7.2207,4.7369,3.1017,6.2590,4.7530,-3.1376,0.9618,2.51
123.350,7.2057,4.7375,3.1016,6.2475,4.7546,3.1379,0.9583,2.08
123.400,7.1907,4.7381,3.1022,6.2239,4.7776,3.1346,0.9676,1.86
123.450,7.1757,4.7387,3.1018,6.2223,4.7719,-3.1111,0.9540,4.03
123.500,7.1607,4.7393,3.1005,6.2136,4.7703,3.1360,0.9476,2.03
123.550,7.1458,4.7399,3.0994,6.1941,4.7901,-3.1312,0.9530,3.01
123.600,7.1308,4.7405,3.0987,6.1672,4.7794,-3.1348,0.9644,2.85
123.650,7.1158,4.7412,3.0987,6.1612,4.7773,-3.1373,0.9553,2.70
123.700,7.1008,4.7418,3.0998,6.1442,4.7621,-3.1358,0.9569,2.73
123.750,7.0858,4.7425,3.0986,6.1492,4.7585,-3.1350,0.9367,2.84
123.800,7.0708,4.7431,3.0992,6.1416,4.7636,-3.1178,0.9295,3.79
123.850,7.0558,4.7437,3.0992,6.1394,4.7576,-3.1133,0.9165,4.05
123.900,7.0409,4.7444,3.1003,6.1001,4.7488,-3.1359,0.9408,2.69
123.950,7.0259,4.7450,3.1015,6.0969,4.7497,3.1293,0.9290,1.59
124.000,7.0109,4.7456,3.1030,6.0788,4.7559,-3.1395,0.9321,2.33
124.050,6.9959,4.7462,3.1049,6.0466,4.7468,-3.1209,0.9493,3.29
124.100,6.9809,4.7467,3.1069,6.0483,4.7620,-3.1110,0.9327,3.74
124.150,6.9659,4.7472,3.1090,6.0553,4.7511,-3.1092,0.9107,3.72
124.200,6.9509,4.7477,3.1110,6.0375,4.7583,-3.0986,0.9134,4.22
124.250,6.9359,4.7482,3.1126,6.0224,4.7549,-3.1085,0.9135,3.56
124.300,6.9209,4.7486,3.1150,5.9745,4.7640,-3.1116,0.9465,3.24
124.350,6.9059,4.7490,3.1185,5.9628,4.7728,-3.1074,0.9434,3.28
124.400,6.8909,4.7494,3.1210,5.9608,4.7540,-3.0866,0.9301,4.33
124.450,6.8759,4.7497,3.1239,5.9609,4.7576,-3.1233,0.9150,2.06
124.500,6.8609,4.7499,3.1242,5.9397,4.7563,-3.1382,0.9213,1.19
124.550,6.8459,4.7502,3.1260,5.8868,4.7327,-3.1322,0.9593,1.43
124.600,6.8310,4.7504,3.1254,5.8889,4.7381,3.1374,0.9422,0.69
124.650,6.8160,4.7507,3.1261,5.8852,4.7340,-3.1297,0.9310,1.57
124.700,6.8010,4.7509,3.1270,5.8516,4.7291,3.1220,0.9497,0.29
124.750,6.7860,4.7511,3.1287,5.8582,4.7357,-3.1035,0.9280,2.92
124.800,6.7710,4.7513,3.1300,5.8385,4.7467,-3.1055,0.9325,2.73
124.850,6.7560,4.7515,3.1298,5.8099,4.7152,-3.1136,0.9468,2.28
124.900,6.7410,4.7517,3.1294,5.8151,4.7349,-3.1125,0.9261,2.36
124.950,6.7260,4.7519,3.1296,5.7916,4.7204,-3.1392,0.9349,0.82
125.000,6.7110,4.7520,3.1287,5.8108,4.7414,3.1411,0.9002,0.71
125.050,6.6960,4.7522,3.1299,5.7905,4.7568,3.1175,0.9055,0.71
125.100,6.6810,4.7524,3.1307,5.7589,4.7472,3.1321,0.9222,0.08
125.150,6.6660,4.7526,3.1318,5.7232,4.7425,3.1291,0.9429,0.15
125.200,6.6510,4.7527,3.1330,5.7101,4.7482,3.1287,0.9409,0.24
125.250,6.6360,4.7528,3.1346,5.6760,4.7646,3.1260,0.9601,0.49
125.300,6.6210,4.7530,3.1372,5.6727,4.7814,3.1317,0.9487,0.32
125.350,6.6060,4.7530,3.1400,5.6598,4.7507,3.1256,0.9462,0.82
125.400,6.5910,4.7530,-3.1412,5.6511,4.7531,3.1190,0.9399,1.32
125.450,6.5760,4.7530,-3.1398,5.6307,4.7655,3.1152,0.9454,1.61
125.500,6.5610,4.7530,-3.1387,5.6266,4.7631,-3.1345,0.9345,0.24
125.550,6.5460,4.7530,-3.1388,5.5999,4.7619,-3.1032,0.9461,2.04
125.600,6.5310,4.7529,-3.1404,5.5830,4.7702,-3.1076,0.9482,1.88
125.650,6.5160,4.7529,3.1406,5.5803,4.7745,-3.1183,0.9360,1.39
125.700,6.5010,4.7529,3.1388,5.5719,4.7641,-3.1009,0.9291,2.49
125.750,6.4860,4.7530,3.1370,5.5569,4.7512,-3.1341,0.9291,0.69
125.800,6.4710,4.7530,3.1354,5.5359,4.7498,-3.1302,0.9351,1.01
125.850,6.4560,4.7531,3.1354,5.5022,4.7500,-3.1200,0.9538,1.59
125.900,6.4410,4.7532,3.1360,5.4994,4.7502,-3.0919,0.9416,3.17
125.950,6.4260,4.7533,3.1368,5.4932,4.7601,-3.0752,0.9328,4.08
126.000,6.4110,4.7534,3.1351,5.4737,4.7292,-3.0981,0.9376,2.87
126.050,6.3960,4.7535,3.1353,5.4662,4.7480,-3.1256,0.9298,1.28
126.100,6.3810,4.7536,3.1362,5.4591,4.7372,-3.1411,0.9221,0.33
126.150,6.3660,4.7536,3.1371,5.4483,4.7347,-3.1291,0.9179,0.97
126.200,6.3510,4.7537,3.1364,5.4293,4.7345,-3.1197,0.9219,1.55
126.250,6.3360,4.7538,3.1379,5.4212,4.7385,3.1391,0.9149,0.07
126.300,6.3210,4.7538,3.1396,5.3757,4.7667,-3.1351,0.9454,0.48
126.350,6.3060,4.7539,3.1401,5.3677,4.7753,3.1253,0.9386,0.85
126.400,6.2910,4.7539,3.1408,5.3559,4.7480,3.1337,0.9351,0.41
126.450,6.2760,4.7539,-3.1412,5.3294,4.7449,-3.1367,0.9466,0.26
126.500,6.2610,4.7539,-3.1406,5.3090,4.7388,-3.1180,0.9521,1.30
126.550,6.2460,4.7539,-3.1397,5.2849,4.7338,-3.1371,0.9613,0.15
126.600,6.2310,4.7539,-3.1370,5.2606,4.7405,3.1369,0.9705,0.53
126.650,6.2160,4.7538,-3.1359,5.2690,4.7343,-3.1325,0.9472,0.19
126.700,6.2010,4.7537,-3.1338,5.2449,4.7394,-3.1338,0.9562,0.00
126.750,6.1860,4.7536,-3.1305,5.2311,4.7392,-3.1280,0.9550,0.14
126.800,6.1710,4.7534,-3.1279,5.2113,4.7223,-3.1010,0.9602,1.54
126.850,6.1560,4.7532,-3.1253,5.2057,4.7189,-3.1247,0.9510,0.03
126.900,6.1410,4.7530,-3.1240,5.1893,4.7283,-3.1264,0.9521,0.14
126.950,6.1260,4.7527,-3.1230,5.1728,4.7333,3.1362,0.9534,1.37
127.000,6.1110,4.7524,-3.1222,5.1788,4.7339,-3.1327,0.9324,0.60
127.050,6.0960,4.7521,-3.1220,5.1636,4.7441,-3.1153,0.9325,0.39
127.100,6.0810,4.7518,-3.1218,5.1444,4.7448,-3.1268,0.9366,0.29
127.150,6.0660,4.7516,-3.1209,5.1328,4.7592,3.1161,0.9332,2.65
127.200,6.0510,4.7512,-3.1201,5.1213,4.7616,3.1399,0.9298,1.33
127.250,6.0360,4.7509,-3.1206,5.1287,4.7565,3.1071,0.9073,3.18
127.300,6.0210,4.7506,-3.1204,5.1016,4.7666,3.1244,0.9195,2.20
127.350,6.0060,4.7503,-3.1210,5.0572,4.7475,3.1079,0.9488,3.11
127.400,5.9910,4.7500,-3.1215,5.0414,4.7217,3.1307,0.9500,1.77
127.450,5.9760,4.7497,-3.1219,5.0189,4.7305,3.1044,0.9573,3.26
127.500,5.9610,4.7494,-3.1217,4.9932,4.7530,3.0955,0.9678,3.78
127.550,5.9460,4.7491,-3.1212,4.9694,4.7372,3.1064,0.9767,3.18
127.600,5.9310,4.7488,-3.1223,4.9620,4.7403,3.1249,0.9691,2.06
127.650,5.9160,4.7485,-3.1222,4.9416,4.7299,3.1075,0.9746,3.07
127.700,5.9010,4.7482,-3.1217,4.9593,4.7409,3.0834,0.9418,4.47
127.750,5.8860,4.7479,-3.1229,4.9273,4.7333,-3.1321,0.9588,0.53
127.800,5.8710,4.7476,-3.1233,4.9277,4.7323,3.1332,0.9434,1.53
127.850,5.8560,4.7473,-3.1244,4.9313,4.7406,3.1231,0.9248,2.04
127.900,5.8410,4.7471,-3.1250,4.9187,4.7378,-3.1348,0.9224,0.56
127.950,5.8260,4.7468,-3.1268,4.8835,4.7510,3.1307,0.9425,1.47
128.000,5.8110,4.7466,-3.1280,4.8803,4.7388,3.1055,0.9307,2.85
128.050,5.7960,4.7464,-3.1308,4.8404,4.7287,3.1156,0.9557,2.11
128.100,5.7810,4.7462,-3.1324,4.8147,4.7299,3.1081,0.9664,2.45
128.150,5.7660,4.7461,-3.1342,4.8126,4.7242,3.1072,0.9536,2.40
128.200,5.7510,4.7460,-3.1346,4.8129,4.7178,3.1066,0.9385,2.41
128.250,5.7360,4.7459,-3.1333,4.8116,4.7300,3.1184,0.9245,1.81
128.300,5.7210,4.7458,-3.1331,4.7930,4.7477,3.1346,0.9280,0.89
128.350,5.7060,4.7456,-3.1332,4.7809,4.7522,3.0896,0.9251,3.46
128.400,5.6910,4.7455,-3.1328,4.7581,4.7708,3.1171,0.9333,1.91
128.450,5.6760,4.7454,-3.1315,4.7445,4.7633,3.0866,0.9316,3.73
128.500,5.6610,4.7452,-3.1293,4.7336,4.7496,3.1340,0.9274,1.14
128.550,5.6460,4.7450,-3.1287,4.7214,4.7528,3.1209,0.9246,1.93
128.600,5.6310,4.7449,-3.1279,4.7249,4.7474,3.1055,0.9061,2.85
128.650,5.6160,4.7447,-3.1262,4.6832,4.7534,3.1229,0.9329,1.95
128.700,5.6010,4.7444,-3.1256,4.6480,4.7560,3.1325,0.9531,1.44
128.750,5.5861,4.7442,-3.1261,4.6290,4.7546,-3.1399,0.9571,0.79
128.800,5.5711,4.7439,-3.1259,4.6080,4.7420,3.1071,0.9631,2.87
128.850,5.5561,4.7437,-3.1252,4.5718,4.7313,3.1099,0.9844,2.75
128.900,5.5411,4.7435,-3.1256,4.5752,4.7558,3.1166,0.9660,2.35
128.950,5.5261,4.7432,-3.1258,4.5464,4.7401,3.1352,0.9797,1.27
129.000,5.5111,4.7430,-3.1263,4.5481,4.7161,3.1094,0.9634,2.72
129.050,5.4961,4.7428,-3.1271,4.5662,4.7201,3.0846,0.9302,4.10
129.100,5.4811,4.7425,-3.1287,4.5441,4.7278,3.1207,0.9371,1.94
129.150,5.4661,4.7423,-3.1302,4.5224,4.7237,3.1034,0.9438,2.84
129.200,5.4511,4.7422,-3.1332,4.4980,4.7423,3.0931,0.9531,3.26
129.250,5.4361,4.7421,-3.1340,4.4960,4.7228,3.1043,0.9403,2.57
129.300,5.4211,4.7419,-3.1350,4.4930,4.7384,3.1124,0.9281,2.05
129.350,5.4061,4.7418,-3.1367,4.4792,4.7499,3.0716,0.9269,4.29
129.400,5.3911,4.7418,-3.1387,4.4652,4.7619,3.0723,0.9261,4.13
129.450,5.3761,4.7417,-3.1397,4.4372,4.7620,3.1071,0.9392,2.09
129.500,5.3611,4.7417,-3.1388,4.4334,4.7557,3.1017,0.9278,2.45
129.550,5.3461,4.7417,-3.1364,4.3983,4.7785,3.1021,0.9485,2.56
129.600,5.3311,4.7416,-3.1365,4.4116,4.7940,3.1180,0.9210,1.64
129.650,5.3161,4.7415,-3.1373,4.3627,4.7730,-3.1293,0.9540,0.46
129.700,5.3011,4.7414,-3.1391,4.3650,4.7617,-3.1364,0.9363,0.16
129.750,5.2861,4.7414,-3.1406,4.3544,4.7839,-3.1278,0.9326,0.73
129.800,5.2711,4.7414,-3.1413,4.3280,4.7790,3.1185,0.9438,1.34
129.850,5.2561,4.7414,3.1404,4.2887,4.7790,3.1222,0.9681,1.04
129.900,5.2411,4.7414,3.1392,4.2762,4.7798,3.1044,0.9657,1.99
129.950,5.2261,4.7414,3.1378,4.2486,4.8139,3.1295,0.9802,0.47
130.000,5.2111,4.7415,3.1346,4.2358,4.8072,3.1082,0.9775,1.51
130.050,5.1961,4.7416,3.1320,4.2329,4.7834,-3.1148,0.9642,2.08
130.100,5.1811,4.7417,3.1299,4.2391,4.7749,3.1408,0.9426,0.62
130.150,5.1661,4.7419,3.1287,4.2028,4.7838,3.1398,0.9642,0.64
130.200,5.1511,4.7421,3.1271,4.1832,4.7879,-3.1388,0.9689,0.99
130.250,5.1361,4.7423,3.1256,4.1897,4.7723,3.1356,0.9469,0.57
130.300,5.1211,4.7426,3.1245,4.1817,4.7416,3.1380,0.9394,0.78
130.350,5.1061,4.7428,3.1254,4.1647,4.7272,3.1172,0.9415,0.47
130.400,5.0911,4.7431,3.1258,4.1319,4.7275,3.1252,0.9593,0.03
130.450,5.0761,4.7433,3.1268,4.1182,4.7472,3.1121,0.9579,0.84
130.500,5.0611,4.7435,3.1280,4.1250,4.7473,3.1036,0.9361,1.40
130.550,5.0461,4.7437,3.1284,4.0907,4.7568,3.1190,0.9555,0.54
130.600,5.0311,4.7439,3.1266,4.0801,4.7501,3.1240,0.9510,0.15
130.650,5.0161,4.7441,3.1261,4.0729,4.7503,3.1385,0.9433,0.71
130.700,5.0011,4.7444,3.1272,4.0537,4.7462,3.1364,0.9474,0.53
130.750,4.9861,4.7446,3.1270,4.0356,4.7502,3.1054,0.9505,1.24
130.800,4.9711,4.7448,3.1264,4.0024,4.7458,3.0935,0.9687,1.89
130.850,4.9561,4.7450,3.1257,3.9927,4.7452,3.1211,0.9634,0.26
130.900,4.9411,4.7453,3.1264,3.9670,4.7449,3.1125,0.9741,0.80
130.950,4.9261,4.7455,3.1246,3.9446,4.7527,3.1091,0.9816,0.89
131.000,4.9111,4.7458,3.1232,3.9465,4.7385,3.1244,0.9646,0.07
131.050,4.8961,4.7460,3.1227,3.9404,4.7589,3.0863,0.9557,2.09
131.100,4.8811,4.7463,3.1212,3.9413,4.7843,3.1158,0.9405,0.31
131.150,4.8661,4.7466,3.1211,3.8958,4.7653,3.1160,0.9705,0.29
131.200,4.8511,4.7469,3.1209,3.8818,4.7650,3.1058,0.9695,0.87
131.250,4.8361,4.7472,3.1198,3.8746,4.7799,3.1245,0.9620,0.27
131.300,4.8211,4.7476,3.1190,3.8558,4.7453,3.1093,0.9653,0.55
131.350,4.8061,4.7479,3.1179,3.8443,4.7462,3.1160,0.9618,0.11
131.400,4.7911,4.7483,3.1164,3.8154,4.7475,3.1054,0.9757,0.63
131.450,4.7761,4.7486,3.1152,3.8258,4.7332,3.1309,0.9504,0.90
131.500,4.7611,4.7490,3.1147,3.8164,4.7458,3.0984,0.9447,0.93
131.550,4.7461,4.7494,3.1158,3.7884,4.7394,3.0924,0.9578,1.34
131.600,4.7311,4.7498,3.1172,3.7911,4.7345,3.1086,0.9401,0.49
131.650,4.7162,4.7502,3.1190,3.7476,4.7353,3.1137,0.9687,0.30
131.700,4.7012,4.7505,3.1185,3.7652,4.7325,3.1356,0.9362,0.98
131.750,4.6862,4.7509,3.1186,3.7784,4.7499,3.1142,0.9078,0.25
131.800,4.6712,4.7512,3.1189,3.7719,4.7618,3.1280,0.8994,0.52
131.850,4.6562,4.7516,3.1189,3.7533,4.7629,3.0972,0.9030,1.24
131.900,4.6412,4.7519,3.1188,3.7254,4.7671,3.0940,0.9159,1.42
131.950,4.6262,4.7522,3.1182,3.7227,4.7636,3.0865,0.9036,1.82
132.000,4.6112,4.7526,3.1178,3.6989,4.7649,3.1120,0.9124,0.33
132.050,4.5962,4.7530,3.1165,3.6904,4.7674,3.1125,0.9059,0.23
132.100,4.5812,4.7533,3.1168,3.6567,4.7597,3.1017,0.9245,0.87
132.150,4.5662,4.7537,3.1154,3.6303,4.7557,3.1057,0.9359,0.55
132.200,4.5512,4.7541,3.1131,3.5946,4.7691,3.1044,0.9567,0.50
132.250,4.5362,4.7545,3.1117,3.5692,4.7709,3.1300,0.9671,1.05
132.300,4.5212,4.7550,3.1099,3.5749,4.7662,3.1224,0.9463,0.72
132.350,4.5062,4.7554,3.1086,3.5562,4.7545,3.1231,0.9500,0.83
132.400,4.4912,4.7559,3.1088,3.5225,4.7630,3.1090,0.9688,0.01
132.450,4.4762,4.7564,3.1074,3.5002,4.7693,3.1409,0.9761,1.92
132.500,4.4612,4.7569,3.1068,3.5094,4.7635,3.1213,0.9518,0.83
132.550,4.4463,4.7575,3.1080,3.4956,4.7469,3.1055,0.9508,0.14
132.600,4.4313,4.7580,3.1099,3.4508,4.7215,3.0894,0.9812,1.18
132.650,4.4163,4.7584,3.1108,3.4453,4.7625,3.1370,0.9710,1.50
132.700,4.4013,4.7589,3.1115,3.4415,4.7663,3.1334,0.9598,1.25
132.750,4.3863,4.7594,3.1135,3.4275,4.7582,3.1136,0.9588,0.00
132.800,4.3713,4.7598,3.1159,3.4013,4.7530,3.0984,0.9701,1.00
132.850,4.3563,4.7602,3.1160,3.3837,4.7584,3.1018,0.9726,0.81
132.900,4.3413,4.7605,3.1156,3.3739,4.7555,3.0999,0.9674,0.90
132.950,4.3263,4.7609,3.1163,3.3490,4.7691,3.0959,0.9773,1.17
133.000,4.3113,4.7613,3.1178,3.3423,4.7733,3.0929,0.9691,1.43
133.050,4.2963,4.7617,3.1191,3.2966,4.7574,3.1168,0.9997,0.13
133.100,4.2813,4.7620,3.1210,3.2921,4.7685,3.0841,0.9892,2.11
133.150,4.2663,4.7623,3.1242,3.2869,4.7619,3.0872,0.9794,2.12
133.200,4.2513,4.7626,3.1277,3.3067,4.7439,3.0867,0.9448,2.35
133.250,4.2363,4.7628,3.1278,3.2769,4.7735,3.1103,0.9595,1.00
133.300,4.2213,4.7630,3.1283,3.2568,4.7767,3.1234,0.9646,0.28
133.350,4.2063,4.7632,3.1294,3.2584,4.7687,3.1240,0.9479,0.31
133.400,4.1913,4.7634,3.1305,3.2271,4.7680,3.0936,0.9642,2.11
133.450,4.1763,4.7635,3.1310,3.2248,4.7690,3.1099,0.9515,1.21
133.500,4.1613,4.7637,3.1295,3.2244,4.7779,-3.1286,0.9370,1.44
133.550,4.1463,4.7639,3.1278,3.2003,4.7659,3.1254,0.9460,0.14
133.600,4.1313,4.7641,3.1258,3.1936,4.7603,3.1161,0.9378,0.56
133.650,4.1163,4.7643,3.1254,3.1805,4.7671,3.1142,0.9358,0.64
133.700,4.1013,4.7646,3.1253,3.1576,4.8013,3.1112,0.9445,0.81
133.750,4.0863,4.7648,3.1253,3.1331,4.8271,3.1141,0.9552,0.64
133.800,4.0713,4.7651,3.1247,3.1298,4.8334,3.1374,0.9440,0.73
133.850,4.0563,4.7653,3.1236,3.1005,4.8376,-3.1388,0.9586,1.19
133.900,4.0413,4.7656,3.1224,3.0963,4.8017,3.1159,0.9457,0.37
133.950,4.0263,4.7659,3.1223,3.0927,4.7717,3.1106,0.9336,0.67
134.000,4.0113,4.7662,3.1223,3.0595,4.7828,3.1168,0.9519,0.32
134.050,3.9964,4.7664,3.1213,3.0425,4.7914,3.1179,0.9542,0.20
134.100,3.9814,4.7668,3.1206,3.0461,4.7799,3.1253,0.9354,0.27
134.150,3.9664,4.7671,3.1204,3.0365,4.8128,3.1043,0.9311,0.92
134.200,3.9514,4.7674,3.1187,3.0136,4.8015,-3.1322,0.9384,1.85
134.250,3.9364,4.7677,3.1197,3.0110,4.7947,-3.1281,0.9258,2.02
134.300,3.9214,4.7681,3.1216,2.9547,4.7783,-3.1307,0.9668,1.77
134.350,3.9064,4.7684,3.1221,2.9585,4.7892,3.1204,0.9481,0.10
134.400,3.8914,4.7687,3.1229,2.9342,4.7682,3.1244,0.9572,0.09
134.450,3.8764,4.7689,3.1242,2.9026,4.7897,-3.1285,0.9740,1.74
134.500,3.8614,4.7692,3.1233,2.8687,4.7903,-3.1126,0.9929,2.71
134.550,3.8464,4.7695,3.1222,2.8680,4.7967,-3.1376,0.9788,1.34
134.600,3.8314,4.7698,3.1215,2.8622,4.7696,3.1179,0.9692,0.21
134.650,3.8164,4.7701,3.1189,2.8681,4.7805,3.1264,0.9483,0.43
134.700,3.8014,4.7704,3.1184,2.8349,4.7684,-3.1237,0.9665,2.35
134.750,3.7864,4.7707,3.1177,2.8117,4.7600,3.1365,0.9748,1.08
134.800,3.7714,4.7711,3.1161,2.7983,4.7518,3.1347,0.9733,1.07
134.850,3.7564,4.7715,3.1146,2.7647,4.7651,3.1239,0.9918,0.53
134.900,3.7414,4.7719,3.1142,2.7569,4.7837,-3.1248,0.9845,2.53
134.950,3.7264,4.7723,3.1143,2.7552,4.7899,-3.1238,0.9714,2.59
135.000,3.7114,4.7727,3.1142,2.7521,4.7871,-3.1345,0.9594,1.98
135.050,3.6964,4.7731,3.1150,2.7430,4.8050,-3.1323,0.9539,2.06
135.100,3.6814,4.7735,3.1160,2.7536,4.7981,-3.1379,0.9281,1.68
135.150,3.6664,4.7739,3.1171,2.7398,4.7977,3.1199,0.9269,0.16
135.200,3.6514,4.7743,3.1175,2.7132,4.8043,3.1311,0.9387,0.78
135.250,3.6364,4.7746,3.1180,2.7174,4.7827,3.1325,0.9190,0.83
135.300,3.6214,4.7750,3.1183,2.7046,4.7628,-3.1368,0.9169,1.61
135.350,3.6065,4.7753,3.1183,2.6813,4.7933,-3.1270,0.9254,2.17
135.400,3.5915,4.7757,3.1190,2.6555,4.7861,-3.1241,0.9360,2.30
135.450,3.5765,4.7760,3.1191,2.6495,4.7974,-3.1405,0.9272,1.35
135.500,3.5615,4.7764,3.1192,2.6310,4.7782,3.1218,0.9305,0.15
135.550,3.5465,4.7767,3.1185,2.6165,4.7713,-3.1230,0.9300,2.39
135.600,3.5315,4.7770,3.1187,2.5975,4.7802,-3.1228,0.9340,2.39
135.650,3.5165,4.7774,3.1183,2.6048,4.7757,-3.1410,0.9117,1.37
135.700,3.5015,4.7777,3.1182,2.6167,4.7858,-3.1173,0.8848,2.73
135.750,3.4865,4.7781,3.1176,2.5886,4.8087,-3.1092,0.8984,3.23
135.800,3.4715,4.7784,3.1158,2.5539,4.8210,3.1410,0.9186,1.44
135.850,3.4565,4.7788,3.1151,2.5270,4.8234,3.1388,0.9305,1.36
135.900,3.4415,4.7792,3.1147,2.5351,4.7985,-3.1296,0.9066,2.23
135.950,3.4265,4.7796,3.1145,2.5033,4.7904,-3.1302,0.9233,2.21
136.000,3.4115,4.7800,3.1143,2.5097,4.7815,-3.1325,0.9018,2.08
136.050,3.3965,4.7805,3.1144,2.4695,4.7886,-3.1361,0.9270,1.87
136.100,3.3815,4.7809,3.1143,2.4762,4.8028,-3.1189,0.9056,2.86
136.150,3.3665,4.7813,3.1151,2.4255,4.8069,-3.1224,0.9413,2.62
136.200,3.3515,4.7817,3.1163,2.4311,4.8089,-3.1343,0.9208,1.87
136.250,3.3365,4.7820,3.1158,2.3939,4.8207,-3.1316,0.9434,2.05
136.300,3.3215,4.7824,3.1169,2.3697,4.8174,-3.1364,0.9525,1.71
136.350,3.3065,4.7828,3.1176,2.3592,4.8146,-3.1162,0.9478,2.83
136.400,3.2916,4.7832,3.1172,2.3456,4.8119,-3.1036,0.9465,3.58
136.450,3.2766,4.7835,3.1178,2.3485,4.8261,-3.1339,0.9291,1.80
136.500,3.2616,4.7839,3.1182,2.3319,4.8037,-3.0678,0.9299,5.57
136.550,3.2466,4.7842,3.1181,2.3404,4.7915,-3.1256,0.9062,2.26
136.600,3.2316,4.7846,3.1189,2.3083,4.7685,3.1376,0.9235,1.07
136.650,3.2166,4.7849,3.1193,2.3259,4.7826,-3.1373,0.8907,1.52
136.700,3.2016,4.7853,3.1188,2.2881,4.7982,-3.1402,0.9136,1.38
136.750,3.1866,4.7856,3.1184,2.2473,4.7947,-3.1135,0.9393,2.94
136.800,3.1716,4.7860,3.1179,2.2281,4.7726,-3.1233,0.9436,2.40
136.850,3.1566,4.7863,3.1179,2.1812,4.7755,-3.1029,0.9755,3.58
136.900,3.1416,4.7867,3.1206,2.1602,4.8007,-3.0832,0.9815,4.55
136.950,3.1266,4.7870,3.1254,2.1823,4.8021,-3.1376,0.9444,1.16
137.000,3.1116,4.7872,3.1300,2.1580,4.8109,-3.1203,0.9539,1.88
137.050,3.0966,4.7874,3.1347,2.1655,4.8065,3.1397,0.9313,0.29
137.100,3.0816,4.7875,3.1373,2.1376,4.8069,3.1348,0.9442,0.14
137.150,3.0666,4.7876,3.1377,2.1306,4.7763,-3.1374,0.9360,0.46
137.200,3.0516,4.7876,3.1387,2.1302,4.7949,-3.1167,0.9214,1.59
137.250,3.0366,4.7877,3.1403,2.1196,4.7823,3.1361,0.9170,0.24
137.300,3.0216,4.7877,3.1408,2.0984,4.7757,3.1271,0.9233,0.79
137.350,3.0066,4.7877,-3.1389,2.0913,4.7901,3.1245,0.9153,1.14
137.400,2.9916,4.7877,-3.1379,2.0808,4.7686,3.1137,0.9110,1.81
137.450,2.9766,4.7876,-3.1376,2.0672,4.7779,-3.1242,0.9095,0.77
137.500,2.9616,4.7875,-3.1381,2.0490,4.7783,-3.1217,0.9126,0.94
137.550,2.9466,4.7875,-3.1371,2.0218,4.7832,-3.1344,0.9248,0.16
137.600,2.9316,4.7874,-3.1374,1.9698,4.7808,-3.1251,0.9618,0.70
137.650,2.9166,4.7874,-3.1374,1.9587,4.7706,-3.1255,0.9580,0.68
137.700,2.9016,4.7873,-3.1379,1.9286,4.7834,-3.1187,0.9730,1.10
137.750,2.8866,4.7872,-3.1372,1.9144,4.8015,3.1346,0.9723,0.65
137.800,2.8716,4.7872,-3.1374,1.9277,4.7800,-3.1298,0.9439,0.44
137.850,2.8566,4.7871,-3.1371,1.8922,4.7730,-3.1140,0.9645,1.32
137.900,2.8416,4.7870,-3.1385,1.8787,4.7886,-3.1122,0.9629,1.51
137.950,2.8266,4.7870,-3.1398,1.8781,4.7828,-3.1154,0.9485,1.40
138.000,2.8116,4.7870,-3.1416,1.8651,4.8029,-3.1285,0.9466,0.75
138.050,2.7966,4.7870,3.1409,1.8503,4.8234,-3.1128,0.9470,1.69
138.100,2.7816,4.7870,3.1404,1.8442,4.8002,-3.1282,0.9375,0.84
138.150,2.7666,4.7870,3.1401,1.8586,4.7986,-3.1176,0.9081,1.46
138.200,2.7516,4.7870,3.1401,1.8163,4.7927,-3.1155,0.9353,1.58
138.250,2.7366,4.7870,3.1410,1.8092,4.8051,3.1217,0.9276,1.11
138.300,2.7216,4.7871,-3.1415,1.8082,4.8070,3.1277,0.9136,0.80
138.350,2.7066,4.7871,-3.1401,1.7877,4.7990,3.1077,0.9189,2.03
138.400,2.6916,4.7870,-3.1387,1.7808,4.7857,3.1094,0.9108,2.01
138.450,2.6766,4.7870,-3.1386,1.7701,4.7788,3.1362,0.9065,0.48
138.500,2.6616,4.7869,-3.1401,1.7717,4.8004,-3.1353,0.8900,0.28
138.550,2.6466,4.7869,-3.1400,1.7820,4.7971,-3.1142,0.8647,1.48
138.600,2.6316,4.7869,-3.1406,1.7624,4.7895,-3.1407,0.8692,0.01
138.650,2.6166,4.7869,-3.1399,1.7316,4.7876,-3.1335,0.8850,0.36
138.700,2.6016,4.7869,-3.1398,1.7234,4.7884,3.1308,0.8782,0.72
138.750,2.5866,4.7868,-3.1413,1.7015,4.7777,3.1143,0.8852,1.58
138.800,2.5716,4.7868,3.1409,1.6891,4.7680,3.1252,0.8827,0.90
138.850,2.5566,4.7868,3.1403,1.6636,4.7765,3.1160,0.8930,1.39
138.900,2.5416,4.7869,3.1395,1.6581,4.7852,-3.1369,0.8835,0.39
138.950,2.5266,4.7869,3.1398,1.6481,4.7707,3.1334,0.8786,0.36
139.000,2.5116,4.7869,-3.1413,1.6467,4.7760,-3.1205,0.8650,1.19
139.050,2.4966,4.7869,-3.1389,1.6273,4.8020,-3.1276,0.8694,0.65
139.100,2.4816,4.7869,-3.1386,1.6191,4.8092,3.1354,0.8628,0.53
139.150,2.4666,4.7868,-3.1388,1.6028,4.8038,3.1328,0.8640,0.66
139.200,2.4516,4.7868,-3.1395,1.5848,4.8060,3.1118,0.8670,1.83
139.250,2.4366,4.7867,-3.1396,1.5763,4.8160,3.1126,0.8608,1.77
139.300,2.4216,4.7867,-3.1393,1.5716,4.7982,3.1013,0.8501,2.44
139.350,2.4066,4.7867,-3.1386,1.5659,4.7637,3.0964,0.8410,2.76
139.400,2.3916,4.7866,-3.1373,1.5870,4.7542,3.1000,0.8053,2.63
139.450,2.3766,4.7866,-3.1351,1.5910,4.7509,3.0669,0.7864,4.65
139.500,2.3616,4.7865,-3.1330,1.5766,4.7582,3.1298,0.7855,1.17
139.550,2.3466,4.7864,-3.1318,1.5653,4.7653,-3.1312,0.7815,0.03
139.600,2.3316,4.7862,-3.1312,1.5568,4.7739,3.1241,0.7749,1.60
139.650,2.3166,4.7860,-3.1285,1.5381,4.7904,3.1325,0.7785,1.27
139.700,2.3016,4.7859,-3.1299,1.5186,4.7841,3.1351,0.7830,1.04
139.750,2.2866,4.7857,-3.1302,1.5166,4.7817,3.1220,0.7700,1.77
139.800,2.2716,4.7855,-3.1317,1.5218,4.7989,3.1330,0.7499,1.06
139.850,2.2566,4.7854,-3.1324,1.5178,4.7931,3.1167,0.7388,1.95
139.900,2.2416,4.7852,-3.1318,1.5276,4.7941,3.1093,0.7141,2.41
139.950,2.2266,4.7851,-3.1325,1.4960,4.7987,3.1227,0.7307,1.60
140.000,2.2116,4.7849,-3.1341,1.4813,4.7957,3.1347,0.7304,0.82
140.050,2.1966,4.7848,-3.1363,1.4889,4.7872,3.1226,0.7077,1.39
140.100,2.1816,4.7847,-3.1375,1.4704,4.7874,-3.1317,0.7112,0.33
140.150,2.1666,4.7847,-3.1370,1.4518,4.7926,3.1155,0.7148,1.76
140.200,2.1516,4.7846,-3.1365,1.4698,4.7815,3.1174,0.6818,1.68
140.250,2.1366,4.7845,-3.1356,1.4625,4.7933,3.1072,0.6741,2.32
140.300,2.1216,4.7844,-3.1345,1.4558,4.7892,3.1209,0.6658,1.59
140.350,2.1066,4.7843,-3.1356,1.4253,4.7966,3.1281,0.6814,1.12
140.400,2.0916,4.7843,-3.1362,1.4220,4.7954,3.1160,0.6697,1.78
140.450,2.0766,4.7842,-3.1366,1.4350,4.8089,3.1277,0.6420,1.08
140.500,2.0616,4.7841,-3.1372,1.4293,4.8065,-3.1066,0.6326,1.75
140.550,2.0466,4.7840,-3.1369,1.4210,4.8168,3.1124,0.6264,1.94
140.600,2.0316,4.7840,-3.1375,1.3982,4.7953,3.1301,0.6335,0.89
140.650,2.0166,4.7839,-3.1389,1.3977,4.7889,3.1264,0.6189,1.03
140.700,2.0016,4.7839,-3.1404,1.3935,4.7989,3.1361,0.6083,0.38
140.750,1.9866,4.7838,-3.1413,1.3744,4.7959,3.1209,0.6123,1.20
140.800,1.9721,4.7838,3.1406,1.3785,4.8026,-3.1362,0.5939,0.36
140.850,1.9577,4.7838,3.1387,1.3738,4.7958,3.1233,0.5840,0.89
140.900,1.9437,4.7839,3.1373,1.3591,4.8020,-3.1395,0.5849,0.37
140.950,1.9300,4.7839,3.1379,1.3409,4.7946,3.1379,0.5892,0.00
141.000,1.9161,4.7840,3.1367,1.3434,4.8052,-3.1396,0.5731,0.40
141.050,1.9027,4.7841,3.1345,1.3468,4.8043,3.1195,0.5563,0.86
141.100,1.8895,4.7842,3.1332,1.3509,4.8127,3.1356,0.5394,0.13
141.150,1.8764,4.7843,3.1317,1.3640,4.8001,3.1083,0.5127,1.34
141.200,1.8634,4.7844,3.1317,1.3525,4.7976,3.1228,0.5110,0.51
141.250,1.8506,4.7845,3.1325,1.3366,4.8092,-3.1364,0.5146,0.82
141.300,1.8380,4.7846,3.1324,1.3429,4.8125,-3.1325,0.4959,1.05
141.350,1.8251,4.7848,3.1318,1.3413,4.8096,-3.1400,0.4845,0.65
141.400,1.8128,4.7849,3.1308,1.3341,4.8097,3.1305,0.4794,0.02
141.450,1.8007,4.7850,3.1320,1.3234,4.7964,3.1235,0.4774,0.49
141.500,1.7886,4.7851,3.1330,1.3156,4.8001,-3.1362,0.4733,0.80
141.550,1.7768,4.7852,3.1342,1.2875,4.7869,-3.1306,0.4893,1.05
141.600,1.7651,4.7853,3.1345,1.2682,4.7967,-3.1312,0.4970,1.00
141.650,1.7535,4.7854,3.1336,1.2614,4.7974,3.1356,0.4922,0.11
141.700,1.7419,4.7855,3.1336,1.2684,4.7925,3.1186,0.4736,0.86
141.750,1.7302,4.7856,3.1328,1.2866,4.8042,3.1272,0.4439,0.32
141.800,1.7188,4.7857,3.1324,1.2922,4.8009,-3.1395,0.4269,0.65
141.850,1.7078,4.7858,3.1315,1.2746,4.7988,3.1283,0.4334,0.18
141.900,1.6969,4.7859,3.1313,1.2971,4.7942,3.1090,0.3999,1.28
141.950,1.6864,4.7860,3.1308,1.2749,4.7853,3.1065,0.4115,1.39
142.000,1.6761,4.7861,3.1293,1.2668,4.7812,3.0953,0.4093,1.95
142.050,1.6661,4.7862,3.1286,1.2667,4.7784,3.1058,0.3995,1.31
142.100,1.6562,4.7864,3.1275,1.2692,4.7782,3.1058,0.3871,1.25
142.150,1.6465,4.7865,3.1257,1.2740,4.7884,3.1337,0.3725,0.46
142.200,1.6368,4.7867,3.1233,1.2766,4.7993,3.1222,0.3604,0.06
142.250,1.6274,4.7868,3.1232,1.2607,4.7870,3.0985,0.3667,1.41
142.300,1.6181,4.7870,3.1243,1.2596,4.7989,3.0695,0.3587,3.14
142.350,1.6091,4.7872,3.1251,1.2434,4.8069,3.1204,0.3662,0.27
142.400,1.6003,4.7873,3.1268,1.2330,4.8149,3.1366,0.3683,0.56
142.450,1.5916,4.7874,3.1292,1.2387,4.8024,3.1186,0.3532,0.60
142.500,1.5831,4.7875,3.1306,1.2297,4.8030,3.1335,0.3537,0.16
142.550,1.5746,4.7876,3.1294,1.2290,4.7965,-3.1310,0.3457,1.31
142.600,1.5657,4.7877,3.1273,1.2072,4.8021,-3.0857,0.3587,4.02
142.650,1.5568,4.7879,3.1260,1.2045,4.7956,-3.0973,0.3524,3.43
142.700,1.5482,4.7880,3.1232,1.2057,4.7942,-3.1049,0.3425,3.16
142.750,1.5397,4.7882,3.1202,1.1777,4.7943,-3.1292,0.3620,1.94
142.800,1.5313,4.7883,3.1188,1.1874,4.8009,-3.1375,0.3442,1.54
142.850,1.5232,4.7885,3.1185,1.1711,4.7983,3.1222,0.3522,0.21
142.900,1.5155,4.7887,3.1177,1.1859,4.8015,3.1169,0.3299,0.04
142.950,1.5077,4.7889,3.1171,1.2014,4.7957,3.1173,0.3064,0.01
143.000,1.4999,4.7891,3.1173,1.1925,4.7770,3.0786,0.3076,2.22
143.050,1.4921,4.7893,3.1177,1.1681,4.7983,3.1268,0.3241,0.52
143.100,1.4842,4.7895,3.1184,1.1832,4.7909,3.1045,0.3010,0.80
143.150,1.4768,4.7896,3.1189,1.1768,4.8004,3.1334,0.3001,0.83
143.200,1.4695,4.7898,3.1188,1.1631,4.8138,-3.1345,0.3073,1.71
143.250,1.4622,4.7900,3.1186,1.1808,4.8002,-3.1181,0.2816,2.66
143.300,1.4552,4.7901,3.1174,1.1800,4.8036,-3.1098,0.2755,3.21
143.350,1.4484,4.7903,3.1177,1.1609,4.8165,-3.1214,0.2887,2.53
143.400,1.4413,4.7905,3.1173,1.1543,4.7977,-3.1046,0.2870,3.51
143.450,1.4344,4.7906,3.1179,1.1346,4.8070,3.1376,0.3003,1.13
143.500,1.4276,4.7908,3.1178,1.1506,4.7758,3.1139,0.2774,0.22
143.550,1.4212,4.7909,3.1180,1.1703,4.7823,3.1141,0.2510,0.23
143.600,1.4148,4.7911,3.1185,1.1356,4.7928,3.1043,0.2792,0.81
143.650,1.4083,4.7912,3.1197,1.1403,4.7952,3.0937,0.2681,1.49
143.700,1.4019,4.7914,3.1190,1.1345,4.7938,3.0924,0.2674,1.52
143.750,1.3956,4.7915,3.1215,1.1259,4.7879,3.0824,0.2697,2.24
143.800,1.3896,4.7916,3.1215,1.1310,4.7913,3.0897,0.2586,1.82
143.850,1.3836,4.7918,3.1210,1.1298,4.7946,3.1123,0.2538,0.50
143.900,1.3777,4.7919,3.1211,1.1446,4.8092,3.1341,0.2337,0.74
143.950,1.3721,4.7920,3.1215,1.1377,4.8075,3.1277,0.2349,0.36
144.000,1.3664,4.7921,3.1215,1.1436,4.8054,3.1211,0.2232,0.02
144.050,1.3608,4.7922,3.1218,1.1480,4.8044,3.1135,0.2131,0.48
144.100,1.3554,4.7923,3.1220,1.1287,4.7886,3.1296,0.2267,0.44
144.150,1.3503,4.7924,3.1214,1.1364,4.7909,-3.1405,0.2139,1.22
144.200,1.3452,4.7925,3.1220,1.1250,4.7927,3.1184,0.2202,0.21
144.250,1.3400,4.7926,3.1235,1.1405,4.7908,3.0937,0.1995,1.71
144.300,1.3347,4.7927,3.1253,1.1457,4.8125,3.1409,0.1900,0.89
144.350,1.3292,4.7928,3.1267,1.1194,4.7883,3.1098,0.2098,0.97
144.400,1.3240,4.7929,3.1272,1.1330,4.7829,3.0937,0.1912,1.92
144.450,1.3189,4.7930,3.1282,1.1556,4.7925,3.0813,0.1633,2.69
144.500,1.3138,4.7930,3.1294,1.1339,4.7968,3.0671,0.1800,3.57
144.550,1.3086,4.7931,3.1305,1.1423,4.7983,3.1169,0.1664,0.78
144.600,1.3036,4.7932,3.1323,1.1487,4.8004,-3.1396,0.1551,0.65
144.650,1.2988,4.7932,3.1327,1.1348,4.8053,3.1231,0.1644,0.55
144.700,1.2940,4.7932,3.1324,1.1281,4.8004,3.1189,0.1661,0.78
144.750,1.2897,4.7933,3.1295,1.1228,4.7942,3.0880,0.1669,2.38
144.800,1.2857,4.7933,3.1282,1.1187,4.7627,3.0591,0.1698,3.96
144.850,1.2818,4.7934,3.1280,1.1533,4.7842,3.0565,0.1288,4.10
144.900,1.2778,4.7934,3.1277,1.1481,4.7911,3.0639,0.1297,3.65
144.950,1.2735,4.7935,3.1292,1.1158,4.7994,3.0981,0.1578,1.78
145.000,1.2691,4.7936,3.1292,1.1351,4.7794,3.0453,0.1348,4.81
145.050,1.2650,4.7936,3.1297,1.1423,4.7880,3.0747,0.1229,3.15
145.100,1.2605,4.7937,3.1304,1.1511,4.8111,3.1124,0.1108,1.03
145.150,1.2564,4.7937,3.1294,1.1242,4.8050,3.1292,0.1327,0.01
145.200,1.2524,4.7938,3.1280,1.1012,4.7921,3.1021,0.1512,1.49
145.250,1.2483,4.7938,3.1255,1.0981,4.7990,3.0945,0.1503,1.78
