time,x,y,theta,v,omega,stopped
0.05,1.015,9.75,0.0029,0.3,0.0578,False
0.1,1.03,9.75,0.0053,0.3,0.0491,False
0.15,1.045,9.7501,0.0086,0.3,0.0655,False
0.2,1.06,9.7503,0.0115,0.3,0.0584,False
0.25,1.075,9.7504,0.0153,0.3,0.0757,False
0.3,1.09,9.7507,0.0177,0.3,0.0468,False
0.35,1.105,9.7509,0.0196,0.3,0.0379,False
0.4,1.12,9.7512,0.0223,0.3,0.0548,False
0.45,1.135,9.7515,0.0253,0.3,0.0594,False
0.5,1.15,9.7519,0.0277,0.3,0.0489,False
0.55,1.165,9.7523,0.0303,0.3,0.0519,False
0.6,1.18,9.7528,0.0335,0.3,0.0645,False
0.65,1.195,9.7533,0.0375,0.3,0.0792,False
0.7,1.21,9.7539,0.0406,0.3,0.0614,False
0.75,1.2249,9.7545,0.0429,0.3,0.0475,False
0.8,1.2399,9.7551,0.0452,0.3,0.0446,False
0.85,1.2549,9.7558,0.0454,0.3,0.0049,False
0.9,1.2699,9.7565,0.0472,0.3,0.036,False
0.95,1.2849,9.7572,0.0488,0.3,0.0311,False
1.0,1.2999,9.7579,0.0493,0.3,0.0105,False
1.05,1.3148,9.7587,0.0515,0.3,0.0442,False
1.1,1.3298,9.7594,0.0527,0.3,0.0247,False
1.15,1.3448,9.7602,0.053,0.3,0.0045,False
1.2,1.3598,9.761,0.0526,0.3,-0.0077,False
1.25,1.3748,9.7618,0.0518,0.3,-0.0149,False
1.3,1.3897,9.7626,0.0514,0.3,-0.0079,False
1.35,1.4047,9.7633,0.0518,0.3,0.0066,False
1.4,1.4197,9.7641,0.0527,0.3,0.0192,False
1.45,1.4347,9.7649,0.0525,0.3,-0.0051,False
1.5,1.4497,9.7657,0.0517,0.3,-0.0157,False
1.55,1.4646,9.7665,0.0519,0.3,0.0046,False
1.6,1.4796,9.7673,0.0524,0.3,0.0088,False
1.65,1.4946,9.768,0.0521,0.3,-0.006,False
1.7,1.5096,9.7688,0.0519,0.3,-0.0028,False
1.75,1.5246,9.7696,0.0525,0.3,0.012,False
1.8,1.5395,9.7704,0.0512,0.3,-0.0266,False
1.85,1.5545,9.7712,0.0492,0.3,-0.0392,False
1.9,1.5695,9.7719,0.0485,0.3,-0.0155,False
1.95,1.5845,9.7726,0.0477,0.3,-0.0147,False
2.0,1.5995,9.7733,0.0481,0.3,0.0075,False
2.05,1.6144,9.7741,0.048,0.3,-0.0021,False
2.1,1.6294,9.7748,0.0474,0.3,-0.0122,False
2.15,1.6444,9.7755,0.0462,0.3,-0.0236,False
2.2,1.6594,9.7762,0.0447,0.3,-0.0311,False
2.25,1.6744,9.7768,0.0424,0.3,-0.0455,False
2.3,1.6894,9.7775,0.0417,0.3,-0.0142,False
2.35,1.7044,9.7781,0.0414,0.3,-0.0061,False
2.4,1.7193,9.7787,0.0407,0.3,-0.0126,False
2.45,1.7343,9.7793,0.0421,0.3,0.027,False
2.5,1.7493,9.78,0.0448,0.3,0.0534,False
2.55,1.7643,9.7806,0.0465,0.3,0.0347,False
2.6,1.7793,9.7813,0.0466,0.3,0.0025,False
2.65,1.7943,9.782,0.0456,0.3,-0.0211,False
2.7,1.8093,9.7827,0.0443,0.3,-0.0245,False
2.75,1.8242,9.7834,0.044,0.3,-0.0058,False
2.8,1.8392,9.784,0.0422,0.3,-0.0363,False
2.85,1.8542,9.7847,0.0395,0.3,-0.0539,False
2.9,1.8692,9.7853,0.0394,0.3,-0.0035,False
2.95,1.8842,9.7859,0.0387,0.3,-0.0135,False
3.0,1.8992,9.7864,0.0357,0.3,-0.0594,False
3.05,1.9142,9.787,0.0338,0.3,-0.0382,False
3.1,1.9292,9.7875,0.032,0.3,-0.0365,False
3.15,1.9441,9.788,0.0293,0.3,-0.0541,False
3.2,1.9591,9.7884,0.0272,0.3,-0.0424,False
3.25,1.9741,9.7888,0.0241,0.3,-0.0611,False
3.3,1.9891,9.7892,0.021,0.3,-0.0624,False
3.35,2.0041,9.7895,0.0174,0.3,-0.0716,False
3.4,2.0191,9.7897,0.0142,0.3,-0.0638,False
3.45,2.0341,9.79,0.0107,0.3,-0.0711,False
3.5,2.0491,9.7901,0.0097,0.3,-0.0191,False
3.55,2.0641,9.7903,0.0074,0.3,-0.0465,False
3.6,2.0791,9.7904,0.0058,0.3,-0.0315,False
3.65,2.0941,9.7905,0.0051,0.3,-0.0146,False
3.7,2.1091,9.7905,0.0044,0.3,-0.0138,False
3.75,2.1241,9.7906,0.0052,0.3,0.0167,False
3.8,2.1391,9.7907,0.0058,0.3,0.0109,False
3.85,2.1541,9.7908,0.006,0.3,0.0048,False
3.9,2.1691,9.7909,0.0068,0.3,0.0167,False
3.95,2.1841,9.791,0.0055,0.3,-0.0258,False
4.0,2.1991,9.791,0.0053,0.3,-0.0049,False
4.05,2.2141,9.7911,0.0046,0.3,-0.0144,False
4.1,2.2291,9.7912,0.0039,0.3,-0.014,False
4.15,2.2441,9.7913,0.0031,0.3,-0.0161,False
4.2,2.2591,9.7913,0.0026,0.3,-0.0095,False
4.25,2.2741,9.7913,0.0015,0.3,-0.0217,False
4.3,2.2891,9.7914,-0.0012,0.3,-0.0533,False
4.35,2.3041,9.7913,-0.003,0.3,-0.0371,False
4.4,2.3191,9.7913,-0.0025,0.3,0.0108,False
4.45,2.3341,9.7913,-0.0009,0.3,0.0319,False
4.5,2.3491,9.7912,0.0001,0.3,0.0198,False
4.55,2.3641,9.7912,-0.0004,0.3,-0.0094,False
4.6,2.3791,9.7912,0.0005,0.3,0.0181,False
4.65,2.3941,9.7913,0.0006,0.3,0.001,False
4.7,2.4091,9.7913,0.0014,0.3,0.0165,False
4.75,2.4241,9.7913,0.0002,0.3,-0.0239,False
4.8,2.4391,9.7913,-0.0,0.3,-0.0052,False
4.85,2.4541,9.7913,-0.0004,0.3,-0.0072,False
4.9,2.4691,9.7913,-0.0013,0.3,-0.0172,False
4.95,2.4841,9.7913,-0.002,0.3,-0.0144,False
5.0,2.4991,9.7912,-0.0048,0.3,-0.0559,False
5.05,2.5141,9.7912,-0.0059,0.3,-0.0236,False
5.1,2.5291,9.7911,-0.0062,0.3,-0.0046,False
5.15,2.5441,9.791,-0.0056,0.3,0.0117,False
5.2,2.5591,9.7909,-0.0046,0.3,0.0193,False
5.25,2.5741,9.7908,-0.0054,0.3,-0.0148,False
5.3,2.5891,9.7907,-0.0057,0.3,-0.0064,False
5.35,2.6041,9.7907,-0.0083,0.3,-0.0527,False
5.4,2.6191,9.7905,-0.0101,0.3,-0.036,False
5.45,2.6341,9.7904,-0.0134,0.3,-0.0664,False
5.5,2.6491,9.7902,-0.0178,0.3,-0.0867,False
5.55,2.6641,9.7899,-0.018,0.3,-0.0036,False
5.6,2.6791,9.7896,-0.0194,0.3,-0.0284,False
5.65,2.6941,9.7894,-0.0164,0.3,0.0599,False
5.7,2.7091,9.7891,-0.0133,0.3,0.0624,False
5.75,2.7241,9.7889,-0.0109,0.3,0.0466,False
5.8,2.7391,9.7887,-0.0086,0.3,0.0464,False
5.85,2.7541,9.7886,-0.0077,0.3,0.0188,False
5.9,2.7691,9.7885,-0.009,0.3,-0.0263,False
5.95,2.7841,9.7884,-0.0095,0.3,-0.0111,False
6.0,2.7991,9.7882,-0.0114,0.3,-0.0377,False
6.05,2.8141,9.7881,-0.0149,0.3,-0.0698,False
6.1,2.8291,9.7878,-0.0163,0.3,-0.0277,False
6.15,2.8441,9.7876,-0.018,0.3,-0.0331,False
6.2,2.8591,9.7873,-0.0183,0.3,-0.0065,False
6.25,2.8741,9.787,-0.0178,0.3,0.0099,False
6.3,2.8891,9.7868,-0.0186,0.3,-0.0166,False
6.35,2.9041,9.7865,-0.0192,0.3,-0.0108,False
6.4,2.9191,9.7862,-0.0181,0.3,0.0209,False
6.45,2.9341,9.7859,-0.0182,0.3,-0.0025,False
6.5,2.9491,9.7857,-0.02,0.3,-0.0359,False
6.55,2.9641,9.7854,-0.0218,0.3,-0.036,False
6.6,2.9791,9.785,-0.022,0.3,-0.0038,False
6.65,2.9941,9.7847,-0.0225,0.3,-0.01,False
6.7,3.0091,9.7844,-0.0221,0.3,0.0082,False
6.75,3.0241,9.784,-0.0234,0.3,-0.0257,False
6.8,3.0391,9.7837,-0.021,0.3,0.0486,False
6.85,3.0541,9.7834,-0.0194,0.3,0.0316,False
6.9,3.0691,9.7831,-0.0174,0.3,0.0395,False
6.95,3.0841,9.7828,-0.016,0.3,0.0281,False
7.0,3.099,9.7826,-0.0154,0.3,0.0129,False
7.05,3.114,9.7823,-0.0163,0.3,-0.0179,False
7.1,3.129,9.7821,-0.0176,0.3,-0.0271,False
7.15,3.144,9.7818,-0.0215,0.3,-0.0779,False
7.2,3.159,9.7815,-0.0231,0.3,-0.0321,False
7.25,3.174,9.7812,-0.0237,0.3,-0.0118,False
7.3,3.189,9.7808,-0.022,0.3,0.0346,False
7.35,3.204,9.7805,-0.0234,0.3,-0.0274,False
7.4,3.219,9.7801,-0.024,0.3,-0.0122,False
7.45,3.234,9.7798,-0.0246,0.3,-0.0126,False
7.5,3.249,9.7794,-0.0253,0.3,-0.0133,False
7.55,3.264,9.779,-0.0246,0.3,0.0137,False
7.6,3.279,9.7787,-0.0257,0.3,-0.0225,False
7.65,3.294,9.7783,-0.0271,0.3,-0.028,False
7.7,3.309,9.7779,-0.0287,0.3,-0.032,False
7.75,3.324,9.7774,-0.0291,0.3,-0.0078,False
7.8,3.339,9.777,-0.0281,0.3,0.0205,False
7.85,3.354,9.7766,-0.0281,0.3,-0.0012,False
7.9,3.369,9.7761,-0.026,0.3,0.0435,False
7.95,3.384,9.7758,-0.0234,0.3,0.0502,False
8.0,3.399,9.7754,-0.022,0.3,0.0298,False
8.05,3.414,9.7751,-0.0188,0.3,0.0633,False
8.1,3.429,9.7748,-0.0171,0.3,0.0348,False
8.15,3.444,9.7745,-0.0155,0.3,0.0303,False
8.2,3.459,9.7743,-0.015,0.3,0.0112,False
8.25,3.4739,9.7741,-0.0129,0.3,0.0416,False
8.3,3.4889,9.7739,-0.0098,0.3,0.0622,False
8.35,3.5039,9.7737,-0.0101,0.3,-0.0063,False
8.4,3.5189,9.7736,-0.0105,0.3,-0.0071,False
8.45,3.5339,9.7734,-0.0124,0.3,-0.0397,False
8.5,3.5489,9.7732,-0.0138,0.3,-0.0264,False
8.55,3.5639,9.773,-0.0144,0.3,-0.0123,False
8.6,3.5789,9.7728,-0.0116,0.3,0.055,False
8.65,3.5939,9.7727,-0.0084,0.3,0.0648,False
8.7,3.6089,9.7725,-0.0071,0.3,0.0263,False
8.75,3.6239,9.7724,-0.0067,0.3,0.0069,False
8.8,3.6389,9.7723,-0.0057,0.3,0.0204,False
8.85,3.6539,9.7722,-0.0063,0.3,-0.0125,False
8.9,3.6689,9.7721,-0.0067,0.3,-0.007,False
8.95,3.6839,9.772,-0.0066,0.3,0.0016,False
9.0,3.6989,9.7719,-0.0073,0.3,-0.0133,False
9.05,3.7139,9.7718,-0.0082,0.3,-0.0186,False
9.1,3.7289,9.7717,-0.0081,0.3,0.0023,False
9.15,3.7439,9.7716,-0.0091,0.3,-0.0204,False
9.2,3.7589,9.7714,-0.0104,0.3,-0.026,False
9.25,3.7739,9.7713,-0.0106,0.3,-0.0042,False
9.3,3.7889,9.7711,-0.0093,0.3,0.0255,False
9.35,3.8039,9.771,-0.008,0.3,0.026,False
9.4,3.8189,9.7709,-0.0078,0.3,0.0047,False
9.45,3.8339,9.7708,-0.0083,0.3,-0.0099,False
9.5,3.8489,9.7706,-0.0081,0.3,0.0049,False
9.55,3.8639,9.7705,-0.0079,0.3,0.0028,False
9.6,3.8789,9.7704,-0.0085,0.3,-0.0112,False
9.65,3.8939,9.7703,-0.0089,0.3,-0.0092,False
9.7,3.9089,9.7701,-0.0095,0.3,-0.0121,False
9.75,3.9239,9.77,-0.0084,0.3,0.0232,False
9.8,3.9389,9.7699,-0.01,0.3,-0.0322,False
9.85,3.9539,9.7697,-0.0113,0.3,-0.0259,False
9.9,3.9689,9.7695,-0.0119,0.3,-0.0131,False
9.95,3.9839,9.7694,-0.0124,0.3,-0.0102,False
10.0,3.9989,9.7692,-0.0122,0.3,0.0057,False
10.05,4.0139,9.769,-0.0129,0.3,-0.0143,False
10.1,4.0289,9.7688,-0.0139,0.3,-0.0197,False
10.15,4.0439,9.7686,-0.0141,0.3,-0.0049,False
10.2,4.0589,9.7684,-0.0146,0.3,-0.0095,False
10.25,4.0739,9.7682,-0.0139,0.3,0.0136,False
10.3,4.0889,9.768,-0.0129,0.3,0.0195,False
10.35,4.1039,9.7678,-0.0131,0.3,-0.0028,False
10.4,4.1189,9.7676,-0.0125,0.3,0.0118,False
10.45,4.1339,9.7674,-0.0113,0.3,0.0242,False
10.5,4.1489,9.7672,-0.0101,0.3,0.0236,False
10.55,4.1639,9.7671,-0.0099,0.3,0.0037,False
10.6,4.1789,9.7669,-0.0112,0.3,-0.0255,False
10.65,4.1939,9.7667,-0.0114,0.3,-0.0035,False
10.7,4.2089,9.7666,-0.0119,0.3,-0.0115,False
10.75,4.2239,9.7664,-0.0137,0.3,-0.036,False
10.8,4.2389,9.7662,-0.0168,0.3,-0.0618,False
10.85,4.2539,9.7659,-0.0184,0.3,-0.0325,False
10.9,4.2689,9.7657,-0.0166,0.3,0.0366,False
10.95,4.2839,9.7654,-0.0158,0.3,0.0172,False
11.0,4.2989,9.7652,-0.0145,0.3,0.0246,False
11.05,4.3139,9.765,-0.0135,0.3,0.0204,False
11.1,4.3289,9.7648,-0.011,0.3,0.0509,False
11.15,4.3439,9.7646,-0.0098,0.3,0.0225,False
11.2,4.3589,9.7644,-0.0052,0.3,0.0925,False
11.25,4.3739,9.7644,-0.0044,0.3,0.0158,False
11.3,4.3889,9.7643,-0.0033,0.3,0.0229,False
11.35,4.4039,9.7642,-0.0015,0.3,0.0348,False
11.4,4.4189,9.7642,-0.0004,0.3,0.0229,False
11.45,4.4339,9.7642,-0.0005,0.3,-0.0027,False
11.5,4.4489,9.7642,-0.0021,0.3,-0.0313,False
11.55,4.4639,9.7642,-0.0029,0.3,-0.0156,False
11.6,4.4789,9.7641,-0.0047,0.3,-0.0363,False
11.65,4.4939,9.7641,-0.0053,0.3,-0.0117,False
11.7,4.5089,9.764,-0.0048,0.3,0.0093,False
11.75,4.5239,9.7639,-0.0045,0.3,0.0065,False
11.8,4.5389,9.7638,-0.0043,0.3,0.0028,False
11.85,4.5539,9.7638,-0.003,0.3,0.0277,False
11.9,4.5689,9.7637,-0.0019,0.3,0.021,False
11.95,4.5839,9.7637,-0.0004,0.3,0.0301,False
12.0,4.5989,9.7637,0.0003,0.3,0.0146,False
12.05,4.6139,9.7637,0.0018,0.3,0.0301,False
12.1,4.6289,9.7637,0.0028,0.3,0.0183,False
12.15,4.6439,9.7638,0.0036,0.3,0.0168,False
12.2,4.6589,9.7638,0.0031,0.3,-0.0102,False
12.25,4.6739,9.7639,0.0018,0.3,-0.026,False
12.3,4.6889,9.7639,0.0001,0.3,-0.0332,False
12.35,4.7039,9.7639,-0.0017,0.3,-0.0364,False
12.4,4.7189,9.7639,-0.0025,0.3,-0.0161,False
12.45,4.7339,9.7638,-0.0038,0.3,-0.0263,False
12.5,4.7489,9.7638,-0.0054,0.3,-0.0309,False
12.55,4.7639,9.7637,-0.0066,0.3,-0.0256,False
12.6,4.7789,9.7636,-0.0082,0.3,-0.0305,False
12.65,4.7939,9.7635,-0.0091,0.3,-0.0183,False
12.7,4.8089,9.7633,-0.01,0.3,-0.0188,False
12.75,4.8239,9.7632,-0.0122,0.3,-0.0431,False
12.8,4.8389,9.763,-0.0134,0.3,-0.0239,False
12.85,4.8539,9.7628,-0.0133,0.3,0.0016,False
12.9,4.8689,9.7626,-0.0136,0.3,-0.006,False
12.95,4.8839,9.7624,-0.0147,0.3,-0.0215,False
13.0,4.8989,9.7622,-0.0159,0.3,-0.024,False
13.05,4.9139,9.762,-0.0162,0.3,-0.0063,False
13.1,4.9289,9.7617,-0.016,0.3,0.0043,False
13.15,4.9439,9.7615,-0.0146,0.3,0.0274,False
13.2,4.9589,9.7613,-0.0157,0.3,-0.0218,False
13.25,4.9739,9.761,-0.0188,0.3,-0.0623,False
13.3,4.9889,9.7607,-0.0206,0.3,-0.0354,False
13.35,5.0039,9.7604,-0.022,0.3,-0.0292,False
13.4,5.0189,9.7601,-0.0241,0.3,-0.041,False
13.45,5.0339,9.7597,-0.0282,0.3,-0.0816,False
13.5,5.0489,9.7593,-0.0308,0.3,-0.052,False
13.55,5.0638,9.7589,-0.033,0.3,-0.0449,False
13.6,5.0788,9.7584,-0.033,0.3,-0.0007,False
13.65,5.0938,9.7579,-0.0316,0.3,0.0286,False
13.7,5.1088,9.7574,-0.0295,0.3,0.0429,False
13.75,5.1238,9.7569,-0.0275,0.3,0.0383,False
13.8,5.1388,9.7565,-0.0241,0.3,0.0683,False
13.85,5.1538,9.7562,-0.0224,0.3,0.0354,False
13.9,5.1688,9.7558,-0.0222,0.3,0.004,False
13.95,5.1838,9.7555,-0.0218,0.3,0.007,False
14.0,5.1988,9.7552,-0.0208,0.3,0.0207,False
14.05,5.2138,9.7549,-0.02,0.3,0.0155,False
14.1,5.2288,9.7546,-0.0203,0.3,-0.0056,False
14.15,5.2438,9.7543,-0.0212,0.3,-0.0178,False
14.2,5.2588,9.7539,-0.022,0.3,-0.0157,False
14.25,5.2738,9.7536,-0.0239,0.3,-0.0381,False
14.3,5.2888,9.7533,-0.0249,0.3,-0.0209,False
14.35,5.3038,9.7529,-0.0267,0.3,-0.0355,False
14.4,5.3188,9.7525,-0.0268,0.3,-0.0033,False
14.45,5.3338,9.7521,-0.0246,0.3,0.045,False
14.5,5.3488,9.7517,-0.0242,0.3,0.0074,False
14.55,5.3637,9.7513,-0.0241,0.3,0.0023,False
14.6,5.3787,9.751,-0.0229,0.3,0.0238,False
14.65,5.3937,9.7506,-0.0213,0.3,0.0329,False
14.7,5.4087,9.7503,-0.0184,0.3,0.0576,False
14.75,5.4237,9.75,-0.0156,0.3,0.0553,False
14.8,5.4387,9.7498,-0.0139,0.3,0.0349,False
14.85,5.4537,9.7496,-0.013,0.3,0.0183,False
14.9,5.4687,9.7494,-0.0133,0.3,-0.0063,False
14.95,5.4837,9.7492,-0.0132,0.3,0.0008,False
15.0,5.4987,9.749,-0.013,0.3,0.0048,False
15.05,5.5137,9.7488,-0.0129,0.3,0.0016,False
15.1,5.5287,9.7486,-0.0132,0.3,-0.0064,False
15.15,5.5437,9.7484,-0.0122,0.3,0.0211,False
15.2,5.5587,9.7482,-0.0105,0.3,0.0343,False
15.25,5.5737,9.7481,-0.0097,0.3,0.0146,False
15.3,5.5887,9.7479,-0.0094,0.3,0.0078,False
15.35,5.6037,9.7478,-0.0096,0.3,-0.0058,False
15.4,5.6187,9.7476,-0.0099,0.3,-0.0056,False
15.45,5.6337,9.7475,-0.0095,0.3,0.0083,False
15.5,5.6487,9.7474,-0.0109,0.3,-0.0288,False
15.55,5.6637,9.7472,-0.0117,0.3,-0.015,False
15.6,5.6787,9.747,-0.0101,0.3,0.032,False
15.65,5.6937,9.7469,-0.0066,0.3,0.0704,False
15.7,5.7087,9.7468,-0.0054,0.3,0.0234,False
15.75,5.7237,9.7467,-0.0054,0.3,-0.0009,False
15.8,5.7387,9.7466,-0.0061,0.3,-0.0124,False
15.85,5.7537,9.7465,-0.0051,0.3,0.0187,False
15.9,5.7687,9.7464,-0.0047,0.3,0.0078,False
15.95,5.7837,9.7464,-0.0081,0.3,-0.068,False
16.0,5.7987,9.7462,-0.0118,0.3,-0.0725,False
16.05,5.8137,9.7461,-0.0146,0.3,-0.0561,False
16.1,5.8287,9.7458,-0.0145,0.3,0.0013,False
16.15,5.8437,9.7456,-0.0158,0.3,-0.0251,False
16.2,5.8587,9.7454,-0.0167,0.3,-0.0186,False
16.25,5.8737,9.7451,-0.0169,0.3,-0.0041,False
16.3,5.8887,9.7449,-0.0161,0.3,0.0168,False
16.35,5.9037,9.7447,-0.0166,0.3,-0.0102,False
16.4,5.9187,9.7444,-0.0163,0.3,0.0056,False
16.45,5.9337,9.7442,-0.0146,0.3,0.0344,False
16.5,5.9487,9.7439,-0.0149,0.3,-0.0064,False
16.55,5.9637,9.7437,-0.0152,0.3,-0.0055,False
16.6,5.9787,9.7435,-0.0173,0.3,-0.0423,False
16.65,5.9937,9.7432,-0.0183,0.3,-0.0208,False
16.7,6.0087,9.743,-0.0184,0.3,-0.0025,False
16.75,6.0237,9.7427,-0.016,0.3,0.0483,False
16.8,6.0387,9.7424,-0.0128,0.3,0.0649,False
16.85,6.0537,9.7422,-0.0085,0.3,0.0863,False
16.9,6.0687,9.7421,-0.0064,0.3,0.0421,False
16.95,6.0837,9.742,-0.0045,0.3,0.0364,False
17.0,6.0987,9.742,-0.004,0.3,0.0112,False
17.05,6.1137,9.7419,-0.0023,0.3,0.0336,False
17.1,6.1287,9.7419,-0.0025,0.3,-0.0031,False
17.15,6.1437,9.7418,-0.0032,0.3,-0.0153,False
17.2,6.1587,9.7418,-0.003,0.3,0.0048,False
17.25,6.1737,9.7417,-0.0036,0.3,-0.0122,False
17.3,6.1887,9.7417,-0.0032,0.3,0.0087,False
17.35,6.2037,9.7416,-0.0052,0.3,-0.0399,False
17.4,6.2187,9.7416,-0.0045,0.3,0.0134,False
17.45,6.2337,9.7415,-0.0047,0.3,-0.0038,False
17.5,6.2487,9.7414,-0.0049,0.3,-0.0039,False
17.55,6.2637,9.7413,-0.0052,0.3,-0.0072,False
17.6,6.2787,9.7413,-0.0055,0.3,-0.0063,False
17.65,6.2937,9.7412,-0.0059,0.3,-0.0072,False
17.7,6.3087,9.7411,-0.0058,0.3,0.0023,False
17.75,6.3237,9.741,-0.0047,0.3,0.0221,False
17.8,6.3387,9.7409,-0.0044,0.3,0.0064,False
17.85,6.3537,9.7409,-0.0038,0.3,0.0124,False
17.9,6.3687,9.7408,-0.001,0.3,0.0557,False
17.95,6.3837,9.7408,0.0009,0.3,0.0369,False
18.0,6.3987,9.7408,0.0014,0.3,0.0113,False
18.05,6.4137,9.7408,0.0025,0.3,0.0218,False
18.1,6.4287,9.7409,0.0039,0.3,0.0275,False
18.15,6.4437,9.7409,0.0049,0.3,0.0189,False
18.2,6.4587,9.741,0.0059,0.3,0.0202,False
18.25,6.4737,9.7411,0.0078,0.3,0.0386,False
18.3,6.4887,9.7412,0.008,0.3,0.0045,False
18.35,6.5037,9.7413,0.0074,0.3,-0.0118,False
18.4,6.5187,9.7414,0.0087,0.3,0.0258,False
18.45,6.5337,9.7416,0.0071,0.3,-0.0331,False
18.5,6.5487,9.7417,0.0061,0.3,-0.0192,False
18.55,6.5637,9.7418,0.0041,0.3,-0.0399,False
18.6,6.5787,9.7418,0.0016,0.3,-0.0508,False
18.65,6.5937,9.7419,0.0012,0.3,-0.007,False
18.7,6.6087,9.7419,0.0009,0.3,-0.0058,False
18.75,6.6237,9.7419,0.0003,0.3,-0.0136,False
18.8,6.6387,9.7419,-0.0003,0.3,-0.0102,False
18.85,6.6537,9.7419,-0.0018,0.3,-0.0304,False
18.9,6.6687,9.7419,-0.0037,0.3,-0.0382,False
18.95,6.6837,9.7418,-0.0051,0.3,-0.0283,False
19.0,6.6987,9.7417,-0.005,0.3,0.003,False
19.05,6.7137,9.7417,-0.0048,0.3,0.0033,False
19.1,6.7287,9.7416,-0.0054,0.3,-0.0126,False
19.15,6.7437,9.7415,-0.0063,0.3,-0.0169,False
19.2,6.7587,9.7414,-0.0058,0.3,0.0097,False
19.25,6.7737,9.7413,-0.0066,0.3,-0.0157,False
19.3,6.7887,9.7412,-0.0078,0.3,-0.0247,False
19.35,6.8037,9.7411,-0.009,0.3,-0.0246,False
19.4,6.8187,9.741,-0.0091,0.3,-0.0019,False
19.45,6.8337,9.7408,-0.01,0.3,-0.0173,False
19.5,6.8487,9.7407,-0.008,0.3,0.0398,False
19.55,6.8637,9.7406,-0.0082,0.3,-0.0036,False
19.6,6.8787,9.7404,-0.0083,0.3,-0.003,False
19.65,6.8937,9.7403,-0.0087,0.3,-0.0077,False
19.7,6.9087,9.7402,-0.0096,0.3,-0.0177,False
19.75,6.9237,9.74,-0.01,0.3,-0.0077,False
19.8,6.9387,9.7399,-0.0095,0.3,0.0097,False
19.85,6.9537,9.7397,-0.0098,0.3,-0.0054,False
19.9,6.9687,9.7396,-0.01,0.3,-0.0056,False
19.95,6.9837,9.7395,-0.0104,0.3,-0.0067,False
20.0,6.9987,9.7393,-0.0091,0.3,0.0256,False
20.05,7.0137,9.7392,-0.0093,0.3,-0.0042,False
20.1,7.0287,9.739,-0.0103,0.3,-0.019,False
20.15,7.0437,9.7389,-0.0108,0.3,-0.0118,False
20.2,7.0587,9.7387,-0.0105,0.3,0.0074,False
20.25,7.0737,9.7385,-0.0106,0.3,-0.0034,False
20.3,7.0887,9.7384,-0.0089,0.3,0.0349,False
20.35,7.1037,9.7383,-0.0076,0.3,0.0251,False
20.4,7.1187,9.7381,-0.0067,0.3,0.0186,False
20.45,7.1337,9.738,-0.0057,0.3,0.0212,False
20.5,7.1487,9.738,-0.0045,0.3,0.0238,False
20.55,7.1637,9.7379,-0.0039,0.3,0.0104,False
20.6,7.1787,9.7378,-0.004,0.3,-0.0006,False
20.65,7.1937,9.7378,-0.004,0.3,-0.0011,False
20.7,7.2087,9.7377,-0.0033,0.3,0.0139,False
20.75,7.2237,9.7377,-0.004,0.3,-0.0123,False
20.8,7.2387,9.7376,-0.0045,0.3,-0.0107,False
20.85,7.2537,9.7375,-0.0048,0.3,-0.0063,False
20.9,7.2687,9.7375,-0.005,0.3,-0.0043,False
20.95,7.2837,9.7374,-0.0049,0.3,0.0029,False
21.0,7.2987,9.7373,-0.0052,0.3,-0.0056,False
21.05,7.3137,9.7372,-0.0048,0.3,0.0069,False
21.1,7.3287,9.7372,-0.003,0.3,0.0365,False
21.15,7.3437,9.7371,-0.0052,0.3,-0.0444,False
21.2,7.3587,9.737,-0.0071,0.3,-0.0369,False
21.25,7.3737,9.7369,-0.0087,0.3,-0.0339,False
21.3,7.3887,9.7368,-0.0097,0.3,-0.0198,False
21.35,7.4037,9.7367,-0.0103,0.3,-0.0105,False
21.4,7.4187,9.7365,-0.0111,0.3,-0.0169,False
21.45,7.4337,9.7363,-0.0126,0.3,-0.029,False
21.5,7.4487,9.7361,-0.0139,0.3,-0.0269,False
21.55,7.4636,9.7359,-0.0133,0.3,0.0116,False
21.6,7.4786,9.7357,-0.0138,0.3,-0.0087,False
21.65,7.4936,9.7355,-0.0147,0.3,-0.0184,False
21.7,7.5086,9.7353,-0.013,0.3,0.0328,False
21.75,7.5236,9.7351,-0.0129,0.3,0.0023,False
21.8,7.5386,9.7349,-0.0128,0.3,0.0021,False
21.85,7.5536,9.7347,-0.0129,0.3,-0.0012,False
21.9,7.5686,9.7345,-0.0128,0.3,0.001,False
21.95,7.5836,9.7343,-0.0133,0.3,-0.0094,False
22.0,7.5986,9.7341,-0.0137,0.3,-0.0081,False
22.05,7.6136,9.7339,-0.0135,0.3,0.0033,False
22.1,7.6286,9.7337,-0.0143,0.3,-0.0153,False
22.15,7.6436,9.7335,-0.0151,0.3,-0.0162,False
22.2,7.6586,9.7333,-0.0158,0.3,-0.0147,False
22.25,7.6736,9.7331,-0.0158,0.3,0.0013,False
22.3,7.6886,9.7328,-0.0138,0.3,0.0398,False
22.35,7.7036,9.7326,-0.0134,0.3,0.0087,False
22.4,7.7186,9.7324,-0.0135,0.3,-0.0026,False
22.45,7.7336,9.7322,-0.0124,0.3,0.0222,False
22.5,7.7486,9.732,-0.012,0.3,0.0074,False
22.55,7.7636,9.7318,-0.013,0.3,-0.0196,False
22.6,7.7786,9.7316,-0.0139,0.3,-0.0173,False
22.65,7.7936,9.7314,-0.015,0.3,-0.0224,False
22.7,7.8086,9.7312,-0.0149,0.3,0.0006,False
22.75,7.8236,9.731,-0.015,0.3,-0.0007,False
22.8,7.8386,9.7308,-0.0147,0.3,0.0057,False
22.85,7.8536,9.7305,-0.0146,0.3,0.0024,False
22.9,7.8686,9.7303,-0.0152,0.3,-0.0119,False
22.95,7.8836,9.7301,-0.0158,0.3,-0.0137,False
23.0,7.8986,9.7299,-0.0172,0.3,-0.028,False
23.05,7.9136,9.7296,-0.0177,0.3,-0.0096,False
23.1,7.9286,9.7293,-0.0184,0.3,-0.0133,False
23.15,7.9436,9.7291,-0.0182,0.3,0.0041,False
23.2,7.9586,9.7288,-0.0182,0.3,-0.0012,False
23.25,7.9736,9.7285,-0.0181,0.3,0.0038,False
23.3,7.9886,9.7282,-0.0169,0.3,0.0239,False
23.35,8.0036,9.728,-0.0164,0.3,0.0095,False
23.4,8.0186,9.7277,-0.0159,0.3,0.0095,False
23.45,8.0336,9.7275,-0.0173,0.3,-0.0279,False
23.5,8.0486,9.7272,-0.0171,0.3,0.0039,False
23.55,8.0636,9.727,-0.017,0.3,0.0033,False
23.6,8.0786,9.7267,-0.018,0.3,-0.0212,False
23.65,8.0936,9.7265,-0.0172,0.3,0.0157,False
23.7,8.1086,9.7262,-0.0161,0.3,0.0219,False
23.75,8.1236,9.726,-0.0178,0.3,-0.0335,False
23.8,8.1386,9.7257,-0.0175,0.3,0.0056,False
23.85,8.1536,9.7254,-0.0163,0.3,0.024,False
23.9,8.1686,9.7252,-0.0163,0.3,0.0014,False
23.95,8.1836,9.7249,-0.0161,0.3,0.0027,False
24.0,8.1986,9.7247,-0.0144,0.3,0.0347,False
24.05,8.2136,9.7245,-0.0144,0.3,-0.0005,False
24.1,8.2286,9.7243,-0.0135,0.3,0.0177,False
24.15,8.2436,9.7241,-0.0135,0.3,0.0005,False
24.2,8.2586,9.7239,-0.0141,0.3,-0.0128,False
24.25,8.2736,9.7237,-0.015,0.3,-0.0177,False
24.3,8.2886,9.7234,-0.0162,0.3,-0.0228,False
24.35,8.3036,9.7232,-0.0154,0.3,0.0147,False
24.4,8.3186,9.723,-0.0154,0.3,0.0001,False
24.45,8.3335,9.7227,-0.0157,0.3,-0.0057,False
24.5,8.3485,9.7225,-0.0164,0.3,-0.0144,False
24.55,8.3635,9.7222,-0.0145,0.3,0.0396,False
24.6,8.3785,9.722,-0.0131,0.3,0.0265,False
24.65,8.3935,9.7218,-0.0117,0.3,0.0287,False
24.7,8.4085,9.7217,-0.0105,0.3,0.023,False
24.75,8.4235,9.7215,-0.0098,0.3,0.0158,False
24.8,8.4385,9.7214,-0.0098,0.3,-0.0005,False
24.85,8.4535,9.7212,-0.0097,0.3,0.0008,False
24.9,8.4685,9.7211,-0.0099,0.3,-0.0039,False
24.95,8.4835,9.7209,-0.0099,0.3,0.0004,False
25.0,8.4985,9.7208,-0.01,0.3,-0.0018,False
25.05,8.5135,9.7206,-0.0091,0.3,0.0171,False
25.1,8.5285,9.7205,-0.0095,0.3,-0.0065,False
25.15,8.5435,9.7203,-0.0121,0.3,-0.0521,False
25.2,8.5585,9.7202,-0.0145,0.3,-0.0485,False
25.25,8.5735,9.7199,-0.0154,0.3,-0.0173,False
25.3,8.5885,9.7197,-0.016,0.3,-0.0122,False
25.35,8.6035,9.7195,-0.0164,0.3,-0.0094,False
25.4,8.6185,9.7192,-0.0171,0.3,-0.0132,False
25.45,8.6335,9.719,-0.0186,0.3,-0.0307,False
25.5,8.6485,9.7187,-0.0199,0.3,-0.025,False
25.55,8.6635,9.7184,-0.0204,0.3,-0.0102,False
25.6,8.6785,9.7181,-0.0206,0.3,-0.0043,False
25.65,8.6935,9.7178,-0.0199,0.3,0.0148,False
25.7,8.7085,9.7175,-0.0202,0.3,-0.0058,False
25.75,8.7235,9.7172,-0.0198,0.3,0.0069,False
25.8,8.7385,9.7169,-0.0199,0.3,-0.0025,False
25.85,8.7535,9.7166,-0.0205,0.3,-0.012,False
25.9,8.7685,9.7163,-0.0204,0.3,0.002,False
25.95,8.7835,9.716,-0.0214,0.3,-0.0183,False
26.0,8.7985,9.7156,-0.0232,0.3,-0.0371,False
26.05,8.8135,9.7153,-0.0239,0.3,-0.0138,False
26.1,8.8285,9.7149,-0.0235,0.3,0.009,False
26.15,8.8435,9.7146,-0.0249,0.3,-0.028,False
26.2,8.8585,9.7142,-0.0249,0.3,-0.0008,False
26.25,8.8735,9.7138,-0.0263,0.3,-0.0281,False
26.3,8.8885,9.7134,-0.0264,0.3,-0.0029,False
26.35,8.9035,9.713,-0.0244,0.3,0.0404,False
26.4,8.9185,9.7127,-0.0237,0.3,0.0136,False
26.45,8.9334,9.7123,-0.0228,0.3,0.0187,False
26.5,8.9484,9.712,-0.0241,0.3,-0.0263,False
26.55,8.9634,9.7116,-0.0242,0.3,-0.0018,False
26.6,8.9784,9.7113,-0.0253,0.3,-0.0215,False
26.65,8.9934,9.7109,-0.0231,0.3,0.0443,False
26.7,9.0084,9.7105,-0.0217,0.3,0.0274,False
26.75,9.0234,9.7102,-0.0216,0.3,0.0022,False
26.8,9.0384,9.7099,-0.0212,0.3,0.0068,False
26.85,9.0534,9.7096,-0.0204,0.3,0.0169,False
26.9,9.0684,9.7093,-0.0208,0.3,-0.0083,False
26.95,9.0834,9.7089,-0.019,0.3,0.0356,False
27.0,9.0984,9.7087,-0.0183,0.3,0.0154,False
27.05,9.1134,9.7084,-0.0172,0.3,0.0223,False
27.1,9.1284,9.7081,-0.0173,0.3,-0.0025,False
27.15,9.1434,9.7079,-0.0162,0.3,0.0221,False
27.2,9.1584,9.7076,-0.0144,0.3,0.0352,False
27.25,9.1734,9.7074,-0.0137,0.3,0.0152,False
27.3,9.1884,9.7072,-0.0124,0.3,0.0244,False
27.35,9.2034,9.707,-0.0116,0.3,0.0164,False
27.4,9.2184,9.7068,-0.0101,0.3,0.0309,False
27.45,9.2334,9.7067,-0.0083,0.3,0.0364,False
27.5,9.2484,9.7066,-0.0075,0.3,0.0146,False
27.55,9.2634,9.7065,-0.007,0.3,0.0102,False
27.6,9.2784,9.7063,-0.0065,0.3,0.011,False
27.65,9.2934,9.7062,-0.0061,0.3,0.0068,False
27.7,9.3084,9.7062,-0.0051,0.3,0.0198,False
27.75,9.3234,9.7061,-0.0046,0.3,0.0107,False
27.8,9.3384,9.706,-0.005,0.3,-0.0073,False
27.85,9.3534,9.7059,-0.0041,0.3,0.0179,False
27.9,9.3684,9.7059,-0.0035,0.3,0.0121,False
27.95,9.3834,9.7058,-0.0031,0.3,0.0066,False
28.0,9.3984,9.7058,-0.0031,0.3,0.0009,False
28.05,9.4134,9.7057,-0.0031,0.3,-0.0001,False
28.1,9.4284,9.7057,-0.0025,0.3,0.0129,False
28.15,9.4434,9.7056,-0.0017,0.3,0.0161,False
28.2,9.4584,9.7056,-0.0009,0.3,0.0156,False
28.25,9.4734,9.7056,-0.0006,0.3,0.0046,False
28.3,9.4884,9.7056,-0.0009,0.3,-0.0043,False
28.35,9.5034,9.7056,-0.0014,0.3,-0.0114,False
28.4,9.5184,9.7056,-0.002,0.3,-0.0113,False
28.45,9.5334,9.7055,-0.0022,0.3,-0.0052,False
28.5,9.5484,9.7055,-0.0027,0.3,-0.0092,False
28.55,9.5634,9.7055,-0.0026,0.3,0.0025,False
28.6,9.5784,9.7054,-0.0022,0.3,0.0076,False
28.65,9.5934,9.7054,-0.0009,0.3,0.0257,False
28.7,9.6084,9.7054,-0.0002,0.3,0.0137,False
28.75,9.6234,9.7054,-0.0014,0.3,-0.0242,False
28.8,9.6384,9.7053,-0.0028,0.3,-0.0267,False
28.85,9.6534,9.7053,-0.0031,0.3,-0.0056,False
28.9,9.6684,9.7053,-0.0023,0.3,0.0144,False
28.95,9.6834,9.7052,-0.0029,0.3,-0.012,False
29.0,9.6984,9.7052,-0.0043,0.3,-0.0265,False
29.05,9.7134,9.7051,-0.0039,0.3,0.0075,False
29.1,9.7284,9.7051,-0.0031,0.3,0.0163,False
29.15,9.7434,9.705,-0.0022,0.3,0.0176,False
29.2,9.7584,9.705,-0.0034,0.3,-0.0249,False
29.25,9.7734,9.7049,-0.0039,0.3,-0.0088,False
29.3,9.7884,9.7049,-0.0038,0.3,0.0005,False
29.35,9.8034,9.7048,-0.0049,0.3,-0.0207,False
29.4,9.8184,9.7047,-0.0051,0.3,-0.0053,False
29.45,9.8334,9.7047,-0.005,0.3,0.0035,False
29.5,9.8484,9.7046,-0.0051,0.3,-0.0016,False
29.55,9.8634,9.7045,-0.005,0.3,0.0006,False
29.6,9.8784,9.7044,-0.0051,0.3,-0.001,False
29.65,9.8934,9.7044,-0.0052,0.3,-0.0031,False
29.7,9.9084,9.7043,-0.0045,0.3,0.015,False
29.75,9.9234,9.7042,-0.003,0.3,0.0293,False
29.8,9.9384,9.7042,-0.0022,0.3,0.0169,False
29.85,9.9534,9.7041,-0.0011,0.3,0.0222,False
29.9,9.9684,9.7041,-0.0003,0.3,0.0149,False
29.95,9.9834,9.7041,0.0015,0.3,0.036,False
30.0,9.9984,9.7041,0.0039,0.3,0.0489,False
30.05,10.0134,9.7042,0.0046,0.3,0.0129,False
30.1,10.0284,9.7043,0.0041,0.3,-0.0095,False
30.15,10.0434,9.7043,0.0032,0.3,-0.0181,False
30.2,10.0584,9.7044,0.0024,0.3,-0.0162,False
30.25,10.0734,9.7044,0.0026,0.3,0.0048,False
30.3,10.0884,9.7045,0.0033,0.3,0.0134,False
30.35,10.1034,9.7045,0.0045,0.3,0.0233,False
30.4,10.1184,9.7046,0.0049,0.3,0.009,False
30.45,10.1334,9.7046,0.005,0.3,0.0017,False
30.5,10.1484,9.7047,0.0041,0.3,-0.0179,False
30.55,10.1634,9.7048,0.0031,0.3,-0.0202,False
30.6,10.1784,9.7048,0.0024,0.3,-0.0137,False
30.65,10.1934,9.7049,0.0018,0.3,-0.0115,False
30.7,10.2084,9.7049,0.0007,0.3,-0.0217,False
30.75,10.2234,9.7049,0.0002,0.3,-0.0101,False
30.8,10.2384,9.7049,0.0006,0.3,0.0072,False
30.85,10.2534,9.7049,0.0012,0.3,0.0127,False
30.9,10.2684,9.7049,0.0016,0.3,0.007,False
30.95,10.2834,9.705,0.0027,0.3,0.0221,False
31.0,10.2984,9.705,0.0028,0.3,0.0024,False
31.05,10.3134,9.705,0.0022,0.3,-0.012,False
31.1,10.3284,9.7051,0.0019,0.3,-0.0056,False
31.15,10.3434,9.7051,0.0019,0.3,-0.0016,False
31.2,10.3584,9.7051,0.0025,0.3,0.0135,False
31.25,10.3734,9.7052,0.0032,0.3,0.013,False
31.3,10.3884,9.7052,0.0048,0.3,0.0327,False
31.35,10.4034,9.7053,0.0057,0.3,0.0173,False
31.4,10.4184,9.7054,0.0057,0.3,0.0008,False
31.45,10.4334,9.7055,0.005,0.3,-0.0146,False
31.5,10.4484,9.7055,0.0053,0.3,0.0058,False
31.55,10.4634,9.7056,0.0043,0.3,-0.0186,False
31.6,10.4784,9.7057,0.0041,0.3,-0.0047,False
31.65,10.4934,9.7057,0.0026,0.3,-0.0311,False
31.7,10.5084,9.7058,0.0023,0.3,-0.0053,False
31.75,10.5234,9.7058,0.0015,0.3,-0.0168,False
31.8,10.5384,9.7058,0.0033,0.3,0.038,False
31.85,10.5534,9.7059,0.0045,0.3,0.0233,False
31.9,10.5684,9.706,0.006,0.3,0.0291,False
31.95,10.5834,9.706,0.0073,0.3,0.0259,False
32.0,10.5984,9.7061,0.0073,0.3,0.0017,False
32.05,10.6134,9.7063,0.0076,0.3,0.005,False
32.1,10.6284,9.7064,0.007,0.3,-0.0115,False
32.15,10.6434,9.7065,0.0074,0.3,0.0066,False
32.2,10.6584,9.7066,0.0086,0.3,0.0244,False
32.25,10.6734,9.7067,0.0078,0.3,-0.0164,False
32.3,10.6884,9.7068,0.0064,0.3,-0.0267,False
32.35,10.7034,9.7069,0.0024,0.3,-0.08,False
32.4,10.7184,9.707,0.0019,0.3,-0.0096,False
32.45,10.7334,9.707,0.0026,0.3,0.0123,False
32.5,10.7484,9.707,0.0026,0.3,0.0013,False
32.55,10.7634,9.7071,0.0042,0.3,0.0325,False
32.6,10.7784,9.7071,0.0058,0.3,0.0315,False
32.65,10.7934,9.7072,0.0081,0.3,0.0448,False
32.7,10.8084,9.7073,0.0087,0.3,0.0131,False
32.75,10.8234,9.7075,0.0068,0.3,-0.0381,False
32.8,10.8384,9.7076,0.0059,0.3,-0.0189,False
32.85,10.8534,9.7077,0.0052,0.3,-0.0125,False
32.9,10.8684,9.7077,0.004,0.3,-0.0253,False
32.95,10.8834,9.7078,0.0029,0.3,-0.022,False
33.0,10.8984,9.7078,0.001,0.3,-0.0378,False
33.05,10.9134,9.7079,-0.0006,0.3,-0.0321,False
33.1,10.9284,9.7079,-0.0013,0.3,-0.0131,False
33.15,10.9434,9.7078,-0.0009,0.3,0.0067,False
33.2,10.9584,9.7078,-0.0013,0.3,-0.0065,False
33.25,10.9734,9.7078,-0.0,0.3,0.0252,False
33.3,10.9884,9.7078,0.0005,0.3,0.0093,False
33.35,11.0034,9.7078,0.0025,0.3,0.0416,False
33.4,11.0184,9.7078,0.005,0.3,0.0495,False
33.45,11.0334,9.7079,0.0073,0.3,0.045,False
33.5,11.0484,9.708,0.0075,0.3,0.004,False
33.55,11.0634,9.7081,0.009,0.3,0.0303,False
33.6,11.0784,9.7083,0.0107,0.3,0.0348,False
33.65,11.0934,9.7084,0.0108,0.3,0.0023,False
33.7,11.1084,9.7086,0.0113,0.3,0.0097,False
33.75,11.1234,9.7088,0.0122,0.3,0.0183,False
33.8,11.1384,9.709,0.0131,0.3,0.0166,False
33.85,11.1534,9.7091,0.0134,0.3,0.0073,False
33.9,11.1684,9.7093,0.0141,0.3,0.0132,False
33.95,11.1834,9.7096,0.0146,0.3,0.0097,False
34.0,11.1984,9.7098,0.0143,0.3,-0.0048,False
34.05,11.2134,9.71,0.0136,0.3,-0.0137,False
34.1,11.2284,9.7102,0.0145,0.3,0.0165,False
34.15,11.2434,9.7104,0.0152,0.3,0.0143,False
34.2,11.2584,9.7106,0.0163,0.3,0.0222,False
34.25,11.2734,9.7109,0.0173,0.3,0.0208,False
34.3,11.2884,9.7111,0.0188,0.3,0.0287,False
34.35,11.3034,9.7114,0.0226,0.3,0.0765,False
34.4,11.3183,9.7118,0.0249,0.3,0.0471,False
34.45,11.3333,9.7121,0.0262,0.3,0.0259,False
34.5,11.3483,9.7125,0.0272,0.3,0.019,False
34.55,11.3633,9.7129,0.0273,0.3,0.0032,False
34.6,11.3783,9.7134,0.0268,0.3,-0.0111,False
34.65,11.3933,9.7138,0.0262,0.3,-0.012,False
34.7,11.4083,9.7141,0.0259,0.3,-0.0063,False
34.75,11.4233,9.7145,0.0262,0.3,0.0058,False
34.8,11.4383,9.7149,0.0258,0.3,-0.0075,False
34.85,11.4533,9.7153,0.0251,0.3,-0.0134,False
34.9,11.4683,9.7157,0.0225,0.3,-0.0531,False
34.95,11.4833,9.716,0.0214,0.3,-0.0208,False
35.0,11.4983,9.7163,0.0198,0.3,-0.032,False
35.05,11.5133,9.7166,0.0179,0.3,-0.0383,False
35.1,11.5283,9.7169,0.0176,0.3,-0.0065,False
35.15,11.5433,9.7172,0.0167,0.3,-0.0182,False
35.2,11.5583,9.7174,0.0155,0.3,-0.023,False
35.25,11.5733,9.7177,0.0143,0.3,-0.0239,False
35.3,11.5883,9.7179,0.0122,0.3,-0.0419,False
35.35,11.6033,9.7181,0.0097,0.3,-0.05,False
35.4,11.6183,9.7182,0.0081,0.3,-0.0328,False
35.45,11.6333,9.7183,0.0078,0.3,-0.0063,False
35.5,11.6483,9.7184,0.0075,0.3,-0.0054,False
35.55,11.6633,9.7186,0.0093,0.3,0.0363,False
35.6,11.6783,9.7187,0.0093,0.3,-0.0012,False
35.65,11.6933,9.7188,0.0081,0.3,-0.0226,False
35.7,11.7083,9.719,0.0089,0.3,0.0158,False
35.75,11.7233,9.7191,0.0114,0.3,0.0493,False
35.8,11.7383,9.7193,0.0122,0.3,0.0156,False
35.85,11.7533,9.7194,0.0136,0.3,0.0293,False
35.9,11.7683,9.7196,0.0156,0.3,0.0395,False
35.95,11.7833,9.7199,0.0154,0.3,-0.0036,False
36.0,11.7983,9.7201,0.015,0.3,-0.0084,False
36.05,11.8133,9.7203,0.0141,0.3,-0.0179,False
36.1,11.8283,9.7206,0.0151,0.3,0.0195,False
36.15,11.8433,9.7208,0.0164,0.3,0.0263,False
36.2,11.8583,9.721,0.0169,0.3,0.0104,False
36.25,11.8733,9.7213,0.0179,0.3,0.0196,False
36.3,11.8883,9.7215,0.0187,0.3,0.0163,False
36.35,11.9033,9.7218,0.0177,0.3,-0.0195,False
36.4,11.9182,9.7221,0.0182,0.3,0.0089,False
36.45,11.9332,9.7224,0.0194,0.3,0.0246,False
36.5,11.9482,9.7227,0.0209,0.3,0.0289,False
36.55,11.9632,9.723,0.0218,0.3,0.0188,False
36.6,11.9782,9.7233,0.023,0.3,0.0245,False
36.65,11.9932,9.7236,0.0245,0.3,0.0301,False
36.7,12.0082,9.724,0.0263,0.3,0.0352,False
36.75,12.0232,9.7244,0.0283,0.3,0.0411,False
36.8,12.0382,9.7248,0.0339,0.3,0.1107,False
36.85,12.0532,9.7253,0.0381,0.3,0.0851,False
36.9,12.0682,9.7259,0.0412,0.3,0.0608,False
36.95,12.0832,9.7265,0.0434,0.3,0.0439,False
37.0,12.0982,9.7272,0.0447,0.3,0.0256,False
37.05,12.1132,9.7278,0.0454,0.3,0.0153,False
37.1,12.1281,9.7285,0.0453,0.3,-0.0028,False
37.15,12.1431,9.7292,0.0448,0.3,-0.0098,False
37.2,12.1581,9.7299,0.0441,0.3,-0.0146,False
37.25,12.1731,9.7305,0.0431,0.3,-0.0187,False
37.3,12.1881,9.7312,0.0429,0.3,-0.005,False
37.35,12.2031,9.7318,0.0415,0.3,-0.0284,False
37.4,12.2181,9.7324,0.0389,0.3,-0.0503,False
37.45,12.233,9.733,0.0376,0.3,-0.0269,False
37.5,12.248,9.7336,0.0362,0.3,-0.0276,False
37.55,12.263,9.7341,0.0339,0.3,-0.0453,False
37.6,12.278,9.7346,0.0323,0.3,-0.0337,False
37.65,12.293,9.7351,0.0317,0.3,-0.0117,False
37.7,12.308,9.7356,0.0293,0.3,-0.0483,False
37.75,12.323,9.736,0.0278,0.3,-0.0301,False
37.8,12.338,9.7365,0.0256,0.3,-0.0435,False
37.85,12.353,9.7368,0.0248,0.3,-0.0148,False
37.9,12.368,9.7372,0.0242,0.3,-0.0124,False
37.95,12.383,9.7376,0.0235,0.3,-0.0143,False
38.0,12.398,9.7379,0.0209,0.3,-0.0522,False
38.05,12.413,9.7382,0.0186,0.3,-0.045,False
38.1,12.428,9.7385,0.0162,0.3,-0.0493,False
38.15,12.443,9.7388,0.0139,0.3,-0.0465,False
38.2,12.458,9.739,0.0118,0.3,-0.0405,False
38.25,12.473,9.7392,0.0108,0.3,-0.0212,False
38.3,12.488,9.7393,0.0098,0.3,-0.0184,False
38.35,12.503,9.7395,0.0092,0.3,-0.0129,False
38.4,12.518,9.7396,0.0099,0.3,0.0134,False
38.45,12.533,9.7398,0.0098,0.3,-0.0016,False
38.5,12.548,9.7399,0.0121,0.3,0.0454,False
38.55,12.563,9.7401,0.0137,0.3,0.0321,False
38.6,12.578,9.7403,0.0135,0.3,-0.0038,False
38.65,12.593,9.7405,0.012,0.3,-0.0304,False
38.7,12.6079,9.7407,0.0112,0.3,-0.0152,False
38.75,12.6229,9.7408,0.0088,0.3,-0.0484,False
38.8,12.6379,9.741,0.0072,0.3,-0.0305,False
38.85,12.6529,9.7411,0.0051,0.3,-0.0438,False
38.9,12.6679,9.7412,0.0042,0.3,-0.0178,False
38.95,12.6829,9.7412,0.0033,0.3,-0.0179,False
39.0,12.6979,9.7413,0.0036,0.3,0.0071,False
39.05,12.7129,9.7413,0.0055,0.3,0.0383,False
39.1,12.7279,9.7414,0.0054,0.3,-0.003,False
39.15,12.7429,9.7415,0.0089,0.3,0.0705,False
39.2,12.7579,9.7416,0.0101,0.3,0.0234,False
39.25,12.7729,9.7418,0.0112,0.3,0.0228,False
39.3,12.7879,9.7419,0.0131,0.3,0.0375,False
39.35,12.8029,9.7421,0.0152,0.3,0.0428,False
39.4,12.8179,9.7424,0.0172,0.3,0.0399,False
39.45,12.8329,9.7426,0.0183,0.3,0.0207,False
39.5,12.8479,9.7429,0.019,0.3,0.0146,False
39.55,12.8629,9.7432,0.0163,0.3,-0.0538,False
39.6,12.8779,9.7434,0.0136,0.3,-0.0543,False
39.65,12.8929,9.7436,0.0113,0.3,-0.0457,False
39.7,12.9079,9.7438,0.0104,0.3,-0.019,False
39.75,12.9229,9.7439,0.0093,0.3,-0.0217,False
39.8,12.9379,9.7441,0.008,0.3,-0.0246,False
39.85,12.9529,9.7442,0.0084,0.3,0.0081,False
39.9,12.9679,9.7443,0.0076,0.3,-0.0176,False
39.95,12.9829,9.7444,0.0065,0.3,-0.0217,False
40.0,12.9979,9.7445,0.0053,0.3,-0.0228,False
40.05,13.0129,9.7446,0.0038,0.3,-0.0309,False
40.1,13.0279,9.7447,0.0032,0.3,-0.0118,False
40.15,13.0429,9.7447,0.002,0.3,-0.0242,False
40.2,13.0579,9.7448,0.0005,0.3,-0.0297,False
40.25,13.0729,9.7448,0.0003,0.3,-0.0048,False
40.3,13.0879,9.7448,0.0002,0.3,-0.0006,False
40.35,13.1029,9.7448,0.0002,0.3,-0.0018,False
40.4,13.1179,9.7448,0.0008,0.3,0.0138,False
40.45,13.1329,9.7448,0.0012,0.3,0.0081,False
40.5,13.1479,9.7448,0.0019,0.3,0.0138,False
40.55,13.1629,9.7448,0.002,0.3,0.0018,False
40.6,13.1779,9.7449,0.0023,0.3,0.006,False
40.65,13.1929,9.7449,0.0026,0.3,0.006,False
40.7,13.2079,9.7449,0.002,0.3,-0.012,False
40.75,13.2229,9.745,0.0019,0.3,-0.0017,False
40.8,13.2379,9.745,0.0024,0.3,0.009,False
40.85,13.2529,9.745,0.0031,0.3,0.0143,False
40.9,13.2679,9.7451,0.0036,0.3,0.0096,False
40.95,13.2829,9.7451,0.0052,0.3,0.0315,False
41.0,13.2979,9.7452,0.0068,0.3,0.032,False
41.05,13.3129,9.7453,0.008,0.3,0.0251,False
41.1,13.3279,9.7454,0.0085,0.3,0.0096,False
41.15,13.3429,9.7456,0.0099,0.3,0.0285,False
41.2,13.3579,9.7457,0.0106,0.3,0.0136,False
41.25,13.3729,9.7459,0.011,0.3,0.0079,False
41.3,13.3879,9.746,0.012,0.3,0.0207,False
41.35,13.4029,9.7462,0.013,0.3,0.0188,False
41.4,13.4179,9.7464,0.0154,0.3,0.0493,False
41.45,13.4329,9.7466,0.0133,0.3,-0.0431,False
41.5,13.4479,9.7468,0.0107,0.3,-0.0523,False
41.55,13.4629,9.747,0.0088,0.3,-0.038,False
41.6,13.4779,9.7471,0.0072,0.3,-0.0308,False
41.65,13.4929,9.7472,0.0064,0.3,-0.0165,False
41.7,13.5079,9.7473,0.0066,0.3,0.0037,False
41.75,13.5229,9.7474,0.0073,0.3,0.0139,False
41.8,13.5379,9.7475,0.0096,0.3,0.0467,False
41.85,13.5529,9.7477,0.0106,0.3,0.0194,False
41.9,13.5679,9.7478,0.0103,0.3,-0.0062,False
41.95,13.5829,9.748,0.0104,0.3,0.003,False
42.0,13.5979,9.7482,0.0084,0.3,-0.0413,False
42.05,13.6129,9.7483,0.0087,0.3,0.0074,False
42.1,13.6279,9.7484,0.009,0.3,0.0053,False
42.15,13.6429,9.7486,0.0093,0.3,0.0052,False
42.2,13.6579,9.7487,0.0107,0.3,0.0297,False
42.25,13.6729,9.7489,0.0132,0.3,0.0485,False
42.3,13.6879,9.749,0.0161,0.3,0.058,False
42.35,13.7029,9.7493,0.0202,0.3,0.0821,False
42.4,13.7179,9.7496,0.023,0.3,0.057,False
42.45,13.7329,9.7499,0.0237,0.3,0.0136,False
42.5,13.7479,9.7503,0.0255,0.3,0.0355,False
42.55,13.7629,9.7507,0.0259,0.3,0.0079,False
42.6,13.7779,9.7511,0.0253,0.3,-0.0112,False
42.65,13.7929,9.7514,0.0241,0.3,-0.0233,False
42.7,13.8079,9.7518,0.022,0.3,-0.0434,False
42.75,13.8229,9.7521,0.0199,0.3,-0.0411,False
42.8,13.8379,9.7524,0.0173,0.3,-0.0524,False
42.85,13.8529,9.7527,0.014,0.3,-0.0669,False
42.9,13.8679,9.7529,0.0118,0.3,-0.0431,False
42.95,13.8829,9.7531,0.0113,0.3,-0.0102,False
43.0,13.8979,9.7532,0.0097,0.3,-0.0326,False
43.05,13.9129,9.7534,0.0091,0.3,-0.0105,False
43.1,13.9279,9.7535,0.0077,0.3,-0.0286,False
43.15,13.9429,9.7536,0.0072,0.3,-0.0102,False
43.2,13.9579,9.7538,0.0068,0.3,-0.007,False
43.25,13.9729,9.7539,0.0069,0.3,0.0001,False
43.3,13.9879,9.754,0.008,0.3,0.0238,False
43.35,14.0029,9.7541,0.0088,0.3,0.0153,False
43.4,14.0179,9.7542,0.0109,0.3,0.0415,False
43.45,14.0329,9.7544,0.012,0.3,0.023,False
43.5,14.0479,9.7546,0.0128,0.3,0.0147,False
43.55,14.0629,9.7547,0.0127,0.3,-0.0008,False
43.6,14.0779,9.7549,0.0134,0.3,0.0141,False
43.65,14.0929,9.7551,0.0132,0.3,-0.0048,False
43.7,14.1079,9.7553,0.0121,0.3,-0.021,False
43.75,14.1228,9.7555,0.0106,0.3,-0.0316,False
43.8,14.1378,9.7557,0.0103,0.3,-0.0054,False
43.85,14.1528,9.7558,0.0079,0.3,-0.0476,False
43.9,14.1678,9.756,0.0048,0.3,-0.0615,False
43.95,14.1828,9.756,0.0021,0.3,-0.0539,False
44.0,14.1978,9.7561,0.0004,0.3,-0.0354,False
44.05,14.2128,9.7561,0.0001,0.3,-0.0053,False
44.1,14.2278,9.7561,0.0014,0.3,0.0251,False
44.15,14.2428,9.7561,0.003,0.3,0.0331,False
44.2,14.2578,9.7561,0.006,0.3,0.0606,False
44.25,14.2728,9.7562,0.0086,0.3,0.0504,False
44.3,14.2878,9.7563,0.0111,0.3,0.0501,False
44.35,14.3028,9.7565,0.014,0.3,0.0582,False
44.4,14.3178,9.7567,0.0174,0.3,0.0674,False
44.45,14.3328,9.757,0.0198,0.3,0.0496,False
44.5,14.3478,9.7573,0.0238,0.3,0.0802,False
44.55,14.3628,9.7576,0.026,0.3,0.0422,False
44.6,14.3778,9.758,0.0235,0.3,-0.0482,False
44.65,14.3928,9.7584,0.0217,0.3,-0.0378,False
44.7,14.4078,9.7587,0.0206,0.3,-0.0213,False
44.75,14.4228,9.759,0.0184,0.3,-0.0432,False
44.8,14.4378,9.7593,0.016,0.3,-0.0486,False
44.85,14.4528,9.7595,0.0145,0.3,-0.0291,False
44.9,14.4678,9.7598,0.0137,0.3,-0.0165,False
44.95,14.4828,9.76,0.014,0.3,0.0065,False
45.0,14.4978,9.7602,0.012,0.3,-0.04,False
45.05,14.5128,9.7603,0.0103,0.3,-0.0358,False
45.1,14.5278,9.7605,0.0091,0.3,-0.0227,False
45.15,14.5428,9.7606,0.0085,0.3,-0.0122,False
45.2,14.5578,9.7608,0.0072,0.3,-0.0269,False
45.25,14.5728,9.7609,0.0067,0.3,-0.0084,False
45.3,14.5878,9.761,0.0052,0.3,-0.0317,False
45.35,14.6028,9.7611,0.0048,0.3,-0.0078,False
45.4,14.6178,9.7611,0.0047,0.3,-0.0012,False
45.45,14.6328,9.7612,0.0041,0.3,-0.0121,False
45.5,14.6478,9.7613,0.003,0.3,-0.0229,False
45.55,14.6628,9.7613,0.0037,0.3,0.0141,False
45.6,14.6778,9.7614,0.0047,0.3,0.0212,False
45.65,14.6928,9.7614,0.0053,0.3,0.0111,False
45.7,14.7078,9.7615,0.006,0.3,0.0152,False
45.75,14.7228,9.7616,0.0057,0.3,-0.0061,False
45.8,14.7378,9.7617,0.0055,0.3,-0.0036,False
45.85,14.7528,9.7618,0.0036,0.3,-0.0383,False
45.9,14.7678,9.7618,0.0034,0.3,-0.0054,False
45.95,14.7828,9.7619,0.003,0.3,-0.0071,False
46.0,14.7978,9.7619,0.0011,0.3,-0.0378,False
46.05,14.8128,9.7619,0.0008,0.3,-0.0061,False
46.1,14.8278,9.7619,0.0004,0.3,-0.0082,False
46.15,14.8428,9.7619,0.0005,0.3,0.0025,False
46.2,14.8578,9.762,-0.0007,0.3,-0.0248,False
46.25,14.8728,9.7619,-0.0019,0.3,-0.0241,False
46.3,14.8878,9.7619,-0.0028,0.3,-0.0169,False
46.35,14.9028,9.7619,-0.0044,0.3,-0.0328,False
46.4,14.9178,9.7618,-0.0063,0.3,-0.0375,False
46.45,14.9328,9.7617,-0.0064,0.3,-0.002,False
46.5,14.9478,9.7616,-0.0059,0.3,0.0103,False
46.55,14.9628,9.7615,-0.0072,0.3,-0.0265,False
46.6,14.9778,9.7614,-0.0071,0.3,0.002,False
46.65,14.9928,9.7613,-0.0069,0.3,0.003,False
46.7,15.0078,9.7612,-0.0069,0.3,0.0006,False
46.75,15.0228,9.7611,-0.0069,0.3,0.001,False
46.8,15.0378,9.761,-0.0086,0.3,-0.0344,False
46.85,15.0528,9.7609,-0.0101,0.3,-0.0299,False
46.9,15.0678,9.7607,-0.0104,0.3,-0.007,False
46.95,15.0828,9.7606,-0.0102,0.3,0.0039,False
47.0,15.0978,9.7604,-0.0101,0.3,0.0027,False
47.05,15.1128,9.7603,-0.0083,0.3,0.0355,False
47.1,15.1278,9.7601,-0.0065,0.3,0.0359,False
47.15,15.1428,9.76,-0.0052,0.3,0.0272,False
47.2,15.1578,9.76,-0.0031,0.3,0.0403,False
47.25,15.1728,9.7599,-0.0009,0.3,0.0454,False
47.3,15.1878,9.7599,0.0002,0.3,0.0216,False
47.35,15.2028,9.7599,0.001,0.3,0.0161,False
47.4,15.2178,9.7599,0.0008,0.3,-0.0037,False
47.45,15.2328,9.7599,0.0015,0.3,0.0127,False
47.5,15.2478,9.76,0.0029,0.3,0.0285,False
47.55,15.2628,9.76,0.0028,0.3,-0.0013,False
47.6,15.2778,9.76,0.0034,0.3,0.0124,False
47.65,15.2928,9.7601,0.0053,0.3,0.0375,False
47.7,15.3078,9.7602,0.0066,0.3,0.0265,False
47.75,15.3228,9.7603,0.0079,0.3,0.0261,False
47.8,15.3378,9.7604,0.0101,0.3,0.0434,False
47.85,15.3528,9.7605,0.0129,0.3,0.0564,False
47.9,15.3678,9.7607,0.0149,0.3,0.04,False
47.95,15.3828,9.761,0.0179,0.3,0.0594,False
48.0,15.3978,9.7612,0.0197,0.3,0.0351,False
48.05,15.4128,9.7615,0.0217,0.3,0.0404,False
48.1,15.4278,9.7619,0.0233,0.3,0.0327,False
48.15,15.4428,9.7622,0.0231,0.3,-0.0049,False
48.2,15.4578,9.7626,0.0218,0.3,-0.0257,False
48.25,15.4728,9.7629,0.0199,0.3,-0.0372,False
48.3,15.4878,9.7632,0.0183,0.3,-0.0321,False
48.35,15.5028,9.7635,0.0186,0.3,0.0046,False
48.4,15.5178,9.7637,0.0187,0.3,0.0022,False
48.45,15.5328,9.764,0.018,0.3,-0.013,False
48.5,15.5478,9.7643,0.0168,0.3,-0.0236,False
48.55,15.5628,9.7645,0.0161,0.3,-0.0141,False
48.6,15.5778,9.7648,0.0168,0.3,0.0138,False
48.65,15.5928,9.765,0.0169,0.3,0.0026,False
48.7,15.6077,9.7653,0.0151,0.3,-0.0374,False
48.75,15.6227,9.7655,0.0136,0.3,-0.0301,False
48.8,15.6377,9.7657,0.0121,0.3,-0.0304,False
48.85,15.6527,9.7659,0.0116,0.3,-0.0082,False
48.9,15.6677,9.7661,0.011,0.3,-0.0138,False
48.95,15.6827,9.7662,0.0077,0.3,-0.0653,False
49.0,15.6977,9.7663,0.0052,0.3,-0.0506,False
49.05,15.7127,9.7664,0.0028,0.3,-0.0475,False
49.1,15.7277,9.7665,0.0034,0.3,0.0119,False
49.15,15.7427,9.7665,0.0043,0.3,0.018,False
49.2,15.7577,9.7666,0.0059,0.3,0.0333,False
49.25,15.7727,9.7667,0.0072,0.3,0.024,False
49.3,15.7877,9.7668,0.0088,0.3,0.0332,False
49.35,15.8027,9.7669,0.0095,0.3,0.014,False
49.4,15.8177,9.7671,0.0117,0.3,0.0438,False
49.45,15.8327,9.7672,0.0138,0.3,0.0426,False
49.5,15.8477,9.7674,0.0154,0.3,0.0315,False
49.55,15.8627,9.7677,0.016,0.3,0.0116,False
49.6,15.8777,9.7679,0.0174,0.3,0.0289,False
49.65,15.8927,9.7682,0.0185,0.3,0.0223,False
49.7,15.9077,9.7684,0.0191,0.3,0.0118,False
49.75,15.9227,9.7687,0.0179,0.3,-0.0236,False
49.8,15.9377,9.769,0.0176,0.3,-0.0064,False
49.85,15.9527,9.7693,0.0156,0.3,-0.0411,False
49.9,15.9677,9.7695,0.0163,0.3,0.014,False
49.95,15.9827,9.7697,0.015,0.3,-0.0259,False
50.0,15.9977,9.77,0.0147,0.3,-0.0066,False
50.05,16.0127,9.7702,0.0157,0.3,0.0201,False
50.1,16.0277,9.7704,0.0162,0.3,0.01,False
50.15,16.0427,9.7707,0.0165,0.3,0.0069,False
50.2,16.0577,9.7709,0.0166,0.3,0.0017,False
50.25,16.0727,9.7712,0.0161,0.3,-0.0092,False
50.3,16.0877,9.7714,0.0167,0.3,0.0111,False
50.35,16.1027,9.7717,0.0179,0.3,0.0242,False
50.4,16.1177,9.7719,0.0176,0.3,-0.0054,False
50.45,16.1327,9.7722,0.0173,0.3,-0.0061,False
50.5,16.1477,9.7724,0.0167,0.3,-0.0127,False
50.55,16.1627,9.7727,0.0153,0.3,-0.028,False
50.6,16.1777,9.7729,0.0149,0.3,-0.0072,False
50.65,16.1927,9.7731,0.0151,0.3,0.004,False
50.7,16.2077,9.7734,0.0142,0.3,-0.0176,False
50.75,16.2227,9.7736,0.0149,0.3,0.0138,False
50.8,16.2377,9.7738,0.0144,0.3,-0.0104,False
50.85,16.2527,9.774,0.0136,0.3,-0.016,False
50.9,16.2677,9.7742,0.0135,0.3,-0.0018,False
50.95,16.2827,9.7744,0.0135,0.3,0.0005,False
51.0,16.2977,9.7746,0.0127,0.3,-0.0174,False
51.05,16.3127,9.7748,0.0102,0.3,-0.0492,False
51.1,16.3277,9.775,0.0094,0.3,-0.0168,False
51.15,16.3427,9.7751,0.0095,0.3,0.0034,False
51.2,16.3577,9.7753,0.0087,0.3,-0.0176,False
51.25,16.3727,9.7754,0.0094,0.3,0.0141,False
51.3,16.3877,9.7755,0.01,0.3,0.0128,False
51.35,16.4027,9.7757,0.0092,0.3,-0.016,False
51.4,16.4177,9.7758,0.0105,0.3,0.0252,False
51.45,16.4327,9.776,0.0101,0.3,-0.0064,False
51.5,16.4477,9.7761,0.0112,0.3,0.0202,False
51.55,16.4627,9.7763,0.0104,0.3,-0.0156,False
51.6,16.4777,9.7765,0.0116,0.3,0.0243,False
51.65,16.4927,9.7766,0.0126,0.3,0.0207,False
51.7,16.5077,9.7768,0.0127,0.3,0.001,False
51.75,16.5227,9.777,0.0127,0.3,-0.0,False
51.8,16.5377,9.7772,0.0119,0.3,-0.0156,False
51.85,16.5527,9.7774,0.0133,0.3,0.029,False
51.9,16.5677,9.7776,0.0136,0.3,0.0043,False
51.95,16.5827,9.7778,0.0109,0.3,-0.0528,False
52.0,16.5977,9.7779,0.0111,0.3,0.0037,False
52.05,16.6127,9.7781,0.014,0.3,0.0581,False
52.1,16.6277,9.7783,0.016,0.3,0.039,False
52.15,16.6427,9.7786,0.0175,0.3,0.0315,False
52.2,16.6577,9.7788,0.018,0.3,0.0101,False
52.25,16.6727,9.7791,0.0176,0.3,-0.0087,False
52.3,16.6876,9.7794,0.0162,0.3,-0.0288,False
52.35,16.7026,9.7796,0.015,0.3,-0.0233,False
52.4,16.7176,9.7798,0.0162,0.3,0.0242,False
52.45,16.7326,9.7801,0.0169,0.3,0.0129,False
52.5,16.7476,9.7803,0.0164,0.3,-0.0096,False
52.55,16.7626,9.7806,0.0138,0.3,-0.0505,False
52.6,16.7776,9.7808,0.013,0.3,-0.0178,False
52.65,16.7926,9.781,0.0131,0.3,0.0023,False
52.7,16.8076,9.7812,0.013,0.3,-0.0025,False
52.75,16.8226,9.7814,0.0133,0.3,0.0076,False
52.8,16.8376,9.7816,0.0149,0.3,0.0316,False
52.85,16.8526,9.7818,0.0156,0.3,0.0144,False
52.9,16.8676,9.782,0.0166,0.3,0.0184,False
52.95,16.8826,9.7823,0.0171,0.3,0.0111,False
53.0,16.8976,9.7825,0.0183,0.3,0.0233,False
53.05,16.9126,9.7828,0.0206,0.3,0.0473,False
53.1,16.9276,9.7831,0.0212,0.3,0.0106,False
53.15,16.9426,9.7834,0.0204,0.3,-0.0157,False
53.2,16.9576,9.7837,0.0192,0.3,-0.0233,False
53.25,16.9726,9.784,0.0185,0.3,-0.0147,False
53.3,16.9876,9.7843,0.0171,0.3,-0.0278,False
53.35,17.0026,9.7845,0.018,0.3,0.0185,False
53.4,17.0176,9.7848,0.0192,0.2992,0.0241,False
53.45,17.0321,9.7851,0.0198,0.29,0.0117,False
53.5,17.0463,9.7854,0.0196,0.2857,-0.0044,False
53.55,17.0605,9.7857,0.0203,0.2836,0.0153,False
53.6,17.0743,9.7859,0.0192,0.276,-0.0229,False
53.65,17.0875,9.7862,0.0188,0.2642,-0.0085,False
53.7,17.1004,9.7864,0.0204,0.2573,0.0324,False
53.75,17.1138,9.7867,0.0212,0.2676,0.0162,False
53.8,17.1269,9.787,0.0209,0.2626,-0.0071,False
53.85,17.1395,9.7872,0.0205,0.2522,-0.0076,False
53.9,17.1523,9.7875,0.0192,0.2555,-0.0257,False
53.95,17.1655,9.7878,0.0182,0.2642,-0.0202,False
54.0,17.1783,9.788,0.0176,0.2559,-0.0124,False
54.05,17.1908,9.7882,0.0167,0.2509,-0.0174,False
54.1,17.203,9.7884,0.0155,0.2446,-0.0239,False
54.15,17.2149,9.7886,0.0159,0.2369,0.008,False
54.2,17.2267,9.7888,0.0168,0.2366,0.0173,False
54.25,17.2385,9.789,0.0165,0.2351,-0.0059,False
54.3,17.2501,9.7892,0.0158,0.2329,-0.0137,False
54.35,17.2615,9.7894,0.0139,0.228,-0.0365,False
54.4,17.2727,9.7895,0.0129,0.2239,-0.0219,False
54.45,17.2837,9.7897,0.0122,0.2208,-0.0124,False
54.5,17.2943,9.7898,0.013,0.2118,0.0159,False
54.55,17.3045,9.7899,0.0143,0.2035,0.025,False
54.6,17.3144,9.7901,0.0152,0.1972,0.0192,False
54.65,17.3242,9.7902,0.0163,0.1964,0.0208,False
54.7,17.3339,9.7904,0.0162,0.1951,-0.0024,False
54.75,17.3438,9.7905,0.0182,0.1982,0.04,False
54.8,17.3536,9.7907,0.0183,0.1949,0.0036,False
54.85,17.3633,9.7909,0.0166,0.1936,-0.0354,False
54.9,17.3727,9.791,0.0146,0.1878,-0.0397,False
54.95,17.3821,9.7912,0.0134,0.1887,-0.0244,False
55.0,17.3912,9.7913,0.0147,0.1816,0.026,False
55.05,17.3996,9.7914,0.0168,0.1694,0.0418,False
55.1,17.4078,9.7916,0.0185,0.1633,0.0346,False
55.15,17.4162,9.7917,0.02,0.1689,0.0308,False
55.2,17.4249,9.7919,0.0207,0.1724,0.0139,False
55.25,17.4335,9.7921,0.0214,0.1719,0.0127,False
55.3,17.4418,9.7922,0.0208,0.1672,-0.0105,False
55.35,17.4501,9.7924,0.0203,0.1648,-0.0116,False
55.4,17.4584,9.7926,0.0199,0.166,-0.0068,False
55.45,17.4667,9.7928,0.0185,0.1674,-0.0277,False
55.5,17.4749,9.7929,0.0199,0.1646,0.027,False
55.55,17.4831,9.7931,0.0197,0.1638,-0.0026,False
55.6,17.4914,9.7932,0.0182,0.1657,-0.0314,False
55.65,17.4993,9.7934,0.0182,0.1573,0.0004,False
55.7,17.5071,9.7935,0.0178,0.157,-0.0086,False
55.75,17.5146,9.7936,0.0175,0.1485,-0.0058,False
55.8,17.522,9.7938,0.0169,0.1494,-0.0107,False
55.85,17.529,9.7939,0.0164,0.1404,-0.0104,False
55.9,17.5362,9.794,0.0153,0.1431,-0.0221,False
55.95,17.5429,9.7941,0.0125,0.1345,-0.0553,False
56.0,17.5498,9.7942,0.0128,0.1366,0.0046,False
56.05,17.5566,9.7943,0.0128,0.1362,0.0001,False
56.1,17.5635,9.7944,0.0126,0.1393,-0.0037,False
56.15,17.5701,9.7945,0.0118,0.1325,-0.0162,False
56.2,17.5767,9.7945,0.0113,0.1313,-0.0096,False
56.25,17.5832,9.7946,0.0121,0.1306,0.015,False
56.3,17.5895,9.7947,0.0113,0.1251,-0.0151,False
56.35,17.596,9.7948,0.0108,0.1299,-0.0097,False
56.4,17.6024,9.7948,0.0114,0.1278,0.011,False
56.45,17.6084,9.7949,0.0135,0.1197,0.0423,False
56.5,17.6142,9.795,0.0114,0.1171,-0.0409,False
56.55,17.6199,9.795,0.0099,0.1144,-0.031,False
56.6,17.6253,9.7951,0.0098,0.1068,-0.0019,False
56.65,17.6308,9.7952,0.0114,0.1099,0.0313,False
56.7,17.6364,9.7952,0.0134,0.1125,0.0415,False
56.75,17.6418,9.7953,0.015,0.1089,0.0313,False
56.8,17.6468,9.7954,0.0155,0.0984,0.0091,False
56.85,17.6516,9.7954,0.0146,0.0966,-0.0172,False
56.9,17.6565,9.7955,0.0158,0.0985,0.0248,False
56.95,17.6616,9.7956,0.0192,0.1023,0.0675,False
57.0,17.6667,9.7957,0.0209,0.1003,0.0346,False
57.05,17.6718,9.7958,0.0245,0.1029,0.0712,False
57.1,17.6768,9.7959,0.0279,0.1003,0.0671,False
57.15,17.6818,9.7961,0.0293,0.0994,0.0297,False
57.2,17.6867,9.7962,0.0315,0.0992,0.0426,False
57.25,17.6916,9.7964,0.0335,0.0972,0.0415,False
57.3,17.6965,9.7965,0.0338,0.0973,0.0055,False
57.35,17.7013,9.7967,0.0329,0.097,-0.0178,False
57.4,17.7062,9.7968,0.0331,0.0981,0.0034,False
57.45,17.711,9.797,0.0335,0.0965,0.009,False
57.5,17.7159,9.7972,0.0346,0.0974,0.0221,False
57.55,17.7203,9.7973,0.034,0.088,-0.0121,False
57.6,17.7243,9.7975,0.03,0.0806,-0.0805,False
57.65,17.7285,9.7976,0.0304,0.0827,0.0071,False
57.7,17.7326,9.7977,0.0308,0.0827,0.0091,False
57.75,17.7365,9.7978,0.0323,0.0781,0.03,False
57.8,17.7404,9.798,0.0311,0.0778,-0.0237,False
57.85,17.7444,9.7981,0.0296,0.0805,-0.0307,False
57.9,17.7485,9.7982,0.0251,0.0821,-0.0903,False
57.95,17.7524,9.7983,0.0214,0.0773,-0.0737,False
58.0,17.7561,9.7984,0.0185,0.0746,-0.0583,False
58.05,17.7599,9.7984,0.0144,0.0767,-0.0823,False
58.1,17.7635,9.7985,0.0105,0.071,-0.0771,False
58.15,17.7668,9.7985,0.0079,0.0659,-0.0526,False
58.2,17.7697,9.7986,0.0087,0.0591,0.0168,False
58.25,17.7729,9.7986,0.0117,0.064,0.0604,False
58.3,17.776,9.7986,0.0165,0.0612,0.0959,False
58.35,17.7792,9.7987,0.0198,0.0636,0.0652,False
58.4,17.7827,9.7987,0.0256,0.0703,0.1154,False
58.45,17.7863,9.7988,0.0293,0.0725,0.074,False
58.5,17.79,9.7989,0.0354,0.0749,0.122,False
58.55,17.7935,9.7991,0.0378,0.0694,0.0487,False
58.6,17.7971,9.7992,0.0384,0.0715,0.0115,False
58.65,17.8003,9.7993,0.0386,0.0647,0.004,False
58.7,17.8034,9.7994,0.0446,0.0621,0.1201,False
58.75,17.8066,9.7996,0.0476,0.0628,0.061,False
58.8,17.8099,9.7997,0.0511,0.0666,0.0697,False
58.85,17.813,9.7999,0.0552,0.0627,0.081,False
58.9,17.8163,9.8001,0.0547,0.0659,-0.0089,False
58.95,17.8194,9.8003,0.0584,0.0627,0.0742,False
59.0,17.8225,9.8004,0.0614,0.0607,0.0593,False
59.05,17.8255,9.8006,0.0642,0.0605,0.0564,False
59.1,17.8281,9.8008,0.0618,0.0521,-0.0493,False
59.15,17.8307,9.8009,0.056,0.0527,-0.1149,False
59.2,17.8328,9.8011,0.0307,0.042,-0.506,False
59.25,17.8348,9.8011,0.008,0.0402,-0.455,False
59.3,17.8368,9.8011,-0.0053,0.0393,-0.2656,False
59.35,17.8386,9.8011,0.007,0.0369,0.2465,False
59.4,17.8407,9.8011,0.0042,0.0413,-0.0569,False
59.45,17.8432,9.8012,0.0089,0.0493,0.0945,False
59.5,17.8451,9.8012,-0.0048,0.0388,-0.2739,False
59.55,17.8467,9.8012,0.0073,0.0316,0.242,False
59.6,17.8485,9.8012,0.0042,0.0371,-0.0619,False
59.65,17.8505,9.8012,0.0072,0.0387,0.0605,False
59.7,17.8527,9.8012,-0.0048,0.0437,-0.2409,False
59.75,17.8548,9.8012,-0.0113,0.0439,-0.1306,False
59.8,17.8572,9.8012,-0.0213,0.0467,-0.1994,False
59.85,17.8594,9.8011,-0.0274,0.0446,-0.1208,False
59.9,17.8619,9.8011,-0.0258,0.0506,0.0304,False
59.95,17.8642,9.801,-0.0272,0.0454,-0.0265,False
60.0,17.8663,9.8009,-0.0337,0.0426,-0.1306,False
60.05,17.8687,9.8009,-0.0307,0.0468,0.0592,False
60.1,17.8708,9.8008,-0.0327,0.0433,-0.0394,False
60.15,17.8733,9.8007,-0.0285,0.0495,0.0848,False
60.2,17.8757,9.8006,-0.0199,0.0471,0.1705,False
60.25,17.878,9.8006,-0.011,0.0461,0.1785,False
60.3,17.88,9.8006,-0.0053,0.0407,0.1141,False
60.35,17.8819,9.8006,-0.005,0.0381,0.0062,False
60.4,17.8836,9.8006,0.0146,0.0343,0.3924,False
60.45,17.8853,9.8006,0.0384,0.0342,0.4763,False
60.5,17.8872,9.8006,0.0593,0.0362,0.4181,False
60.55,17.8892,9.8008,0.0624,0.0412,0.0602,False
60.6,17.8908,9.8009,0.0738,0.0326,0.229,False
60.65,17.8925,9.801,0.0848,0.0325,0.2202,False
60.7,17.8925,9.801,0.0098,0.0,-1.5,False
60.75,17.8925,9.801,-0.0652,0.0,-1.5,False
60.8,17.8925,9.801,-0.1402,0.0,-1.5,False
60.85,17.8925,9.801,-0.2152,0.0,-1.5,False
60.9,17.8925,9.801,-0.2902,0.0,-1.5,False
60.95,17.8925,9.801,-0.3652,0.0,-1.5,False
61.0,17.8925,9.801,-0.4402,0.0,-1.5,False
61.05,17.8925,9.801,-0.5152,0.0,-1.5,False
61.1,17.8925,9.801,-0.5902,0.0,-1.5,False
61.15,17.8925,9.801,-0.6652,0.0,-1.5,False
61.2,17.8925,9.801,-0.7402,0.0,-1.5,False
61.25,17.8925,9.801,-0.8152,0.0,-1.5,False
61.3,17.8925,9.801,-0.8891,0.0,-1.479,False
61.35,17.8925,9.801,-0.9557,0.0,-1.3311,False
61.4,17.8925,9.801,-1.0156,0.0,-1.198,False
61.45,17.8925,9.801,-1.0695,0.0,-1.0782,False
61.5,17.8925,9.801,-1.118,0.0,-0.9704,False
61.55,17.8925,9.801,-1.1617,0.0,-0.8734,False
61.6,17.8925,9.801,-1.201,0.0,-0.786,False
61.65,17.8925,9.801,-1.2364,0.0,-0.7074,False
61.7,17.8925,9.801,-1.2682,0.0,-0.6367,False
61.75,17.8925,9.801,-1.2968,0.0,-0.573,False
61.8,17.8925,9.801,-1.3226,0.0,-0.5157,False
61.85,17.8925,9.801,-1.3458,0.0,-0.4641,False
61.9,17.8925,9.801,-1.3667,0.0,-0.4177,False
61.95,17.8925,9.801,-1.3855,0.0,-0.376,False
62.0,17.8925,9.801,-1.4024,0.0,-0.3384,False
62.05,17.8925,9.801,-1.4177,0.0,-0.3045,False
62.1,17.8925,9.801,-1.4314,0.0,-0.2741,False
62.15,17.8925,9.801,-1.4437,0.0,-0.2467,False
62.2,17.8925,9.801,-1.4548,0.0,-0.222,False
62.25,17.8925,9.801,-1.4648,0.0,-0.1998,False
62.3,17.8925,9.801,-1.4738,0.0,-0.1798,False
62.35,17.8925,9.801,-1.4819,0.0,-0.1618,False
62.4,17.8938,9.7861,-1.4822,0.3,-0.0056,False
62.45,17.8951,9.7711,-1.481,0.3,0.023,False
62.5,17.8965,9.7562,-1.4819,0.3,-0.0168,False
62.55,17.8978,9.7412,-1.4811,0.3,0.0155,False
62.6,17.8991,9.7263,-1.4812,0.3,-0.0023,False
62.65,17.9005,9.7114,-1.4818,0.3,-0.0113,False
62.7,17.9018,9.6964,-1.4817,0.3,0.0017,False
62.75,17.9031,9.6815,-1.4802,0.3,0.0298,False
62.8,17.9045,9.6665,-1.4788,0.3,0.0286,False
62.85,17.9059,9.6516,-1.4777,0.3,0.0218,False
62.9,17.9073,9.6367,-1.4774,0.3,0.0044,False
62.95,17.9087,9.6217,-1.479,0.3,-0.032,False
63.0,17.9101,9.6068,-1.4839,0.3,-0.0981,False
63.05,17.9114,9.5918,-1.4884,0.3,-0.0897,False
63.1,17.9126,9.5769,-1.4913,0.3,-0.058,False
63.15,17.9138,9.5619,-1.4936,0.3,-0.0453,False
63.2,17.9149,9.547,-1.4953,0.3,-0.0335,False
63.25,17.9161,9.532,-1.4969,0.3,-0.0328,False
63.3,17.9172,9.5171,-1.4995,0.3,-0.0526,False
63.35,17.9182,9.5021,-1.5029,0.3,-0.0669,False
63.4,17.9193,9.4871,-1.5053,0.3,-0.0487,False
63.45,17.9202,9.4722,-1.5082,0.3,-0.0583,False
63.5,17.9212,9.4572,-1.5083,0.3,-0.0021,False
63.55,17.9221,9.4422,-1.5094,0.3,-0.0215,False
63.6,17.923,9.4273,-1.5104,0.3,-0.0196,False
63.65,17.9239,9.4123,-1.5109,0.3,-0.0094,False
63.7,17.9248,9.3973,-1.5138,0.3,-0.0586,False
63.75,17.9257,9.3823,-1.5154,0.3,-0.0315,False
63.8,17.9265,9.3674,-1.5188,0.3,-0.0695,False
63.85,17.9273,9.3524,-1.5212,0.3,-0.0466,False
63.9,17.928,9.3374,-1.5224,0.3,-0.0252,False
63.95,17.9288,9.3224,-1.5246,0.3,-0.0443,False
64.0,17.9295,9.3074,-1.5274,0.3,-0.0554,False
64.05,17.9301,9.2925,-1.5281,0.3,-0.0132,False
64.1,17.9308,9.2775,-1.5278,0.3,0.0063,False
64.15,17.9314,9.2625,-1.5288,0.3,-0.0209,False
64.2,17.932,9.2475,-1.5296,0.3,-0.0161,False
64.25,17.9326,9.2325,-1.5295,0.3,0.0016,False
64.3,17.9333,9.2175,-1.5318,0.3,-0.0456,False
64.35,17.9339,9.2025,-1.5335,0.3,-0.0328,False
64.4,17.9344,9.1875,-1.5341,0.3,-0.0132,False
64.45,17.935,9.1725,-1.535,0.3,-0.0169,False
64.5,17.9355,9.1576,-1.5373,0.3,-0.0473,False
64.55,17.936,9.1426,-1.5393,0.3,-0.0388,False
64.6,17.9365,9.1276,-1.5413,0.3,-0.0415,False
64.65,17.9369,9.1126,-1.5442,0.3,-0.0581,False
64.7,17.9373,9.0976,-1.5457,0.3,-0.0299,False
64.75,17.9377,9.0826,-1.5492,0.3,-0.0696,False
64.8,17.938,9.0676,-1.5524,0.3,-0.0635,False
64.85,17.9383,9.0526,-1.5546,0.3,-0.0441,False
64.9,17.9385,9.0376,-1.5546,0.3,-0.0002,False
64.95,17.9388,9.0226,-1.5556,0.3,-0.0203,False
65.0,17.939,9.0076,-1.5572,0.3,-0.0324,False
65.05,17.9392,8.9926,-1.557,0.3,0.0045,False
65.1,17.9394,8.9776,-1.5561,0.3,0.0178,False
65.15,17.9396,8.9626,-1.5565,0.3,-0.0073,False
65.2,17.9398,8.9476,-1.5568,0.3,-0.0055,False
65.25,17.9401,8.9326,-1.5573,0.3,-0.0107,False
65.3,17.9403,8.9176,-1.5587,0.3,-0.0273,False
65.35,17.9404,8.9026,-1.5592,0.3,-0.011,False
65.4,17.9406,8.8876,-1.5615,0.3,-0.0455,False
65.45,17.9408,8.8726,-1.5627,0.3,-0.0246,False
65.5,17.9409,8.8576,-1.5631,0.3,-0.0082,False
65.55,17.941,8.8426,-1.5649,0.3,-0.0353,False
65.6,17.9411,8.8276,-1.567,0.3,-0.0427,False
65.65,17.9411,8.8126,-1.57,0.3,-0.0593,False
65.7,17.9411,8.7976,-1.5729,0.3,-0.0582,False
65.75,17.9411,8.7826,-1.5745,0.3,-0.0318,False
65.8,17.9411,8.7676,-1.5754,0.3,-0.0173,False
65.85,17.941,8.7526,-1.5764,0.3,-0.0203,False
65.9,17.9409,8.7376,-1.5776,0.3,-0.0234,False
65.95,17.9408,8.7226,-1.5778,0.3,-0.0057,False
66.0,17.9407,8.7076,-1.5778,0.3,0.0007,False
66.05,17.9406,8.6926,-1.5755,0.3,0.0462,False
66.1,17.9405,8.6776,-1.5742,0.3,0.0249,False
66.15,17.9405,8.6626,-1.5754,0.3,-0.0226,False
66.2,17.9404,8.6476,-1.5753,0.3,0.0009,False
66.25,17.9403,8.6326,-1.5739,0.3,0.0294,False
66.3,17.9403,8.6176,-1.5727,0.3,0.0225,False
66.35,17.9403,8.6026,-1.5717,0.3,0.0206,False
66.4,17.9402,8.5876,-1.5701,0.3,0.033,False
66.45,17.9403,8.5726,-1.5673,0.3,0.0541,False
66.5,17.9403,8.5576,-1.5661,0.3,0.0256,False
66.55,17.9404,8.5426,-1.5642,0.3,0.0371,False
66.6,17.9405,8.5276,-1.5633,0.3,0.0193,False
66.65,17.9406,8.5126,-1.5623,0.3,0.0189,False
66.7,17.9407,8.4976,-1.5621,0.3,0.0045,False
66.75,17.9409,8.4826,-1.5619,0.3,0.0034,False
66.8,17.941,8.4676,-1.5611,0.3,0.0159,False
66.85,17.9411,8.4526,-1.5626,0.3,-0.0303,False
66.9,17.9413,8.4376,-1.5636,0.3,-0.019,False
66.95,17.9414,8.4226,-1.5639,0.3,-0.007,False
67.0,17.9415,8.4076,-1.5656,0.3,-0.0333,False
67.05,17.9415,8.3926,-1.567,0.3,-0.0271,False
67.1,17.9416,8.3776,-1.5678,0.3,-0.0161,False
67.15,17.9416,8.3626,-1.5674,0.3,0.0067,False
67.2,17.9417,8.3476,-1.5678,0.3,-0.0081,False
67.25,17.9417,8.3326,-1.568,0.3,-0.0043,False
67.3,17.9418,8.3176,-1.5678,0.3,0.0051,False
67.35,17.9418,8.3026,-1.5696,0.3,-0.0356,False
67.4,17.9418,8.2876,-1.5704,0.3,-0.017,False
67.45,17.9419,8.2726,-1.5714,0.3,-0.0202,False
67.5,17.9418,8.2576,-1.5711,0.3,0.0064,False
67.55,17.9418,8.2426,-1.5721,0.3,-0.0203,False
67.6,17.9418,8.2276,-1.5729,0.3,-0.0149,False
67.65,17.9418,8.2126,-1.5734,0.3,-0.0114,False
67.7,17.9417,8.1976,-1.5731,0.3,0.0074,False
67.75,17.9417,8.1826,-1.5724,0.3,0.0125,False
67.8,17.9417,8.1676,-1.574,0.3,-0.0314,False
67.85,17.9416,8.1526,-1.5734,0.3,0.0131,False
67.9,17.9416,8.1376,-1.5743,0.3,-0.0179,False
67.95,17.9415,8.1226,-1.5758,0.3,-0.0313,False
68.0,17.9415,8.1076,-1.5769,0.3,-0.0209,False
68.05,17.9414,8.0926,-1.5777,0.3,-0.0169,False
68.1,17.9413,8.0776,-1.579,0.3,-0.0258,False
68.15,17.9412,8.0626,-1.5788,0.3,0.0031,False
68.2,17.941,8.0476,-1.578,0.3,0.0163,False
68.25,17.9409,8.0326,-1.5776,0.3,0.0084,False
68.3,17.9408,8.0176,-1.5783,0.3,-0.014,False
68.35,17.9407,8.0026,-1.5777,0.3,0.0126,False
68.4,17.9406,7.9876,-1.577,0.3,0.0137,False
68.45,17.9405,7.9726,-1.5754,0.3,0.0325,False
68.5,17.9404,7.9576,-1.5723,0.3,0.0609,False
68.55,17.9404,7.9426,-1.571,0.3,0.0276,False
68.6,17.9404,7.9276,-1.5702,0.3,0.0143,False
68.65,17.9404,7.9126,-1.5708,0.3,-0.0106,False
68.7,17.9404,7.8976,-1.5703,0.3,0.0102,False
68.75,17.9404,7.8826,-1.5716,0.3,-0.0266,False
68.8,17.9404,7.8676,-1.5722,0.3,-0.0123,False
68.85,17.9404,7.8526,-1.5709,0.3,0.0261,False
68.9,17.9404,7.8376,-1.5706,0.3,0.0058,False
68.95,17.9404,7.8226,-1.5692,0.3,0.0279,False
69.0,17.9404,7.8076,-1.5671,0.3,0.0421,False
69.05,17.9405,7.7926,-1.5634,0.3,0.0737,False
69.1,17.9406,7.7776,-1.5603,0.3,0.0618,False
69.15,17.9408,7.7626,-1.5584,0.3,0.0386,False
69.2,17.9409,7.7476,-1.5571,0.3,0.0271,False
69.25,17.9411,7.7326,-1.5577,0.3,-0.0136,False
69.3,17.9413,7.7176,-1.5582,0.3,-0.0102,False
69.35,17.9415,7.7026,-1.558,0.3,0.0041,False
69.4,17.9417,7.6876,-1.5572,0.3,0.0159,False
69.45,17.9419,7.6726,-1.5568,0.3,0.0085,False
69.5,17.9421,7.6576,-1.5556,0.3,0.0239,False
69.55,17.9424,7.6426,-1.5542,0.3,0.0294,False
69.6,17.9426,7.6276,-1.5522,0.3,0.0381,False
69.65,17.9429,7.6126,-1.5497,0.3,0.0512,False
69.7,17.9432,7.5976,-1.5467,0.3,0.0603,False
69.75,17.9436,7.5827,-1.545,0.3,0.0342,False
69.8,17.944,7.5677,-1.5434,0.3,0.0311,False
69.85,17.9444,7.5527,-1.5415,0.3,0.0382,False
69.9,17.9448,7.5377,-1.5409,0.3,0.0111,False
69.95,17.9453,7.5227,-1.5418,0.3,-0.018,False
70.0,17.9457,7.5077,-1.5428,0.3,-0.0192,False
70.05,17.9461,7.4927,-1.5434,0.3,-0.0113,False
70.1,17.9465,7.4777,-1.5442,0.3,-0.0172,False
70.15,17.9469,7.4627,-1.5447,0.3,-0.0094,False
70.2,17.9473,7.4477,-1.543,0.3,0.0345,False
70.25,17.9477,7.4327,-1.5424,0.3,0.0107,False
70.3,17.9481,7.4177,-1.5414,0.3,0.0217,False
70.35,17.9486,7.4027,-1.5386,0.3,0.0542,False
70.4,17.9491,7.3877,-1.5367,0.3,0.0396,False
70.45,17.9496,7.3727,-1.5354,0.3,0.0255,False
70.5,17.9501,7.3577,-1.5363,0.3,-0.0191,False
70.55,17.9506,7.3428,-1.5365,0.3,-0.003,False
70.6,17.9511,7.3278,-1.5373,0.3,-0.0156,False
70.65,17.9516,7.3128,-1.5368,0.3,0.0099,False
70.7,17.9522,7.2978,-1.536,0.3,0.0161,False
70.75,17.9527,7.2828,-1.5354,0.3,0.0113,False
70.8,17.9532,7.2678,-1.5344,0.3,0.0207,False
70.85,17.9538,7.2528,-1.5334,0.3,0.0188,False
70.9,17.9543,7.2378,-1.5333,0.3,0.0019,False
70.95,17.9549,7.2228,-1.534,0.3,-0.0142,False
71.0,17.9554,7.2078,-1.5336,0.3,0.0087,False
71.05,17.956,7.1929,-1.5325,0.3,0.0213,False
71.1,17.9566,7.1779,-1.5313,0.3,0.0248,False
71.15,17.9572,7.1629,-1.5301,0.3,0.0236,False
71.2,17.9578,7.1479,-1.5296,0.3,0.0102,False
71.25,17.9584,7.1329,-1.5305,0.3,-0.0176,False
71.3,17.959,7.1179,-1.5295,0.3,0.0189,False
71.35,17.9596,7.1029,-1.529,0.3,0.0101,False
71.4,17.9602,7.0879,-1.5299,0.3,-0.0177,False
71.45,17.9608,7.073,-1.5287,0.3,0.0246,False
71.5,17.9615,7.058,-1.5279,0.3,0.0159,False
71.55,17.9621,7.043,-1.5269,0.3,0.0193,False
71.6,17.9628,7.028,-1.5272,0.3,-0.0043,False
71.65,17.9634,7.013,-1.5296,0.3,-0.0488,False
71.7,17.9641,6.998,-1.5334,0.3,-0.0764,False
71.75,17.9646,6.983,-1.5353,0.3,-0.0377,False
71.8,17.9651,6.968,-1.5387,0.3,-0.0675,False
71.85,17.9656,6.953,-1.5413,0.3,-0.0526,False
71.9,17.9661,6.9381,-1.5423,0.3,-0.0196,False
71.95,17.9665,6.9231,-1.5436,0.3,-0.0267,False
72.0,17.9669,6.9081,-1.5454,0.3,-0.0361,False
72.05,17.9673,6.8931,-1.5496,0.3,-0.0839,False
72.1,17.9676,6.8781,-1.5536,0.3,-0.0802,False
72.15,17.9679,6.8631,-1.5557,0.3,-0.0421,False
72.2,17.9681,6.8481,-1.5571,0.3,-0.0268,False
72.25,17.9683,6.8331,-1.5593,0.3,-0.045,False
72.3,17.9685,6.8181,-1.5608,0.3,-0.0289,False
72.35,17.9686,6.8031,-1.5618,0.3,-0.0199,False
72.4,17.9688,6.7881,-1.5618,0.3,-0.0011,False
72.45,17.9689,6.7731,-1.5606,0.3,0.0232,False
72.5,17.969,6.7581,-1.5603,0.3,0.0075,False
72.55,17.9692,6.7431,-1.5596,0.3,0.0126,False
72.6,17.9694,6.7281,-1.5587,0.3,0.0179,False
72.65,17.9695,6.7131,-1.5587,0.3,0.0019,False
72.7,17.9697,6.6981,-1.5595,0.3,-0.017,False
72.75,17.9699,6.6831,-1.5597,0.3,-0.0044,False
72.8,17.9701,6.6681,-1.5592,0.3,0.0107,False
72.85,17.9702,6.6531,-1.56,0.3,-0.0169,False
72.9,17.9704,6.6381,-1.5604,0.3,-0.0084,False
72.95,17.9706,6.6231,-1.5595,0.3,0.0184,False
73.0,17.9707,6.6081,-1.5587,0.3,0.0159,False
73.05,17.9709,6.5931,-1.5595,0.3,-0.0145,False
73.1,17.9711,6.5781,-1.5593,0.3,0.0024,False
73.15,17.9712,6.5631,-1.5598,0.3,-0.0098,False
73.2,17.9714,6.5481,-1.5609,0.3,-0.0211,False
73.25,17.9716,6.5331,-1.5612,0.3,-0.0067,False
73.3,17.9717,6.5181,-1.5622,0.3,-0.0201,False
73.35,17.9718,6.5031,-1.5623,0.3,-0.0016,False
73.4,17.972,6.4881,-1.5637,0.3,-0.0276,False
73.45,17.9721,6.4731,-1.566,0.3,-0.0465,False
73.5,17.9721,6.4581,-1.5668,0.3,-0.0149,False
73.55,17.9722,6.4431,-1.5676,0.3,-0.0173,False
73.6,17.9722,6.4281,-1.5679,0.3,-0.0063,False
73.65,17.9723,6.4131,-1.5685,0.3,-0.0116,False
73.7,17.9723,6.3981,-1.5695,0.3,-0.0195,False
73.75,17.9723,6.3831,-1.5701,0.3,-0.0113,False
73.8,17.9724,6.3681,-1.5706,0.3,-0.0111,False
73.85,17.9724,6.3531,-1.5704,0.3,0.0034,False
73.9,17.9724,6.3381,-1.5703,0.3,0.0027,False
73.95,17.9724,6.3231,-1.5708,0.3,-0.0099,False
74.0,17.9724,6.3081,-1.5715,0.3,-0.0131,False
74.05,17.9724,6.2931,-1.5699,0.3,0.0312,False
74.1,17.9724,6.2781,-1.5702,0.3,-0.0067,False
74.15,17.9724,6.2631,-1.5683,0.3,0.0396,False
74.2,17.9724,6.2481,-1.5661,0.3,0.043,False
74.25,17.9725,6.2331,-1.5651,0.3,0.021,False
74.3,17.9726,6.2181,-1.563,0.3,0.0421,False
74.35,17.9727,6.2031,-1.5615,0.3,0.0295,False
74.4,17.9728,6.1881,-1.5591,0.3,0.0486,False
74.45,17.973,6.1731,-1.5575,0.3,0.031,False
74.5,17.9732,6.1581,-1.5557,0.3,0.0369,False
74.55,17.9734,6.1431,-1.5548,0.3,0.0169,False
74.6,17.9737,6.1281,-1.5544,0.3,0.0076,False
74.65,17.9739,6.1131,-1.5541,0.3,0.0057,False
74.7,17.9742,6.0981,-1.5545,0.3,-0.0071,False
74.75,17.9744,6.0831,-1.5541,0.3,0.0073,False
74.8,17.9747,6.0681,-1.5546,0.3,-0.0098,False
74.85,17.9749,6.0531,-1.5534,0.3,0.0254,False
74.9,17.9752,6.0381,-1.5521,0.3,0.0242,False
74.95,17.9754,6.0231,-1.5508,0.3,0.026,False
75.0,17.9757,6.0081,-1.5505,0.3,0.0064,False
75.05,17.976,5.9931,-1.5496,0.3,0.0188,False
75.1,17.9764,5.9781,-1.5488,0.3,0.0157,False
75.15,17.9767,5.9631,-1.5467,0.3,0.0429,False
75.2,17.9771,5.9481,-1.5438,0.3,0.0561,False
75.25,17.9775,5.9331,-1.5415,0.3,0.0461,False
75.3,17.9779,5.9182,-1.5411,0.3,0.0092,False
75.35,17.9783,5.9032,-1.5406,0.3,0.0102,False
75.4,17.9788,5.8882,-1.5405,0.3,0.0019,False
75.45,17.9793,5.8732,-1.5406,0.3,-0.0022,False
75.5,17.9797,5.8582,-1.5417,0.3,-0.0229,False
75.55,17.9801,5.8432,-1.5429,0.3,-0.0232,False
75.6,17.9806,5.8282,-1.5428,0.3,0.0022,False
75.65,17.981,5.8132,-1.5422,0.3,0.0115,False
75.7,17.9814,5.7982,-1.5413,0.2997,0.0188,False
75.75,17.9819,5.7832,-1.5415,0.2995,-0.0053,False
75.8,17.9823,5.7683,-1.5416,0.3,-0.0017,False
75.85,17.9827,5.7535,-1.5426,0.2948,-0.019,False
75.9,17.9831,5.7391,-1.5431,0.2889,-0.0097,False
75.95,17.9835,5.725,-1.545,0.2812,-0.038,False
76.0,17.9839,5.7113,-1.5463,0.2755,-0.0259,False
76.05,17.9842,5.6976,-1.5477,0.2724,-0.0286,False
76.1,17.9845,5.6841,-1.5502,0.2715,-0.05,False
76.15,17.9848,5.6707,-1.5536,0.2669,-0.0675,False
76.2,17.985,5.6579,-1.555,0.2566,-0.0285,False
76.25,17.9852,5.6452,-1.5555,0.2544,-0.0094,False
76.3,17.9854,5.6325,-1.5558,0.2531,-0.0075,False
76.35,17.9856,5.62,-1.5574,0.2497,-0.0319,False
76.4,17.9858,5.6078,-1.5585,0.2452,-0.0222,False
76.45,17.9859,5.5955,-1.56,0.2461,-0.03,False
76.5,17.986,5.5834,-1.5595,0.2422,0.0106,False
76.55,17.9862,5.5717,-1.5584,0.234,0.0219,False
76.6,17.9863,5.56,-1.5579,0.2332,0.0105,False
76.65,17.9865,5.5485,-1.5582,0.2294,-0.0064,False
76.7,17.9866,5.5373,-1.5582,0.2255,0.0009,False
76.75,17.9868,5.5262,-1.5583,0.2219,-0.0024,False
76.8,17.9869,5.5153,-1.5576,0.2181,0.0137,False
76.85,17.987,5.5045,-1.5569,0.216,0.013,False
76.9,17.9872,5.4944,-1.5569,0.2007,0.0006,False
76.95,17.9873,5.4846,-1.5579,0.1973,-0.02,False
77.0,17.9874,5.4744,-1.5579,0.2025,0.0011,False
77.05,17.9876,5.4641,-1.5579,0.2066,0.0002,False
77.1,17.9877,5.4541,-1.5569,0.2014,0.02,False
77.15,17.9878,5.4445,-1.5575,0.1916,-0.0126,False
77.2,17.988,5.4351,-1.5589,0.1865,-0.0288,False
77.25,17.9881,5.4258,-1.5584,0.1865,0.0098,False
77.3,17.9882,5.4167,-1.5583,0.1825,0.0018,False
77.35,17.9883,5.4074,-1.5578,0.1855,0.0099,False
77.4,17.9884,5.3984,-1.5561,0.1809,0.0345,False
77.45,17.9885,5.3895,-1.5563,0.1784,-0.0029,False
77.5,17.9887,5.3806,-1.5568,0.1765,-0.0105,False
77.55,17.9888,5.3719,-1.557,0.1743,-0.0034,False
77.6,17.9889,5.3636,-1.5585,0.1672,-0.0318,False
77.65,17.989,5.3551,-1.5599,0.1695,-0.0274,False
77.7,17.9891,5.347,-1.5583,0.162,0.0324,False
77.75,17.9892,5.3391,-1.5566,0.1569,0.0334,False
77.8,17.9893,5.3309,-1.557,0.1656,-0.0085,False
77.85,17.9894,5.3228,-1.5596,0.1621,-0.0501,False
77.9,17.9895,5.3147,-1.5605,0.1606,-0.0197,False
77.95,17.9896,5.3069,-1.5601,0.1562,0.0095,False
78.0,17.9897,5.2995,-1.5605,0.1486,-0.0082,False
78.05,17.9898,5.2921,-1.5609,0.1473,-0.0088,False
78.1,17.9898,5.2848,-1.5594,0.1468,0.0295,False
78.15,17.9899,5.2772,-1.5564,0.1524,0.0606,False
78.2,17.99,5.2697,-1.5545,0.1503,0.0384,False
78.25,17.9902,5.2619,-1.5513,0.1545,0.0646,False
78.3,17.9903,5.2548,-1.5501,0.143,0.024,False
78.35,17.9904,5.2477,-1.551,0.1415,-0.0179,False
78.4,17.9906,5.2406,-1.5504,0.1414,0.0105,False
78.45,17.9907,5.2335,-1.5497,0.1426,0.0142,False
78.5,17.9909,5.2268,-1.5474,0.1348,0.047,False
78.55,17.991,5.2201,-1.5466,0.1325,0.0153,False
78.6,17.9912,5.214,-1.5463,0.1232,0.0056,False
78.65,17.9913,5.208,-1.5458,0.1192,0.0096,False
78.7,17.9915,5.2021,-1.5481,0.1187,-0.0445,False
78.75,17.9916,5.1961,-1.548,0.12,0.0023,False
78.8,17.9917,5.1903,-1.5466,0.1155,0.0274,False
78.85,17.9919,5.1845,-1.5443,0.1159,0.0464,False
78.9,17.992,5.1789,-1.5411,0.1134,0.0641,False
78.95,17.9922,5.1734,-1.5403,0.1087,0.0157,False
79.0,17.9923,5.1681,-1.5398,0.1065,0.0093,False
79.05,17.9925,5.1624,-1.5385,0.1138,0.0265,False
79.1,17.9927,5.1567,-1.5384,0.1141,0.0011,False
79.15,17.9929,5.1513,-1.5384,0.108,0.0006,False
79.2,17.9931,5.1457,-1.5377,0.1115,0.0139,False
79.25,17.9932,5.1402,-1.5378,0.1103,-0.0027,False
79.3,17.9934,5.1346,-1.5378,0.1135,0.0009,False
79.35,17.9936,5.1291,-1.5377,0.1096,0.0015,False
79.4,17.9938,5.1238,-1.538,0.1062,-0.005,False
79.45,17.994,5.1187,-1.5365,0.102,0.0295,False
79.5,17.9941,5.1134,-1.5337,0.1052,0.0559,False
79.55,17.9943,5.1083,-1.531,0.1032,0.0535,False
79.6,17.9945,5.1036,-1.5343,0.0943,-0.0659,False
79.65,17.9947,5.0993,-1.5341,0.0852,0.0039,False
79.7,17.9948,5.0949,-1.5294,0.0885,0.0941,False
79.75,17.995,5.0906,-1.5273,0.0858,0.0414,False
79.8,17.9952,5.0864,-1.527,0.0834,0.0067,False
79.85,17.9954,5.0823,-1.5233,0.0818,0.0752,False
79.9,17.9956,5.0782,-1.5216,0.0829,0.0325,False
79.95,17.9958,5.0738,-1.523,0.089,-0.0275,False
80.0,17.996,5.0695,-1.5256,0.0857,-0.0524,False
80.05,17.9962,5.0654,-1.525,0.0817,0.0135,False
80.1,17.9964,5.0608,-1.5229,0.0923,0.0406,False
80.15,17.9966,5.0563,-1.5182,0.0893,0.0946,False
80.2,17.9968,5.0524,-1.5132,0.0793,0.0999,False
80.25,17.997,5.0486,-1.5093,0.0765,0.0788,False
80.3,17.9973,5.0448,-1.5085,0.0744,0.0146,False
80.35,17.9975,5.041,-1.5137,0.0765,-0.1042,False
80.4,17.9977,5.0371,-1.5187,0.0793,-0.0989,False
80.45,17.9979,5.0333,-1.5209,0.0745,-0.0435,False
80.5,17.9981,5.0292,-1.5214,0.0839,-0.0104,False
80.55,17.9983,5.0253,-1.5207,0.0776,0.0145,False
80.6,17.9985,5.0218,-1.5231,0.0693,-0.0484,False
80.65,17.9986,5.0185,-1.5267,0.0665,-0.0732,False
80.7,17.9988,5.0152,-1.525,0.0665,0.0346,False
80.75,17.9989,5.0122,-1.5328,0.0596,-0.1567,False
80.8,17.999,5.0092,-1.5414,0.0598,-0.1711,False
80.85,17.9991,5.0062,-1.5498,0.0598,-0.1675,False
80.9,17.9992,5.0034,-1.5518,0.0571,-0.0403,False
80.95,17.9992,5.0005,-1.5533,0.0578,-0.0299,False
81.0,17.9993,4.9977,-1.5415,0.0548,0.2357,False
81.05,17.9994,4.9947,-1.5388,0.0601,0.0547,False
81.1,17.9995,4.9919,-1.5441,0.0566,-0.1059,False
81.15,17.9996,4.9888,-1.555,0.0619,-0.2198,False
81.2,17.9996,4.9859,-1.572,0.0577,-0.3384,False
81.25,17.9996,4.9831,-1.5869,0.056,-0.2992,False
81.3,17.9996,4.9801,-1.6006,0.061,-0.2736,False
81.35,17.9995,4.9769,-1.609,0.0645,-0.1686,False
81.4,17.9993,4.9737,-1.6071,0.0626,0.0378,False
81.45,17.9992,4.9709,-1.6127,0.0573,-0.112,False
81.5,17.9991,4.9679,-1.6179,0.0586,-0.1027,False
81.55,17.999,4.9652,-1.6247,0.0557,-0.1354,False
81.6,17.9988,4.9624,-1.6223,0.0554,0.0469,False
81.65,17.9987,4.96,-1.6111,0.0473,0.224,False
81.7,17.9986,4.9575,-1.6011,0.0513,0.2,False
81.75,17.9985,4.9549,-1.5893,0.052,0.2364,False
81.8,17.9985,4.9525,-1.5729,0.0475,0.3287,False
81.85,17.9985,4.95,-1.5547,0.0497,0.3633,False
81.9,17.9985,4.9473,-1.5424,0.0536,0.2452,False
81.95,17.9986,4.9449,-1.5287,0.0493,0.2751,False
82.0,17.9987,4.9424,-1.5163,0.0482,0.2481,False
82.05,17.9988,4.94,-1.5064,0.0492,0.1972,False
82.1,17.999,4.9377,-1.4972,0.0454,0.1846,False
82.15,17.9991,4.9354,-1.4865,0.0476,0.2142,False
82.2,17.9994,4.9329,-1.4871,0.0494,-0.0114,False
82.25,17.9996,4.9304,-1.4794,0.0502,0.1532,False
82.3,17.9998,4.9279,-1.4804,0.0498,-0.0199,False
82.35,18.0,4.9256,-1.4803,0.0457,0.0009,False
82.4,18.0002,4.9235,-1.4592,0.0426,0.4237,False
82.45,18.0004,4.9218,-1.4547,0.0353,0.0886,False
82.5,18.0006,4.92,-1.475,0.035,-0.4062,False
82.55,18.0007,4.9184,-1.5052,0.0332,-0.6028,False
82.6,18.0007,4.9184,-1.5802,0.0,-1.5,False
82.65,18.0007,4.9184,-1.6552,0.0,-1.5,False
82.7,18.0007,4.9184,-1.7302,0.0,-1.5,False
82.75,18.0007,4.9184,-1.8052,0.0,-1.5,False
82.8,18.0007,4.9184,-1.8802,0.0,-1.5,False
82.85,18.0007,4.9184,-1.9552,0.0,-1.5,False
82.9,18.0007,4.9184,-2.0302,0.0,-1.5,False
82.95,18.0007,4.9184,-2.1052,0.0,-1.5,False
83.0,18.0007,4.9184,-2.1802,0.0,-1.5,False
83.05,18.0007,4.9184,-2.2552,0.0,-1.5,False
83.1,18.0007,4.9184,-2.3302,0.0,-1.5,False
83.15,18.0007,4.9184,-2.4052,0.0,-1.5,False
83.2,18.0007,4.9184,-2.4766,0.0,-1.4285,False
83.25,18.0007,4.9184,-2.5409,0.0,-1.2857,False
83.3,18.0007,4.9184,-2.5987,0.0,-1.1571,False
83.35,18.0007,4.9184,-2.6508,0.0,-1.0414,False
83.4,18.0007,4.9184,-2.6977,0.0,-0.9373,False
83.45,18.0007,4.9184,-2.7399,0.0,-0.8435,False
83.5,18.0007,4.9184,-2.7778,0.0,-0.7592,False
83.55,18.0007,4.9184,-2.812,0.0,-0.6833,False
83.6,18.0007,4.9184,-2.8427,0.0,-0.6149,False
83.65,18.0007,4.9184,-2.8704,0.0,-0.5534,False
83.7,18.0007,4.9184,-2.8953,0.0,-0.4981,False
83.75,18.0007,4.9184,-2.9177,0.0,-0.4483,False
83.8,18.0007,4.9184,-2.9379,0.0,-0.4035,False
83.85,18.0007,4.9184,-2.956,0.0,-0.3631,False
83.9,18.0007,4.9184,-2.9724,0.0,-0.3268,False
83.95,18.0007,4.9184,-2.9871,0.0,-0.2941,False
84.0,18.0007,4.9184,-3.0003,0.0,-0.2647,False
84.05,18.0007,4.9184,-3.0122,0.0,-0.2382,False
84.1,18.0007,4.9184,-3.023,0.0,-0.2144,False
84.15,18.0007,4.9184,-3.0326,0.0,-0.193,False
84.2,18.0007,4.9184,-3.0413,0.0,-0.1737,False
84.25,17.9858,4.9169,-3.0423,0.3,-0.0196,False
84.3,17.9709,4.9154,-3.0429,0.3,-0.0131,False
84.35,17.956,4.9139,-3.0447,0.3,-0.0357,False
84.4,17.941,4.9124,-3.0448,0.3,-0.0021,False
84.45,17.9261,4.911,-3.0447,0.3,0.0032,False
84.5,17.9112,4.9095,-3.0456,0.3,-0.0179,False
84.55,17.8962,4.9081,-3.0505,0.3,-0.0983,False
84.6,17.8813,4.9067,-3.0553,0.3,-0.0964,False
84.65,17.8664,4.9054,-3.0579,0.3,-0.0514,False
84.7,17.8514,4.9042,-3.0587,0.3,-0.0164,False
84.75,17.8365,4.903,-3.0575,0.3,0.0246,False
84.8,17.8215,4.9017,-3.0601,0.3,-0.0534,False
84.85,17.8066,4.9005,-3.0631,0.3,-0.0599,False
84.9,17.7916,4.8993,-3.0669,0.3,-0.0757,False
84.95,17.7767,4.8982,-3.0677,0.3,-0.0152,False
85.0,17.7617,4.8971,-3.0673,0.3,0.0079,False
85.05,17.7467,4.896,-3.0699,0.3,-0.0522,False
85.1,17.7318,4.8949,-3.0722,0.3,-0.0472,False
85.15,17.7168,4.8938,-3.0746,0.3,-0.0465,False
85.2,17.7019,4.8928,-3.0762,0.3,-0.0324,False
85.25,17.6869,4.8919,-3.0743,0.3,0.0382,False
85.3,17.6719,4.8908,-3.0739,0.3,0.0076,False
85.35,17.657,4.8898,-3.0739,0.3,0.0006,False
85.4,17.642,4.8888,-3.0732,0.3,0.0135,False
85.45,17.627,4.8878,-3.0717,0.3,0.0289,False
85.5,17.6121,4.8867,-3.0723,0.3,-0.0114,False
85.55,17.5971,4.8857,-3.0737,0.3,-0.0277,False
85.6,17.5821,4.8847,-3.0729,0.3,0.0165,False
85.65,17.5672,4.8837,-3.0744,0.3,-0.0302,False
85.7,17.5522,4.8827,-3.0766,0.3,-0.0439,False
85.75,17.5372,4.8817,-3.0789,0.3,-0.0464,False
85.8,17.5223,4.8807,-3.0817,0.3,-0.0567,False
85.85,17.5073,4.8798,-3.0843,0.3,-0.0514,False
85.9,17.4923,4.879,-3.0865,0.3,-0.0434,False
85.95,17.4773,4.8782,-3.0895,0.3,-0.0601,False
86.0,17.4624,4.8774,-3.0925,0.3,-0.06,False
86.05,17.4474,4.8766,-3.095,0.3,-0.0499,False
86.1,17.4324,4.8759,-3.096,0.3,-0.0208,False
86.15,17.4174,4.8753,-3.0958,0.3,0.0044,False
86.2,17.4024,4.8746,-3.096,0.3,-0.0051,False
86.25,17.3874,4.8739,-3.0968,0.3,-0.0144,False
86.3,17.3725,4.8732,-3.0979,0.3,-0.0224,False
86.35,17.3575,4.8726,-3.0976,0.3,0.0066,False
86.4,17.3425,4.8719,-3.0988,0.3,-0.0253,False
86.45,17.3275,4.8713,-3.099,0.3,-0.0031,False
86.5,17.3125,4.8706,-3.0991,0.3,-0.0023,False
86.55,17.2975,4.87,-3.1005,0.3,-0.0292,False
86.6,17.2825,4.8694,-3.1029,0.3,-0.0463,False
86.65,17.2675,4.8688,-3.1044,0.3,-0.0302,False
86.7,17.2526,4.8682,-3.1052,0.3,-0.0165,False
86.75,17.2376,4.8677,-3.1063,0.3,-0.0218,False
86.8,17.2226,4.8671,-3.1062,0.3,0.0026,False
86.85,17.2076,4.8666,-3.1061,0.3,0.0018,False
86.9,17.1926,4.8661,-3.108,0.3,-0.0377,False
86.95,17.1776,4.8656,-3.1111,0.3,-0.0632,False
87.0,17.1626,4.8651,-3.1106,0.3,0.011,False
87.05,17.1476,4.8647,-3.1112,0.3,-0.0133,False
87.1,17.1326,4.8642,-3.112,0.3,-0.0146,False
87.15,17.1176,4.8638,-3.1118,0.3,0.0027,False
87.2,17.1026,4.8633,-3.1111,0.3,0.0153,False
87.25,17.0876,4.8629,-3.1116,0.3,-0.0114,False
87.3,17.0726,4.8624,-3.1122,0.3,-0.0114,False
87.35,17.0577,4.862,-3.1145,0.3,-0.0452,False
87.4,17.0427,4.8616,-3.117,0.3,-0.0514,False
87.45,17.0277,4.8612,-3.1172,0.3,-0.0041,False
87.5,17.0127,4.8608,-3.1171,0.3,0.0024,False
87.55,16.9977,4.8605,-3.1166,0.3,0.0104,False
87.6,16.9827,4.8601,-3.1164,0.3,0.004,False
87.65,16.9677,4.8597,-3.1162,0.3,0.0044,False
87.7,16.9527,4.8593,-3.1177,0.3,-0.0314,False
87.75,16.9377,4.859,-3.1182,0.3,-0.0093,False
87.8,16.9227,4.8586,-3.1188,0.3,-0.0121,False
87.85,16.9077,4.8583,-3.1189,0.3,-0.0026,False
87.9,16.8927,4.8579,-3.12,0.3,-0.0216,False
87.95,16.8777,4.8576,-3.1212,0.3,-0.024,False
88.0,16.8627,4.8573,-3.1229,0.3,-0.0342,False
88.05,16.8477,4.857,-3.1263,0.3,-0.0668,False
88.1,16.8327,4.8568,-3.1283,0.3,-0.0408,False
88.15,16.8177,4.8566,-3.1286,0.3,-0.0054,False
88.2,16.8027,4.8564,-3.127,0.3,0.0309,False
88.25,16.7877,4.8562,-3.1268,0.3,0.0058,False
88.3,16.7727,4.856,-3.1267,0.3,0.0002,False
88.35,16.7577,4.8557,-3.1269,0.3,-0.0031,False
88.4,16.7427,4.8555,-3.1278,0.3,-0.0174,False
88.45,16.7277,4.8553,-3.1273,0.3,0.0094,False
88.5,16.7127,4.8551,-3.127,0.3,0.005,False
88.55,16.6977,4.8549,-3.1298,0.3,-0.0547,False
88.6,16.6827,4.8547,-3.1331,0.3,-0.0661,False
88.65,16.6677,4.8546,-3.1368,0.3,-0.0749,False
88.7,16.6527,4.8545,-3.1396,0.3,-0.0561,False
88.75,16.6377,4.8545,-3.1416,0.3,-0.0388,False
88.8,16.6227,4.8545,3.1402,0.3,-0.0271,False
88.85,16.6077,4.8545,3.1405,0.3,0.0042,False
88.9,16.5927,4.8545,3.141,0.3,0.0109,False
88.95,16.5777,4.8545,-3.1397,0.3,0.0499,False
89.0,16.5627,4.8545,-3.136,0.3,0.0739,False
89.05,16.5477,4.8544,-3.1329,0.3,0.062,False
89.1,16.5327,4.8543,-3.1307,0.3,0.0436,False
89.15,16.5177,4.8541,-3.1276,0.3,0.0613,False
89.2,16.5027,4.8539,-3.126,0.3,0.033,False
89.25,16.4877,4.8537,-3.123,0.3,0.0607,False
89.3,16.4727,4.8534,-3.1217,0.3,0.026,False
89.35,16.4577,4.8531,-3.1214,0.3,0.0053,False
89.4,16.4427,4.8528,-3.1205,0.3,0.0186,False
89.45,16.4277,4.8525,-3.1206,0.3,-0.0021,False
89.5,16.4128,4.8522,-3.1213,0.3,-0.0151,False
89.55,16.3978,4.8518,-3.1235,0.3,-0.0426,False
89.6,16.3828,4.8516,-3.1234,0.3,0.0008,False
89.65,16.3678,4.8513,-3.1242,0.3,-0.0157,False
89.7,16.3528,4.851,-3.127,0.3,-0.0553,False
89.75,16.3378,4.8508,-3.127,0.3,-0.0003,False
89.8,16.3228,4.8506,-3.1263,0.3,0.0126,False
89.85,16.3078,4.8504,-3.127,0.3,-0.0136,False
89.9,16.2928,4.8502,-3.127,0.3,-0.0001,False
89.95,16.2778,4.8499,-3.1281,0.3,-0.0213,False
90.0,16.2628,4.8497,-3.1283,0.3,-0.0037,False
90.05,16.2478,4.8495,-3.1297,0.3,-0.0279,False
90.1,16.2328,4.8494,-3.1321,0.3,-0.0486,False
90.15,16.2178,4.8492,-3.1379,0.3,-0.1149,False
90.2,16.2028,4.8492,-3.1401,0.3,-0.0449,False
90.25,16.1878,4.8491,-3.1411,0.3,-0.0198,False
90.3,16.1728,4.8491,-3.1416,0.3,-0.0098,False
90.35,16.1578,4.8491,3.1415,0.3,-0.0021,False
90.4,16.1428,4.8491,-3.14,0.3,0.0339,False
90.45,16.1278,4.8491,-3.1409,0.3,-0.0184,False
90.5,16.1128,4.8491,-3.1379,0.3,0.0594,False
90.55,16.0978,4.849,-3.1351,0.3,0.056,False
90.6,16.0828,4.8489,-3.1333,0.3,0.0367,False
90.65,16.0678,4.8488,-3.1327,0.3,0.0124,False
90.7,16.0528,4.8487,-3.1323,0.3,0.008,False
90.75,16.0378,4.8485,-3.1305,0.3,0.036,False
90.8,16.0228,4.8484,-3.1292,0.3,0.0252,False
90.85,16.0078,4.8482,-3.1279,0.3,0.0266,False
90.9,15.9928,4.848,-3.1277,0.3,0.0039,False
90.95,15.9778,4.8478,-3.1274,0.3,0.0052,False
91.0,15.9628,4.8476,-3.1278,0.3,-0.0065,False
91.05,15.9478,4.8474,-3.1298,0.3,-0.0414,False
91.1,15.9328,4.8472,-3.1308,0.3,-0.0187,False
91.15,15.9178,4.847,-3.1309,0.3,-0.0022,False
91.2,15.9028,4.8469,-3.1326,0.3,-0.0345,False
91.25,15.8878,4.8467,-3.1328,0.3,-0.0039,False
91.3,15.8728,4.8466,-3.1333,0.3,-0.0099,False
91.35,15.8578,4.8465,-3.133,0.3,0.0061,False
91.4,15.8428,4.8463,-3.132,0.3,0.0205,False
91.45,15.8278,4.8462,-3.132,0.3,-0.0001,False
91.5,15.8128,4.8461,-3.1315,0.3,0.0087,False
91.55,15.7978,4.8459,-3.1298,0.3,0.0344,False
91.6,15.7828,4.8457,-3.1293,0.3,0.0092,False
91.65,15.7678,4.8455,-3.1297,0.3,-0.0069,False
91.7,15.7528,4.8454,-3.1301,0.3,-0.0081,False
91.75,15.7378,4.8452,-3.1301,0.3,-0.0004,False
91.8,15.7228,4.845,-3.1285,0.3,0.032,False
91.85,15.7078,4.8448,-3.1268,0.3,0.0349,False
91.9,15.6928,4.8446,-3.1244,0.3,0.0483,False
91.95,15.6778,4.8443,-3.1237,0.3,0.0121,False
92.0,15.6628,4.8441,-3.1244,0.3,-0.0123,False
92.05,15.6478,4.8438,-3.1262,0.3,-0.0366,False
92.1,15.6328,4.8436,-3.1254,0.3,0.0152,False
92.15,15.6178,4.8433,-3.1245,0.3,0.018,False
92.2,15.6028,4.8431,-3.1246,0.3,-0.0006,False
92.25,15.5878,4.8428,-3.1236,0.3,0.0193,False
92.3,15.5728,4.8426,-3.1236,0.3,-0.0001,False
92.35,15.5578,4.8423,-3.1242,0.3,-0.012,False
92.4,15.5428,4.842,-3.1232,0.3,0.0207,False
92.45,15.5278,4.8417,-3.1216,0.3,0.0303,False
92.5,15.5128,4.8415,-3.1202,0.3,0.0295,False
92.55,15.4978,4.8411,-3.121,0.3,-0.0168,False
92.6,15.4828,4.8408,-3.1234,0.3,-0.0471,False
92.65,15.4678,4.8405,-3.1244,0.3,-0.0212,False
92.7,15.4528,4.8403,-3.1261,0.3,-0.0335,False
92.75,15.4378,4.8401,-3.1285,0.3,-0.0478,False
92.8,15.4228,4.8399,-3.1308,0.3,-0.0456,False
92.85,15.4078,4.8397,-3.1311,0.3,-0.0073,False
92.9,15.3928,4.8395,-3.1296,0.3,0.031,False
92.95,15.3778,4.8394,-3.1307,0.3,-0.0232,False
93.0,15.3628,4.8392,-3.1327,0.3,-0.0396,False
93.05,15.3478,4.8391,-3.1336,0.3,-0.0175,False
93.1,15.3328,4.8389,-3.1343,0.3,-0.0146,False
93.15,15.3178,4.8388,-3.1345,0.3,-0.0027,False
93.2,15.3028,4.8387,-3.1334,0.3,0.0207,False
93.25,15.2878,4.8386,-3.1324,0.3,0.0204,False
93.3,15.2728,4.8385,-3.1317,0.3,0.0146,False
93.35,15.2579,4.8383,-3.1319,0.3,-0.0049,False
93.4,15.2429,4.8382,-3.1326,0.3,-0.0145,False
93.45,15.2279,4.838,-3.132,0.3,0.013,False
93.5,15.2129,4.8379,-3.1309,0.3,0.0224,False
93.55,15.1979,4.8377,-3.1306,0.3,0.005,False
93.6,15.1829,4.8376,-3.1305,0.3,0.0028,False
93.65,15.1679,4.8374,-3.13,0.3,0.0092,False
93.7,15.1529,4.8372,-3.129,0.3,0.021,False
93.75,15.1379,4.837,-3.1283,0.3,0.0144,False
93.8,15.1229,4.8368,-3.1285,0.3,-0.0057,False
93.85,15.1079,4.8366,-3.1289,0.3,-0.007,False
93.9,15.0929,4.8365,-3.1298,0.3,-0.0181,False
93.95,15.0779,4.8363,-3.131,0.3,-0.0246,False
94.0,15.0629,4.8361,-3.1314,0.3,-0.0084,False
94.05,15.0479,4.836,-3.1324,0.3,-0.0187,False
94.1,15.0329,4.8358,-3.1322,0.3,0.0028,False
94.15,15.0179,4.8357,-3.1326,0.3,-0.0074,False
94.2,15.0029,4.8356,-3.1344,0.3,-0.0362,False
94.25,14.9879,4.8354,-3.1347,0.3,-0.0054,False
94.3,14.9729,4.8353,-3.1358,0.3,-0.0212,False
94.35,14.9579,4.8353,-3.1364,0.3,-0.0129,False
94.4,14.9429,4.8352,-3.1348,0.3,0.0325,False
94.45,14.9279,4.8351,-3.1343,0.3,0.0101,False
94.5,14.9129,4.835,-3.1348,0.3,-0.0097,False
94.55,14.8979,4.8349,-3.1345,0.3,0.0057,False
94.6,14.8829,4.8348,-3.1342,0.3,0.0048,False
94.65,14.8679,4.8346,-3.1334,0.3,0.0162,False
94.7,14.8529,4.8345,-3.1322,0.3,0.0234,False
94.75,14.8379,4.8344,-3.131,0.3,0.0255,False
94.8,14.8229,4.8342,-3.1283,0.3,0.0532,False
94.85,14.8079,4.834,-3.1252,0.3,0.0622,False
94.9,14.7929,4.8338,-3.1208,0.3,0.0882,False
94.95,14.7779,4.8335,-3.119,0.3,0.0356,False
95.0,14.7629,4.8331,-3.1175,0.3,0.0301,False
95.05,14.7479,4.8328,-3.1169,0.3,0.0121,False
95.1,14.7329,4.8324,-3.1184,0.3,-0.0304,False
95.15,14.7179,4.832,-3.1202,0.3,-0.0355,False
95.2,14.7029,4.8317,-3.1225,0.3,-0.0455,False
95.25,14.6879,4.8314,-3.1237,0.3,-0.0248,False
95.3,14.6729,4.8312,-3.1261,0.3,-0.0483,False
95.35,14.6579,4.8309,-3.1289,0.3,-0.0564,False
95.4,14.6429,4.8308,-3.1312,0.3,-0.0445,False
95.45,14.6279,4.8306,-3.133,0.3,-0.0375,False
95.5,14.6129,4.8305,-3.1355,0.3,-0.0486,False
95.55,14.5979,4.8304,-3.1371,0.3,-0.0328,False
95.6,14.5829,4.8303,-3.1378,0.3,-0.0137,False
95.65,14.5679,4.8303,-3.139,0.3,-0.0243,False
95.7,14.5529,4.8302,-3.1391,0.3,-0.0018,False
95.75,14.5379,4.8302,-3.1373,0.3,0.036,False
95.8,14.5229,4.8301,-3.1356,0.3,0.0344,False
95.85,14.5079,4.83,-3.1331,0.3,0.05,False
95.9,14.4929,4.8299,-3.133,0.3,0.0009,False
95.95,14.4779,4.8298,-3.1319,0.3,0.0231,False
96.0,14.4629,4.8296,-3.1309,0.3,0.0197,False
96.05,14.4479,4.8295,-3.1289,0.3,0.0408,False
96.1,14.4329,4.8293,-3.1257,0.3,0.063,False
96.15,14.4179,4.829,-3.1211,0.3,0.0917,False
96.2,14.4029,4.8287,-3.1195,0.3,0.0321,False
96.25,14.3879,4.8284,-3.1177,0.3,0.0371,False
96.3,14.3729,4.828,-3.1162,0.3,0.0286,False
96.35,14.3579,4.8277,-3.1147,0.3,0.0309,False
96.4,14.3429,4.8272,-3.1136,0.3,0.0221,False
96.45,14.3279,4.8268,-3.1131,0.3,0.0099,False
96.5,14.3129,4.8264,-3.1125,0.3,0.0128,False
96.55,14.298,4.826,-3.1129,0.3,-0.0093,False
96.6,14.283,4.8255,-3.1135,0.3,-0.0123,False
96.65,14.268,4.8251,-3.1137,0.3,-0.0037,False
96.7,14.253,4.8247,-3.1127,0.3,0.0197,False
96.75,14.238,4.8243,-3.1125,0.3,0.0044,False
96.8,14.223,4.8238,-3.1112,0.3,0.0268,False
96.85,14.208,4.8234,-3.1104,0.3,0.0159,False
96.9,14.193,4.8229,-3.1099,0.3,0.0104,False
96.95,14.178,4.8224,-3.1102,0.3,-0.0071,False
97.0,14.163,4.822,-3.1118,0.3,-0.0321,False
97.05,14.148,4.8215,-3.1125,0.3,-0.0136,False
97.1,14.133,4.8211,-3.1149,0.3,-0.0488,False
97.15,14.118,4.8207,-3.1156,0.3,-0.0138,False
97.2,14.103,4.8203,-3.1161,0.3,-0.0088,False
97.25,14.088,4.8199,-3.114,0.3,0.0407,False
97.3,14.073,4.8195,-3.1117,0.3,0.0459,False
97.35,14.0581,4.819,-3.1103,0.3,0.0287,False
97.4,14.0431,4.8186,-3.1091,0.3,0.0234,False
97.45,14.0281,4.8181,-3.1087,0.3,0.008,False
97.5,14.0131,4.8176,-3.106,0.3,0.0537,False
97.55,13.9981,4.8171,-3.1047,0.3,0.0268,False
97.6,13.9831,4.8165,-3.1013,0.3,0.0679,False
97.65,13.9681,4.8159,-3.0999,0.3,0.0284,False
97.7,13.9531,4.8153,-3.097,0.3,0.0577,False
97.75,13.9381,4.8146,-3.0953,0.3,0.0338,False
97.8,13.9232,4.8139,-3.0948,0.3,0.0105,False
97.85,13.9082,4.8132,-3.0949,0.3,-0.0027,False
97.9,13.8932,4.8125,-3.0942,0.3,0.0152,False
97.95,13.8782,4.8118,-3.0922,0.3,0.0386,False
98.0,13.8632,4.8111,-3.0914,0.3,0.0175,False
98.05,13.8482,4.8103,-3.0917,0.3,-0.0065,False
98.1,13.8333,4.8096,-3.0923,0.3,-0.0122,False
98.15,13.8183,4.8088,-3.0916,0.3,0.0142,False
98.2,13.8033,4.8081,-3.0906,0.3,0.0192,False
98.25,13.7883,4.8073,-3.0898,0.3,0.0169,False
98.3,13.7733,4.8065,-3.0856,0.3,0.083,False
98.35,13.7584,4.8057,-3.084,0.3,0.0319,False
98.4,13.7434,4.8048,-3.0809,0.3,0.0634,False
98.45,13.7284,4.8039,-3.0788,0.3,0.0407,False
98.5,13.7134,4.803,-3.078,0.3,0.0172,False
98.55,13.6985,4.802,-3.078,0.3,-0.0007,False
98.6,13.6835,4.8011,-3.0766,0.3,0.0278,False
98.65,13.6685,4.8001,-3.0768,0.3,-0.0044,False
98.7,13.6536,4.7991,-3.0776,0.3,-0.0147,False
98.75,13.6386,4.7982,-3.0762,0.3,0.0273,False
98.8,13.6236,4.7972,-3.0774,0.3,-0.0238,False
98.85,13.6087,4.7962,-3.0783,0.3,-0.0181,False
98.9,13.5937,4.7953,-3.0813,0.3,-0.0601,False
98.95,13.5787,4.7944,-3.0845,0.3,-0.0646,False
99.0,13.5637,4.7935,-3.0881,0.3,-0.0718,False
99.05,13.5488,4.7927,-3.0913,0.3,-0.0629,False
99.1,13.5338,4.792,-3.0918,0.3,-0.0104,False
99.15,13.5188,4.7912,-3.0931,0.3,-0.0255,False
99.2,13.5038,4.7905,-3.0938,0.3,-0.0145,False
99.25,13.4888,4.7898,-3.0947,0.3,-0.0188,False
99.3,13.4739,4.7891,-3.0961,0.3,-0.0284,False
99.35,13.4589,4.7884,-3.0969,0.3,-0.0155,False
99.4,13.4439,4.7877,-3.0976,0.3,-0.0143,False
99.45,13.4289,4.787,-3.0977,0.3,-0.0005,False
99.5,13.4139,4.7864,-3.0967,0.3,0.0199,False
99.55,13.3989,4.7857,-3.0965,0.3,0.0038,False
99.6,13.3839,4.785,-3.096,0.3,0.0085,False
99.65,13.369,4.7844,-3.095,0.3,0.0211,False
99.7,13.354,4.7837,-3.0941,0.3,0.0173,False
99.75,13.339,4.7829,-3.0961,0.3,-0.0404,False
99.8,13.324,4.7823,-3.0966,0.3,-0.01,False
99.85,13.309,4.7816,-3.0979,0.3,-0.0258,False
99.9,13.294,4.7809,-3.1001,0.3,-0.0442,False
99.95,13.279,4.7803,-3.1019,0.3,-0.036,False
100.0,13.2641,4.7797,-3.1026,0.3,-0.0133,False
100.05,13.2491,4.7791,-3.1043,0.3,-0.0332,False
100.1,13.2341,4.7786,-3.1051,0.3,-0.0175,False
100.15,13.2191,4.778,-3.1074,0.3,-0.0444,False
100.2,13.2041,4.7775,-3.1084,0.3,-0.0204,False
100.25,13.1891,4.777,-3.1109,0.3,-0.0498,False
100.3,13.1741,4.7766,-3.1135,0.3,-0.0522,False
100.35,13.1591,4.7761,-3.1156,0.3,-0.0428,False
100.4,13.1441,4.7757,-3.1158,0.3,-0.0036,False
100.45,13.1291,4.7754,-3.1143,0.3,0.0303,False
100.5,13.1141,4.7749,-3.1142,0.3,0.001,False
100.55,13.0991,4.7745,-3.1131,0.3,0.0238,False
100.6,13.0841,4.7741,-3.113,0.3,0.0016,False
100.65,13.0692,4.7737,-3.1128,0.3,0.003,False
100.7,13.0542,4.7732,-3.1128,0.3,0.0012,False
100.75,13.0392,4.7728,-3.1126,0.3,0.0028,False
100.8,13.0242,4.7724,-3.1107,0.3,0.0382,False
100.85,13.0092,4.7719,-3.1086,0.3,0.0432,False
100.9,12.9942,4.7714,-3.1081,0.3,0.0088,False
100.95,12.9792,4.7709,-3.1082,0.3,-0.0023,False
101.0,12.9642,4.7704,-3.1094,0.3,-0.0225,False
101.05,12.9492,4.7699,-3.11,0.3,-0.0131,False
101.1,12.9342,4.7695,-3.11,0.3,0.0007,False
101.15,12.9192,4.769,-3.1105,0.3,-0.0106,False
101.2,12.9042,4.7685,-3.1107,0.3,-0.0046,False
101.25,12.8892,4.7681,-3.1116,0.3,-0.0175,False
101.3,12.8742,4.7676,-3.1122,0.3,-0.0113,False
101.35,12.8593,4.7672,-3.1126,0.3,-0.0085,False
101.4,12.8443,4.7667,-3.1149,0.3,-0.0456,False
101.45,12.8293,4.7663,-3.1169,0.3,-0.0395,False
101.5,12.8143,4.766,-3.1189,0.3,-0.0414,False
101.55,12.7993,4.7656,-3.1197,0.3,-0.0161,False
101.6,12.7843,4.7653,-3.1214,0.3,-0.0337,False
101.65,12.7693,4.765,-3.1234,0.3,-0.0402,False
101.7,12.7543,4.7647,-3.1254,0.3,-0.0399,False
101.75,12.7393,4.7645,-3.126,0.3,-0.0114,False
101.8,12.7243,4.7642,-3.1286,0.3,-0.052,False
101.85,12.7093,4.7641,-3.1297,0.3,-0.0223,False
101.9,12.6943,4.7639,-3.1302,0.3,-0.0086,False
101.95,12.6793,4.7637,-3.1316,0.3,-0.0294,False
102.0,12.6643,4.7636,-3.1334,0.3,-0.0354,False
102.05,12.6493,4.7634,-3.1351,0.3,-0.0338,False
102.1,12.6343,4.7633,-3.1361,0.3,-0.0201,False
102.15,12.6193,4.7632,-3.1376,0.3,-0.0302,False
102.2,12.6043,4.7632,-3.1387,0.3,-0.021,False
102.25,12.5893,4.7631,-3.138,0.3,0.0131,False
102.3,12.5743,4.7631,-3.1378,0.3,0.0045,False
102.35,12.5593,4.763,-3.1386,0.3,-0.0172,False
102.4,12.5443,4.763,-3.1399,0.3,-0.0254,False
102.45,12.5293,4.763,-3.1415,0.3,-0.0312,False
102.5,12.5143,4.763,3.1398,0.3,-0.0375,False
102.55,12.4993,4.763,3.1389,0.3,-0.0184,False
102.6,12.4843,4.763,3.1383,0.3,-0.0127,False
102.65,12.4693,4.7631,3.1369,0.3,-0.0274,False
102.7,12.4543,4.7631,3.1376,0.3,0.0146,False
102.75,12.4393,4.7632,3.1379,0.3,0.0047,False
102.8,12.4243,4.7633,3.1367,0.3,-0.0227,False
102.85,12.4093,4.7633,3.1355,0.3,-0.0257,False
102.9,12.3943,4.7634,3.1357,0.3,0.0041,False
102.95,12.3793,4.7635,3.1356,0.3,-0.0012,False
103.0,12.3643,4.7636,3.1345,0.3,-0.0219,False
103.05,12.3493,4.7637,3.133,0.3,-0.03,False
103.1,12.3343,4.7638,3.1319,0.3,-0.022,False
103.15,12.3193,4.764,3.1313,0.3,-0.0117,False
103.2,12.3043,4.7641,3.1313,0.3,-0.0011,False
103.25,12.2893,4.7643,3.1305,0.3,-0.0157,False
103.3,12.2743,4.7645,3.1312,0.3,0.0133,False
103.35,12.2593,4.7646,3.1321,0.3,0.0184,False
103.4,12.2443,4.7648,3.1331,0.3,0.0198,False
103.45,12.2293,4.7649,3.1365,0.3,0.0696,False
103.5,12.2143,4.765,3.1386,0.3,0.0403,False
103.55,12.1993,4.765,3.1384,0.3,-0.0023,False
103.6,12.1843,4.7651,3.1397,0.3,0.0244,False
103.65,12.1693,4.7651,3.139,0.3,-0.0141,False
103.7,12.1543,4.7651,3.1406,0.3,0.0332,False
103.75,12.1393,4.7651,-3.1403,0.3,0.0455,False
103.8,12.1243,4.7651,-3.1381,0.3,0.0432,False
103.85,12.1093,4.7651,-3.1373,0.3,0.0157,False
103.9,12.0943,4.765,-3.1364,0.3,0.0186,False
103.95,12.0793,4.7649,-3.1353,0.3,0.0219,False
104.0,12.0643,4.7648,-3.1352,0.3,0.0027,False
104.05,12.0493,4.7647,-3.1331,0.3,0.0414,False
104.1,12.0343,4.7646,-3.132,0.3,0.0217,False
104.15,12.0193,4.7645,-3.1327,0.3,-0.0125,False
104.2,12.0043,4.7643,-3.1331,0.3,-0.0094,False
104.25,11.9893,4.7642,-3.1324,0.3,0.0144,False
104.3,11.9743,4.7641,-3.1327,0.3,-0.0057,False
104.35,11.9593,4.7639,-3.1327,0.3,-0.001,False
104.4,11.9443,4.7638,-3.1325,0.3,0.0051,False
104.45,11.9293,4.7637,-3.1308,0.3,0.034,False
104.5,11.9143,4.7635,-3.1299,0.3,0.0172,False
104.55,11.8993,4.7633,-3.1285,0.3,0.0276,False
104.6,11.8843,4.7631,-3.1255,0.3,0.0604,False
104.65,11.8693,4.7629,-3.1232,0.3,0.0455,False
104.7,11.8543,4.7626,-3.1212,0.3,0.0416,False
104.75,11.8393,4.7623,-3.1185,0.3,0.0541,False
104.8,11.8243,4.762,-3.1153,0.3,0.0626,False
104.85,11.8093,4.7616,-3.1124,0.3,0.0594,False
104.9,11.7943,4.7611,-3.1112,0.3,0.0228,False
104.95,11.7793,4.7607,-3.1104,0.3,0.0159,False
105.0,11.7643,4.7602,-3.1099,0.3,0.0111,False
105.05,11.7494,4.7597,-3.1087,0.3,0.0234,False
105.1,11.7344,4.7592,-3.1067,0.3,0.041,False
105.15,11.7194,4.7587,-3.1057,0.3,0.0198,False
105.2,11.7044,4.7582,-3.1048,0.3,0.018,False
105.25,11.6894,4.7576,-3.1068,0.3,-0.0403,False
105.3,11.6744,4.7571,-3.1059,0.3,0.0167,False
105.35,11.6594,4.7566,-3.1048,0.3,0.0234,False
105.4,11.6444,4.756,-3.1039,0.3,0.0168,False
105.45,11.6294,4.7554,-3.1039,0.3,0.0007,False
105.5,11.6144,4.7549,-3.1047,0.3,-0.017,False
105.55,11.5995,4.7543,-3.1057,0.3,-0.0182,False
105.6,11.5845,4.7538,-3.1063,0.3,-0.0127,False
105.65,11.5695,4.7533,-3.1072,0.3,-0.019,False
105.7,11.5545,4.7527,-3.107,0.3,0.0041,False
105.75,11.5395,4.7522,-3.1056,0.3,0.0297,False
105.8,11.5245,4.7517,-3.1032,0.3,0.0481,False
105.85,11.5095,4.7511,-3.1022,0.3,0.0198,False
105.9,11.4945,4.7505,-3.0992,0.3,0.0591,False
105.95,11.4795,4.7499,-3.0975,0.3,0.0341,False
106.0,11.4646,4.7492,-3.0968,0.3,0.0143,False
106.05,11.4496,4.7486,-3.0953,0.3,0.0296,False
106.1,11.4346,4.7479,-3.0938,0.3,0.03,False
106.15,11.4196,4.7471,-3.0945,0.3,-0.0139,False
106.2,11.4046,4.7464,-3.0958,0.3,-0.027,False
106.25,11.3896,4.7457,-3.0969,0.3,-0.0211,False
106.3,11.3746,4.7451,-3.0982,0.3,-0.0253,False
106.35,11.3597,4.7444,-3.0983,0.3,-0.0024,False
106.4,11.3447,4.7438,-3.099,0.3,-0.0147,False
106.45,11.3297,4.7431,-3.1005,0.3,-0.0303,False
106.5,11.3147,4.7425,-3.1016,0.3,-0.0205,False
106.55,11.2997,4.7419,-3.1025,0.3,-0.019,False
106.6,11.2847,4.7413,-3.1041,0.3,-0.0316,False
106.65,11.2697,4.7408,-3.1055,0.3,-0.029,False
106.7,11.2547,4.7402,-3.1068,0.3,-0.0261,False
106.75,11.2398,4.7397,-3.1079,0.3,-0.0218,False
106.8,11.2248,4.7392,-3.1087,0.3,-0.0157,False
106.85,11.2098,4.7387,-3.1094,0.3,-0.0143,False
106.9,11.1948,4.7382,-3.1092,0.3,0.0048,False
106.95,11.1798,4.7377,-3.1085,0.3,0.0142,False
107.0,11.1648,4.7373,-3.1073,0.3,0.0243,False
107.05,11.1498,4.7367,-3.1058,0.3,0.0299,False
107.1,11.1348,4.7362,-3.1047,0.3,0.0211,False
107.15,11.1198,4.7356,-3.1047,0.3,0.0003,False
107.2,11.1048,4.7351,-3.1058,0.3,-0.0211,False
107.25,11.0898,4.7346,-3.1063,0.3,-0.0111,False
107.3,11.0749,4.734,-3.1081,0.3,-0.0356,False
107.35,11.0599,4.7335,-3.1092,0.3,-0.0231,False
107.4,11.0449,4.733,-3.1097,0.3,-0.0098,False
107.45,11.0299,4.7326,-3.1091,0.3,0.0118,False
107.5,11.0149,4.7321,-3.1085,0.3,0.0129,False
107.55,10.9999,4.7316,-3.1081,0.3,0.0087,False
107.6,10.9849,4.7311,-3.1076,0.3,0.0088,False
107.65,10.9699,4.7306,-3.1074,0.3,0.0045,False
107.7,10.9549,4.7301,-3.1078,0.3,-0.0088,False
107.75,10.9399,4.7295,-3.1094,0.3,-0.0315,False
107.8,10.9249,4.7291,-3.1104,0.3,-0.0194,False
107.85,10.9099,4.7286,-3.1111,0.3,-0.0136,False
107.9,10.8949,4.7281,-3.111,0.3,0.0023,False
107.95,10.88,4.7277,-3.1132,0.3,-0.0446,False
108.0,10.865,4.7273,-3.1146,0.3,-0.0285,False
108.05,10.85,4.7269,-3.1154,0.3,-0.0166,False
108.1,10.835,4.7265,-3.116,0.3,-0.0116,False
108.15,10.82,4.7261,-3.1172,0.3,-0.0228,False
108.2,10.805,4.7257,-3.1163,0.3,0.0173,False
108.25,10.79,4.7253,-3.1152,0.3,0.0215,False
108.3,10.775,4.7249,-3.1133,0.3,0.0382,False
108.35,10.76,4.7245,-3.115,0.3,-0.0339,False
108.4,10.745,4.7241,-3.118,0.3,-0.0599,False
108.45,10.73,4.7238,-3.1196,0.3,-0.0327,False
108.5,10.715,4.7234,-3.1216,0.3,-0.0393,False
108.55,10.7,4.7231,-3.1215,0.3,0.0025,False
108.6,10.685,4.7228,-3.1217,0.3,-0.004,False
108.65,10.67,4.7225,-3.1207,0.3,0.0196,False
108.7,10.655,4.7222,-3.1216,0.3,-0.0175,False
108.75,10.64,4.7219,-3.1233,0.3,-0.0351,False
108.8,10.625,4.7216,-3.1242,0.3,-0.0167,False
108.85,10.61,4.7214,-3.124,0.3,0.0029,False
108.9,10.595,4.7211,-3.1242,0.3,-0.0043,False
108.95,10.58,4.7209,-3.125,0.3,-0.0153,False
109.0,10.565,4.7206,-3.1258,0.3,-0.0161,False
109.05,10.55,4.7204,-3.1262,0.3,-0.0079,False
109.1,10.535,4.7201,-3.1266,0.3,-0.0082,False
109.15,10.52,4.7199,-3.1277,0.3,-0.0211,False
109.2,10.505,4.7197,-3.1281,0.3,-0.0092,False
109.25,10.49,4.7195,-3.1283,0.3,-0.0034,False
109.3,10.475,4.7193,-3.1278,0.3,0.0099,False
109.35,10.46,4.7191,-3.1283,0.3,-0.0107,False
109.4,10.445,4.7189,-3.1281,0.3,0.0055,False
109.45,10.4301,4.7187,-3.1284,0.3,-0.0059,False
109.5,10.4151,4.7185,-3.1289,0.3,-0.0109,False
109.55,10.4001,4.7183,-3.1291,0.3,-0.004,False
109.6,10.3851,4.7181,-3.1294,0.3,-0.0056,False
109.65,10.3701,4.7179,-3.1291,0.3,0.0062,False
109.7,10.3551,4.7178,-3.1288,0.3,0.0056,False
109.75,10.3401,4.7176,-3.1281,0.3,0.0141,False
109.8,10.3251,4.7174,-3.1277,0.3,0.0087,False
109.85,10.3101,4.7171,-3.128,0.3,-0.0067,False
109.9,10.2951,4.7169,-3.1289,0.3,-0.0172,False
109.95,10.2801,4.7168,-3.1293,0.3,-0.0096,False
110.0,10.2651,4.7166,-3.1299,0.3,-0.0115,False
110.05,10.2501,4.7164,-3.1306,0.3,-0.0129,False
110.1,10.2351,4.7162,-3.1318,0.3,-0.0245,False
110.15,10.2201,4.7161,-3.1327,0.3,-0.0179,False
110.2,10.2051,4.7159,-3.1334,0.3,-0.0151,False
110.25,10.1901,4.7158,-3.1348,0.3,-0.0265,False
110.3,10.1751,4.7157,-3.1361,0.3,-0.0275,False
110.35,10.1601,4.7156,-3.1359,0.3,0.0049,False
110.4,10.1451,4.7156,-3.1367,0.3,-0.0172,False
110.45,10.1301,4.7155,-3.1373,0.3,-0.0103,False
110.5,10.1151,4.7154,-3.1374,0.3,-0.0024,False
110.55,10.1001,4.7154,-3.1381,0.3,-0.0152,False
110.6,10.0851,4.7153,-3.1383,0.3,-0.0022,False
110.65,10.0701,4.7153,-3.1392,0.3,-0.0188,False
110.7,10.0551,4.7152,-3.1405,0.3,-0.026,False
110.75,10.0401,4.7152,-3.1411,0.3,-0.0117,False
110.8,10.0251,4.7152,-3.1404,0.3,0.0126,False
110.85,10.0101,4.7152,-3.1392,0.3,0.0249,False
110.9,9.9951,4.7151,-3.137,0.3,0.0439,False
110.95,9.9801,4.7151,-3.1357,0.3,0.0261,False
111.0,9.9651,4.715,-3.137,0.3,-0.0267,False
111.05,9.9501,4.7149,-3.1377,0.3,-0.0136,False
111.1,9.9351,4.7149,-3.1366,0.3,0.0231,False
111.15,9.9201,4.7148,-3.1346,0.3,0.0388,False
111.2,9.9051,4.7147,-3.133,0.3,0.0316,False
111.25,9.8901,4.7145,-3.1315,0.3,0.0304,False
111.3,9.8751,4.7144,-3.1291,0.3,0.0488,False
111.35,9.8601,4.7142,-3.1284,0.3,0.0127,False
111.4,9.8451,4.714,-3.1286,0.3,-0.0037,False
111.45,9.8301,4.7138,-3.1296,0.3,-0.0194,False
111.5,9.8151,4.7136,-3.1303,0.3,-0.014,False
111.55,9.8001,4.7135,-3.13,0.3,0.0065,False
111.6,9.7851,4.7133,-3.1294,0.3,0.0112,False
111.65,9.7701,4.7131,-3.1287,0.3,0.0139,False
111.7,9.7551,4.7129,-3.1278,0.3,0.019,False
111.75,9.7401,4.7127,-3.1284,0.3,-0.0127,False
111.8,9.7251,4.7125,-3.1284,0.3,0.0004,False
111.85,9.7101,4.7123,-3.1287,0.3,-0.0068,False
111.9,9.6951,4.7121,-3.1292,0.3,-0.0086,False
111.95,9.6801,4.7119,-3.1292,0.3,-0.0003,False
112.0,9.6651,4.7118,-3.1271,0.3,0.0407,False
112.05,9.6501,4.7115,-3.1266,0.3,0.0107,False
112.1,9.6351,4.7113,-3.1263,0.3,0.0053,False
112.15,9.6201,4.7111,-3.1277,0.3,-0.0278,False
112.2,9.6051,4.7109,-3.1302,0.3,-0.0498,False
112.25,9.5901,4.7107,-3.1304,0.3,-0.0044,False
112.3,9.5751,4.7105,-3.1303,0.3,0.003,False
112.35,9.5601,4.7104,-3.1287,0.3,0.0313,False
112.4,9.5451,4.7102,-3.1293,0.3,-0.0104,False
112.45,9.5301,4.71,-3.1288,0.3,0.0081,False
112.5,9.5151,4.7098,-3.1291,0.3,-0.0056,False
112.55,9.5001,4.7096,-3.1275,0.3,0.0323,False
112.6,9.4851,4.7094,-3.1255,0.3,0.0403,False
112.65,9.4701,4.7092,-3.1244,0.3,0.0227,False
112.7,9.4551,4.7089,-3.1215,0.3,0.0564,False
112.75,9.4401,4.7086,-3.1202,0.3,0.027,False
112.8,9.4251,4.7083,-3.1189,0.3,0.0266,False
112.85,9.4101,4.7079,-3.1173,0.3,0.0315,False
112.9,9.3951,4.7076,-3.1182,0.3,-0.018,False
112.95,9.3801,4.7072,-3.1188,0.3,-0.0125,False
113.0,9.3651,4.7069,-3.1199,0.3,-0.0228,False
113.05,9.3501,4.7066,-3.1212,0.3,-0.0252,False
113.1,9.3351,4.7062,-3.1231,0.3,-0.0385,False
113.15,9.3201,4.706,-3.123,0.3,0.003,False
113.2,9.3051,4.7057,-3.1245,0.3,-0.0296,False
113.25,9.2901,4.7054,-3.1251,0.3,-0.0137,False
113.3,9.2751,4.7052,-3.1243,0.3,0.0166,False
113.35,9.2601,4.7049,-3.123,0.3,0.0262,False
113.4,9.2452,4.7047,-3.1227,0.3,0.0057,False
113.45,9.2302,4.7044,-3.1226,0.3,0.0027,False
113.5,9.2152,4.7041,-3.1236,0.3,-0.0192,False
113.55,9.2002,4.7038,-3.1285,0.3,-0.0989,False
113.6,9.1852,4.7036,-3.1328,0.3,-0.0857,False
113.65,9.1702,4.7035,-3.1358,0.3,-0.061,False
113.7,9.1552,4.7034,-3.1396,0.3,-0.0759,False
113.75,9.1402,4.7034,3.1412,0.3,-0.0461,False
113.8,9.1252,4.7034,3.1372,0.3,-0.0812,False
113.85,9.1102,4.7034,3.1351,0.3,-0.042,False
113.9,9.0952,4.7035,3.1356,0.3,0.0101,False
113.95,9.0802,4.7036,3.1363,0.3,0.0134,False
114.0,9.0652,4.7037,3.1367,0.3,0.0079,False
114.05,9.0502,4.7038,3.1369,0.3,0.0048,False
114.1,9.0352,4.7039,3.1364,0.3,-0.0094,False
114.15,9.0202,4.7039,3.1352,0.3,-0.0242,False
114.2,9.0052,4.704,3.1343,0.3,-0.0181,False
114.25,8.9902,4.7041,3.133,0.3,-0.0268,False
114.3,8.9752,4.7043,3.1309,0.3,-0.0419,False
114.35,8.9602,4.7044,3.13,0.3,-0.0181,False
114.4,8.9452,4.7046,3.1301,0.3,0.0031,False
114.45,8.9302,4.7048,3.1295,0.3,-0.0131,False
114.5,8.9152,4.705,3.1335,0.3,0.0803,False
114.55,8.9002,4.7051,3.1373,0.3,0.0756,False
114.6,8.8852,4.7051,3.1377,0.3,0.0083,False
114.65,8.8702,4.7052,3.1366,0.3,-0.0223,False
114.7,8.8552,4.7053,3.1363,0.3,-0.0056,False
114.75,8.8402,4.7053,3.1375,0.3,0.0238,False
114.8,8.8252,4.7054,3.138,0.3,0.01,False
114.85,8.8102,4.7055,3.1365,0.3,-0.03,False
114.9,8.7952,4.7055,3.1353,0.3,-0.0228,False
114.95,8.7802,4.7056,3.135,0.3,-0.0073,False
115.0,8.7652,4.7057,3.1343,0.3,-0.0142,False
115.05,8.7502,4.7058,3.1325,0.3,-0.0362,False
115.1,8.7352,4.706,3.1304,0.3,-0.0418,False
115.15,8.7202,4.7061,3.1292,0.3,-0.0243,False
115.2,8.7052,4.7063,3.1274,0.3,-0.036,False
115.25,8.6902,4.7065,3.1247,0.3,-0.0522,False
115.3,8.6752,4.7068,3.1236,0.3,-0.022,False
115.35,8.6602,4.7071,3.1241,0.3,0.0091,False
115.4,8.6452,4.7073,3.1247,0.3,0.0129,False
115.45,8.6302,4.7076,3.1266,0.3,0.0363,False
115.5,8.6152,4.7078,3.1284,0.3,0.0371,False
115.55,8.6002,4.708,3.1293,0.3,0.0179,False
115.6,8.5852,4.7082,3.1323,0.3,0.0597,False
115.65,8.5702,4.7083,3.1346,0.3,0.0458,False
115.7,8.5552,4.7084,3.1363,0.3,0.034,False
115.75,8.5402,4.7085,3.1376,0.3,0.0258,False
115.8,8.5252,4.7086,3.1375,0.3,-0.002,False
115.85,8.5102,4.7086,3.1375,0.3,-0.0003,False
115.9,8.4952,4.7087,3.1368,0.3,-0.0127,False
115.95,8.4802,4.7088,3.1377,0.3,0.0169,False
116.0,8.4652,4.7088,3.1362,0.3,-0.03,False
116.05,8.4502,4.7089,3.1348,0.3,-0.0284,False
116.1,8.4352,4.709,3.1355,0.3,0.0146,False
116.15,8.4202,4.7091,3.1358,0.3,0.0069,False
116.2,8.4052,4.7092,3.1352,0.3,-0.0134,False
116.25,8.3902,4.7093,3.1344,0.3,-0.0147,False
116.3,8.3752,4.7094,3.1331,0.3,-0.0267,False
116.35,8.3602,4.7095,3.1326,0.3,-0.0088,False
116.4,8.3452,4.7097,3.1324,0.3,-0.0048,False
116.45,8.3302,4.7098,3.1328,0.3,0.0068,False
116.5,8.3152,4.7099,3.1301,0.3,-0.053,False
116.55,8.3002,4.7101,3.1283,0.3,-0.0357,False
116.6,8.2852,4.7103,3.1274,0.3,-0.0174,False
116.65,8.2702,4.7105,3.1265,0.3,-0.0182,False
116.7,8.2552,4.7107,3.1243,0.3,-0.0447,False
116.75,8.2402,4.711,3.1225,0.3,-0.0365,False
116.8,8.2252,4.7113,3.1208,0.3,-0.0326,False
116.85,8.2102,4.7116,3.1216,0.3,0.0154,False
116.9,8.1952,4.7119,3.1232,0.3,0.0323,False
116.95,8.1802,4.7122,3.1242,0.3,0.0189,False
117.0,8.1652,4.7124,3.1279,0.3,0.074,False
117.05,8.1502,4.7126,3.1311,0.3,0.065,False
117.1,8.1352,4.7128,3.1334,0.3,0.0465,False
117.15,8.1202,4.7129,3.136,0.3,0.0503,False
117.2,8.1052,4.713,3.1393,0.3,0.0664,False
117.25,8.0902,4.713,3.1415,0.3,0.0451,False
117.3,8.0752,4.713,-3.1399,0.3,0.0354,False
117.35,8.0602,4.713,-3.1389,0.3,0.0204,False
117.4,8.0452,4.713,-3.1372,0.3,0.0325,False
117.45,8.0302,4.7129,-3.1373,0.3,-0.0017,False
117.5,8.0152,4.7128,-3.1399,0.3,-0.0513,False
117.55,8.0002,4.7128,3.1411,0.3,-0.044,False
117.6,7.9852,4.7128,3.1391,0.3,-0.0404,False
117.65,7.9702,4.7129,3.1389,0.3,-0.0044,False
117.7,7.9552,4.7129,3.1377,0.3,-0.0223,False
117.75,7.9402,4.713,3.1364,0.3,-0.0264,False
117.8,7.9252,4.713,3.1351,0.3,-0.0256,False
117.85,7.9102,4.7131,3.1323,0.3,-0.0559,False
117.9,7.8952,4.7133,3.1301,0.3,-0.0452,False
117.95,7.8802,4.7134,3.127,0.3,-0.0608,False
118.0,7.8652,4.7137,3.1255,0.3,-0.0316,False
118.05,7.8502,4.7139,3.1225,0.3,-0.0585,False
118.1,7.8352,4.7142,3.1189,0.3,-0.0737,False
118.15,7.8202,4.7145,3.1167,0.3,-0.0434,False
118.2,7.8052,4.7149,3.1144,0.3,-0.0454,False
118.25,7.7902,4.7153,3.1151,0.3,0.0134,False
118.3,7.7752,4.7157,3.115,0.3,-0.001,False
118.35,7.7603,4.7161,3.1163,0.3,0.0261,False
118.4,7.7453,4.7165,3.1157,0.3,-0.0136,False
118.45,7.7303,4.7169,3.1175,0.3,0.0378,False
118.5,7.7153,4.7172,3.1218,0.3,0.0851,False
118.55,7.7003,4.7175,3.1248,0.3,0.0599,False
118.6,7.6853,4.7178,3.1255,0.3,0.0143,False
118.65,7.6703,4.718,3.1256,0.3,0.0018,False
118.7,7.6553,4.7183,3.1255,0.3,-0.0021,False
118.75,7.6403,4.7185,3.1227,0.3,-0.0553,False
118.8,7.6253,4.7188,3.1206,0.3,-0.0432,False
118.85,7.6103,4.7191,3.1167,0.3,-0.0769,False
118.9,7.5953,4.7195,3.1118,0.3,-0.0994,False
118.95,7.5803,4.7199,3.1071,0.3,-0.093,False
119.0,7.5653,4.7204,3.1027,0.3,-0.0881,False
119.05,7.5503,4.721,3.0959,0.3,-0.1364,False
119.1,7.5353,4.7217,3.0929,0.3,-0.0598,False
119.15,7.5203,4.7224,3.0905,0.3,-0.0471,False
119.2,7.5054,4.7232,3.0891,0.3,-0.0284,False
119.25,7.4904,4.724,3.0874,0.3,-0.0336,False
119.3,7.4754,4.7248,3.0874,0.3,-0.0003,False
119.35,7.4604,4.7256,3.0868,0.3,-0.0114,False
119.4,7.4455,4.7264,3.0871,0.3,0.005,False
119.45,7.4305,4.7273,3.0882,0.3,0.0223,False
119.5,7.4155,4.7281,3.09,0.3,0.0351,False
119.55,7.4005,4.7288,3.0911,0.3,0.0227,False
119.6,7.3855,4.7296,3.0931,0.3,0.0394,False
119.65,7.3706,4.7303,3.0942,0.3,0.0224,False
119.7,7.3556,4.731,3.095,0.3,0.0154,False
119.75,7.3406,4.7317,3.0961,0.3,0.023,False
119.8,7.3256,4.7324,3.0976,0.3,0.0291,False
119.85,7.3106,4.7331,3.0976,0.3,-0.0001,False
119.9,7.2956,4.7337,3.0984,0.3,0.0165,False
119.95,7.2806,4.7344,3.0982,0.3,-0.0048,False
120.0,7.2657,4.735,3.0994,0.3,0.0253,False
120.05,7.2507,4.7357,3.0996,0.3,0.0036,False
120.1,7.2357,4.7363,3.1001,0.3,0.0106,False
120.15,7.2207,4.7369,3.1017,0.3,0.0307,False
120.2,7.2057,4.7375,3.1016,0.3,-0.0004,False
120.25,7.1907,4.7381,3.1022,0.3,0.0111,False
120.3,7.1757,4.7387,3.1018,0.3,-0.0071,False
120.35,7.1607,4.7393,3.1005,0.3,-0.0262,False
120.4,7.1458,4.7399,3.0994,0.3,-0.023,False
120.45,7.1308,4.7405,3.0987,0.3,-0.0131,False
120.5,7.1158,4.7412,3.0987,0.3,0.0001,False
120.55,7.1008,4.7418,3.0998,0.3,0.0207,False
120.6,7.0858,4.7425,3.0986,0.3,-0.0242,False
120.65,7.0708,4.7431,3.0992,0.3,0.0131,False
120.7,7.0558,4.7437,3.0992,0.3,-0.0009,False
120.75,7.0409,4.7444,3.1003,0.3,0.0234,False
120.8,7.0259,4.745,3.1015,0.3,0.0227,False
120.85,7.0109,4.7456,3.103,0.3,0.0314,False
120.9,6.9959,4.7462,3.1049,0.3,0.0367,False
120.95,6.9809,4.7467,3.1069,0.3,0.0404,False
121.0,6.9659,4.7472,3.109,0.3,0.0421,False
121.05,6.9509,4.7477,3.111,0.3,0.0402,False
121.1,6.9359,4.7482,3.1126,0.3,0.0319,False
121.15,6.9209,4.7486,3.115,0.3,0.0478,False
121.2,6.9059,4.749,3.1185,0.3,0.0699,False
121.25,6.8909,4.7494,3.121,0.3,0.0492,False
121.3,6.8759,4.7497,3.1239,0.3,0.0597,False
121.35,6.8609,4.7499,3.1242,0.3,0.0057,False
121.4,6.8459,4.7502,3.126,0.3,0.0351,False
121.45,6.831,4.7504,3.1254,0.3,-0.0114,False
121.5,6.816,4.7507,3.1261,0.3,0.0135,False
121.55,6.801,4.7509,3.127,0.3,0.0181,False
121.6,6.786,4.7511,3.1287,0.3,0.0352,False
121.65,6.771,4.7513,3.13,0.3,0.0258,False
121.7,6.756,4.7515,3.1298,0.3,-0.0036,False
121.75,6.741,4.7517,3.1294,0.3,-0.0094,False
121.8,6.726,4.7519,3.1296,0.3,0.0039,False
121.85,6.711,4.752,3.1287,0.3,-0.0166,False
121.9,6.696,4.7522,3.1299,0.3,0.0238,False
121.95,6.681,4.7524,3.1307,0.3,0.0145,False
122.0,6.666,4.7526,3.1318,0.3,0.022,False
122.05,6.651,4.7527,3.133,0.3,0.0243,False
122.1,6.636,4.7528,3.1346,0.3,0.0325,False
122.15,6.621,4.753,3.1372,0.3,0.052,False
122.2,6.606,4.753,3.14,0.3,0.0562,False
122.25,6.591,4.753,-3.1412,0.3,0.0392,False
122.3,6.576,4.753,-3.1398,0.3,0.0285,False
122.35,6.561,4.753,-3.1387,0.3,0.0224,False
122.4,6.546,4.753,-3.1388,0.3,-0.0029,False
122.45,6.531,4.7529,-3.1404,0.3,-0.0324,False
122.5,6.516,4.7529,3.1406,0.3,-0.0439,False
122.55,6.501,4.7529,3.1388,0.3,-0.0356,False
122.6,6.486,4.753,3.137,0.3,-0.0351,False
122.65,6.471,4.753,3.1354,0.3,-0.0327,False
122.7,6.456,4.7531,3.1354,0.3,0.0011,False
122.75,6.441,4.7532,3.136,0.3,0.0119,False
122.8,6.426,4.7533,3.1368,0.3,0.0162,False
122.85,6.411,4.7534,3.1351,0.3,-0.0349,False
122.9,6.396,4.7535,3.1353,0.3,0.0043,False
122.95,6.381,4.7536,3.1362,0.3,0.0187,False
123.0,6.366,4.7536,3.1371,0.3,0.0167,False
123.05,6.351,4.7537,3.1364,0.3,-0.0137,False
123.1,6.336,4.7538,3.1379,0.3,0.0295,False
123.15,6.321,4.7538,3.1396,0.3,0.0345,False
123.2,6.306,4.7539,3.1401,0.3,0.0106,False
123.25,6.291,4.7539,3.1408,0.3,0.0131,False
123.3,6.276,4.7539,-3.1412,0.3,0.024,False
123.35,6.261,4.7539,-3.1406,0.3,0.011,False
123.4,6.246,4.7539,-3.1397,0.3,0.0183,False
123.45,6.231,4.7539,-3.137,0.3,0.0542,False
123.5,6.216,4.7538,-3.1359,0.3,0.0216,False
123.55,6.201,4.7537,-3.1338,0.3,0.0434,False
123.6,6.186,4.7536,-3.1305,0.3,0.0649,False
123.65,6.171,4.7534,-3.1279,0.3,0.0527,False
123.7,6.156,4.7532,-3.1253,0.3,0.0515,False
123.75,6.141,4.753,-3.124,0.3,0.0263,False
123.8,6.126,4.7527,-3.123,0.3,0.0199,False
123.85,6.111,4.7524,-3.1222,0.3,0.0162,False
123.9,6.096,4.7521,-3.122,0.3,0.0035,False
123.95,6.081,4.7518,-3.1218,0.3,0.0041,False
124.0,6.066,4.7516,-3.1209,0.3,0.018,False
124.05,6.051,4.7512,-3.1201,0.3,0.0169,False
124.1,6.036,4.7509,-3.1206,0.3,-0.0106,False
124.15,6.021,4.7506,-3.1204,0.3,0.0041,False
124.2,6.006,4.7503,-3.121,0.3,-0.0119,False
124.25,5.991,4.75,-3.1215,0.3,-0.0097,False
124.3,5.976,4.7497,-3.1219,0.3,-0.0085,False
124.35,5.961,4.7494,-3.1217,0.3,0.0035,False
124.4,5.946,4.7491,-3.1212,0.3,0.0114,False
124.45,5.931,4.7488,-3.1223,0.3,-0.0237,False
124.5,5.916,4.7485,-3.1222,0.3,0.0026,False
124.55,5.901,4.7482,-3.1217,0.3,0.0097,False
124.6,5.886,4.7479,-3.1229,0.3,-0.023,False
124.65,5.871,4.7476,-3.1233,0.3,-0.0084,False
124.7,5.856,4.7473,-3.1244,0.3,-0.023,False
124.75,5.841,4.7471,-3.125,0.3,-0.0105,False
124.8,5.826,4.7468,-3.1268,0.3,-0.037,False
124.85,5.811,4.7466,-3.128,0.3,-0.0228,False
124.9,5.796,4.7464,-3.1308,0.3,-0.0562,False
124.95,5.781,4.7462,-3.1324,0.3,-0.0332,False
125.0,5.766,4.7461,-3.1342,0.3,-0.035,False
125.05,5.751,4.746,-3.1346,0.3,-0.0078,False
125.1,5.736,4.7459,-3.1333,0.3,0.0247,False
125.15,5.721,4.7458,-3.1331,0.3,0.0038,False
125.2,5.706,4.7456,-3.1332,0.3,-0.0005,False
125.25,5.691,4.7455,-3.1328,0.3,0.0064,False
125.3,5.676,4.7454,-3.1315,0.3,0.0273,False
125.35,5.661,4.7452,-3.1293,0.3,0.0442,False
125.4,5.646,4.745,-3.1287,0.3,0.0106,False
125.45,5.631,4.7449,-3.1279,0.3,0.0174,False
125.5,5.616,4.7447,-3.1262,0.3,0.0342,False
125.55,5.601,4.7444,-3.1256,0.3,0.0112,False
125.6,5.5861,4.7442,-3.1261,0.3,-0.0095,False
125.65,5.5711,4.7439,-3.1259,0.3,0.0029,False
125.7,5.5561,4.7437,-3.1252,0.3,0.0147,False
125.75,5.5411,4.7435,-3.1256,0.3,-0.0086,False
125.8,5.5261,4.7432,-3.1258,0.3,-0.0044,False
125.85,5.5111,4.743,-3.1263,0.3,-0.0088,False
125.9,5.4961,4.7428,-3.1271,0.3,-0.0154,False
125.95,5.4811,4.7425,-3.1287,0.3,-0.0328,False
126.0,5.4661,4.7423,-3.1302,0.3,-0.0306,False
126.05,5.4511,4.7422,-3.1332,0.3,-0.0591,False
126.1,5.4361,4.7421,-3.134,0.3,-0.0156,False
126.15,5.4211,4.7419,-3.135,0.3,-0.0211,False
126.2,5.4061,4.7418,-3.1367,0.3,-0.0334,False
126.25,5.3911,4.7418,-3.1387,0.3,-0.0413,False
126.3,5.3761,4.7417,-3.1397,0.3,-0.0191,False
126.35,5.3611,4.7417,-3.1388,0.3,0.0186,False
126.4,5.3461,4.7417,-3.1364,0.3,0.0483,False
126.45,5.3311,4.7416,-3.1365,0.3,-0.0021,False
126.5,5.3161,4.7415,-3.1373,0.3,-0.0163,False
126.55,5.3011,4.7414,-3.1391,0.3,-0.0375,False
126.6,5.2861,4.7414,-3.1406,0.3,-0.0296,False
126.65,5.2711,4.7414,-3.1413,0.3,-0.0142,False
126.7,5.2561,4.7414,3.1404,0.3,-0.0298,False
126.75,5.2411,4.7414,3.1392,0.3,-0.0232,False
126.8,5.2261,4.7414,3.1378,0.3,-0.0271,False
126.85,5.2111,4.7415,3.1346,0.3,-0.0638,False
126.9,5.1961,4.7416,3.132,0.3,-0.0538,False
126.95,5.1811,4.7417,3.1299,0.3,-0.0418,False
127.0,5.1661,4.7419,3.1287,0.3,-0.0237,False
127.05,5.1511,4.7421,3.1271,0.3,-0.0315,False
127.1,5.1361,4.7423,3.1256,0.3,-0.0299,False
127.15,5.1211,4.7426,3.1245,0.3,-0.0224,False
127.2,5.1061,4.7428,3.1254,0.3,0.0189,False
127.25,5.0911,4.7431,3.1258,0.3,0.0073,False
127.3,5.0761,4.7433,3.1268,0.3,0.021,False
127.35,5.0611,4.7435,3.128,0.3,0.0224,False
127.4,5.0461,4.7437,3.1284,0.3,0.0087,False
127.45,5.0311,4.7439,3.1266,0.3,-0.0362,False
127.5,5.0161,4.7441,3.1261,0.3,-0.0102,False
127.55,5.0011,4.7444,3.1272,0.3,0.0218,False
127.6,4.9861,4.7446,3.127,0.3,-0.0041,False
127.65,4.9711,4.7448,3.1264,0.3,-0.0116,False
127.7,4.9561,4.745,3.1257,0.3,-0.014,False
127.75,4.9411,4.7453,3.1264,0.3,0.0141,False
127.8,4.9261,4.7455,3.1246,0.3,-0.0362,False
127.85,4.9111,4.7458,3.1232,0.3,-0.0267,False
127.9,4.8961,4.746,3.1227,0.3,-0.0106,False
127.95,4.8811,4.7463,3.1212,0.3,-0.0293,False
128.0,4.8661,4.7466,3.1211,0.3,-0.0033,False
128.05,4.8511,4.7469,3.1209,0.3,-0.0029,False
128.1,4.8361,4.7472,3.1198,0.3,-0.0218,False
128.15,4.8211,4.7476,3.119,0.3,-0.0162,False
128.2,4.8061,4.7479,3.1179,0.3,-0.0229,False
128.25,4.7911,4.7483,3.1164,0.3,-0.0305,False
128.3,4.7761,4.7486,3.1152,0.3,-0.0224,False
128.35,4.7611,4.749,3.1147,0.3,-0.011,False
128.4,4.7461,4.7494,3.1158,0.3,0.0212,False
128.45,4.7311,4.7498,3.1172,0.3,0.0279,False
128.5,4.7162,4.7502,3.119,0.3,0.0377,False
128.55,4.7012,4.7505,3.1185,0.3,-0.01,False
128.6,4.6862,4.7509,3.1186,0.3,0.0023,False
128.65,4.6712,4.7512,3.1189,0.3,0.0049,False
128.7,4.6562,4.7516,3.1189,0.3,0.0011,False
128.75,4.6412,4.7519,3.1188,0.3,-0.0021,False
128.8,4.6262,4.7522,3.1182,0.3,-0.0123,False
128.85,4.6112,4.7526,3.1178,0.3,-0.008,False
128.9,4.5962,4.753,3.1165,0.3,-0.0267,False
128.95,4.5812,4.7533,3.1168,0.3,0.0071,False
129.0,4.5662,4.7537,3.1154,0.3,-0.0283,False
129.05,4.5512,4.7541,3.1131,0.3,-0.0469,False
129.1,4.5362,4.7545,3.1117,0.3,-0.0267,False
129.15,4.5212,4.755,3.1099,0.3,-0.0363,False
129.2,4.5062,4.7554,3.1086,0.3,-0.0265,False
129.25,4.4912,4.7559,3.1088,0.3,0.0032,False
129.3,4.4762,4.7564,3.1074,0.3,-0.0269,False
129.35,4.4612,4.7569,3.1068,0.3,-0.0132,False
129.4,4.4463,4.7575,3.108,0.3,0.025,False
129.45,4.4313,4.758,3.1099,0.3,0.0386,False
129.5,4.4163,4.7584,3.1108,0.3,0.0176,False
129.55,4.4013,4.7589,3.1115,0.3,0.0132,False
129.6,4.3863,4.7594,3.1135,0.3,0.0398,False
129.65,4.3713,4.7598,3.1159,0.3,0.0491,False
129.7,4.3563,4.7602,3.116,0.3,0.0016,False
129.75,4.3413,4.7605,3.1156,0.3,-0.0077,False
129.8,4.3263,4.7609,3.1163,0.3,0.0137,False
129.85,4.3113,4.7613,3.1178,0.3,0.0295,False
129.9,4.2963,4.7617,3.1191,0.3,0.0268,False
129.95,4.2813,4.762,3.121,0.3,0.0382,False
130.0,4.2663,4.7623,3.1242,0.3,0.0641,False
130.05,4.2513,4.7626,3.1277,0.3,0.0685,False
130.1,4.2363,4.7628,3.1278,0.3,0.0036,False
130.15,4.2213,4.763,3.1283,0.3,0.0099,False
130.2,4.2063,4.7632,3.1294,0.3,0.0207,False
130.25,4.1913,4.7634,3.1305,0.3,0.0227,False
130.3,4.1763,4.7635,3.131,0.3,0.0093,False
130.35,4.1613,4.7637,3.1295,0.3,-0.0292,False
130.4,4.1463,4.7639,3.1278,0.3,-0.0343,False
130.45,4.1313,4.7641,3.1258,0.3,-0.0394,False
130.5,4.1163,4.7643,3.1254,0.3,-0.0079,False
130.55,4.1013,4.7646,3.1253,0.3,-0.0025,False
130.6,4.0863,4.7648,3.1253,0.3,-0.0008,False
130.65,4.0713,4.7651,3.1247,0.3,-0.012,False
130.7,4.0563,4.7653,3.1236,0.3,-0.0207,False
130.75,4.0413,4.7656,3.1224,0.3,-0.0246,False
130.8,4.0263,4.7659,3.1223,0.3,-0.0015,False
130.85,4.0113,4.7662,3.1223,0.3,-0.0006,False
130.9,3.9964,4.7664,3.1213,0.3,-0.019,False
130.95,3.9814,4.7668,3.1206,0.3,-0.0156,False
131.0,3.9664,4.7671,3.1204,0.3,-0.0037,False
131.05,3.9514,4.7674,3.1187,0.3,-0.0341,False
131.1,3.9364,4.7677,3.1197,0.3,0.0203,False
131.15,3.9214,4.7681,3.1216,0.3,0.0379,False
131.2,3.9064,4.7684,3.1221,0.3,0.0097,False
131.25,3.8914,4.7687,3.1229,0.3,0.016,False
131.3,3.8764,4.7689,3.1242,0.3,0.027,False
131.35,3.8614,4.7692,3.1233,0.3,-0.0189,False
131.4,3.8464,4.7695,3.1222,0.3,-0.0221,False
131.45,3.8314,4.7698,3.1215,0.3,-0.0124,False
131.5,3.8164,4.7701,3.1189,0.3,-0.0532,False
131.55,3.8014,4.7704,3.1184,0.3,-0.0103,False
131.6,3.7864,4.7707,3.1177,0.3,-0.0142,False
131.65,3.7714,4.7711,3.1161,0.3,-0.0322,False
131.7,3.7564,4.7715,3.1146,0.3,-0.0284,False
131.75,3.7414,4.7719,3.1142,0.3,-0.0079,False
131.8,3.7264,4.7723,3.1143,0.3,0.0005,False
131.85,3.7114,4.7727,3.1142,0.3,-0.0005,False
131.9,3.6964,4.7731,3.115,0.3,0.0148,False
131.95,3.6814,4.7735,3.116,0.3,0.0212,False
132.0,3.6664,4.7739,3.1171,0.3,0.0215,False
132.05,3.6514,4.7743,3.1175,0.3,0.0075,False
132.1,3.6364,4.7746,3.118,0.3,0.01,False
132.15,3.6214,4.775,3.1183,0.3,0.0067,False
132.2,3.6065,4.7753,3.1183,0.3,-0.0008,False
132.25,3.5915,4.7757,3.119,0.3,0.0155,False
132.3,3.5765,4.776,3.1191,0.3,0.002,False
132.35,3.5615,4.7764,3.1192,0.3,0.0009,False
132.4,3.5465,4.7767,3.1185,0.3,-0.0138,False
132.45,3.5315,4.777,3.1187,0.3,0.0044,False
132.5,3.5165,4.7774,3.1183,0.3,-0.0076,False
132.55,3.5015,4.7777,3.1182,0.3,-0.0026,False
132.6,3.4865,4.7781,3.1176,0.3,-0.0132,False
132.65,3.4715,4.7784,3.1158,0.3,-0.0351,False
132.7,3.4565,4.7788,3.1151,0.3,-0.0141,False
132.75,3.4415,4.7792,3.1147,0.3,-0.0074,False
132.8,3.4265,4.7796,3.1145,0.3,-0.0055,False
132.85,3.4115,4.78,3.1143,0.3,-0.003,False
132.9,3.3965,4.7805,3.1144,0.3,0.0011,False
132.95,3.3815,4.7809,3.1143,0.3,-0.0013,False
133.0,3.3665,4.7813,3.1151,0.3,0.0171,False
133.05,3.3515,4.7817,3.1163,0.3,0.0238,False
133.1,3.3365,4.782,3.1158,0.3,-0.0103,False
133.15,3.3215,4.7824,3.1169,0.3,0.0225,False
133.2,3.3065,4.7828,3.1176,0.3,0.0128,False
133.25,3.2916,4.7832,3.1172,0.3,-0.0085,False
133.3,3.2766,4.7835,3.1178,0.3,0.0126,False
133.35,3.2616,4.7839,3.1182,0.3,0.0085,False
133.4,3.2466,4.7842,3.1181,0.3,-0.0016,False
133.45,3.2316,4.7846,3.1189,0.3,0.0158,False
133.5,3.2166,4.7849,3.1193,0.3,0.0069,False
133.55,3.2016,4.7853,3.1188,0.3,-0.0096,False
133.6,3.1866,4.7856,3.1184,0.3,-0.008,False
133.65,3.1716,4.786,3.1179,0.3,-0.0102,False
133.7,3.1566,4.7863,3.1179,0.3,0.0004,False
133.75,3.1416,4.7867,3.1206,0.3,0.0547,False
133.8,3.1266,4.787,3.1254,0.3,0.096,False
133.85,3.1116,4.7872,3.13,0.3,0.0906,False
133.9,3.0966,4.7874,3.1347,0.3,0.0938,False
133.95,3.0816,4.7875,3.1373,0.3,0.0534,False
134.0,3.0666,4.7876,3.1377,0.3,0.0081,False
134.05,3.0516,4.7876,3.1387,0.3,0.0204,False
134.1,3.0366,4.7877,3.1403,0.3,0.0312,False
134.15,3.0216,4.7877,3.1408,0.3,0.0096,False
134.2,3.0066,4.7877,-3.1389,0.3,0.0701,False
134.25,2.9916,4.7877,-3.1379,0.3,0.019,False
134.3,2.9766,4.7876,-3.1376,0.3,0.0076,False
134.35,2.9616,4.7875,-3.1381,0.3,-0.0115,False
134.4,2.9466,4.7875,-3.1371,0.3,0.0209,False
134.45,2.9316,4.7874,-3.1374,0.3,-0.0071,False
134.5,2.9166,4.7874,-3.1374,0.3,0.0,False
134.55,2.9016,4.7873,-3.1379,0.3,-0.0092,False
134.6,2.8866,4.7872,-3.1372,0.3,0.0135,False
134.65,2.8716,4.7872,-3.1374,0.3,-0.0026,False
134.7,2.8566,4.7871,-3.1371,0.3,0.0055,False
134.75,2.8416,4.787,-3.1385,0.3,-0.0293,False
134.8,2.8266,4.787,-3.1398,0.3,-0.0259,False
134.85,2.8116,4.787,-3.1416,0.3,-0.035,False
134.9,2.7966,4.787,3.1409,0.3,-0.013,False
134.95,2.7816,4.787,3.1404,0.3,-0.0115,False
135.0,2.7666,4.787,3.1401,0.3,-0.0047,False
135.05,2.7516,4.787,3.1401,0.3,-0.0016,False
135.1,2.7366,4.787,3.141,0.3,0.0184,False
135.15,2.7216,4.7871,-3.1415,0.3,0.0136,False
135.2,2.7066,4.7871,-3.1401,0.3,0.0281,False
135.25,2.6916,4.787,-3.1387,0.3,0.0291,False
135.3,2.6766,4.787,-3.1386,0.3,0.0023,False
135.35,2.6616,4.7869,-3.1401,0.3,-0.0301,False
135.4,2.6466,4.7869,-3.14,0.3,0.0003,False
135.45,2.6316,4.7869,-3.1406,0.3,-0.0105,False
135.5,2.6166,4.7869,-3.1399,0.3,0.0129,False
135.55,2.6016,4.7869,-3.1398,0.3,0.0021,False
135.6,2.5866,4.7868,-3.1413,0.3,-0.0294,False
135.65,2.5716,4.7868,3.1409,0.3,-0.0192,False
135.7,2.5566,4.7868,3.1403,0.3,-0.0135,False
135.75,2.5416,4.7869,3.1395,0.3,-0.0154,False
135.8,2.5266,4.7869,3.1398,0.3,0.0069,False
135.85,2.5116,4.7869,-3.1413,0.3,0.0417,False
135.9,2.4966,4.7869,-3.1389,0.3,0.0465,False
135.95,2.4816,4.7869,-3.1386,0.3,0.006,False
136.0,2.4666,4.7868,-3.1388,0.3,-0.0038,False
136.05,2.4516,4.7868,-3.1395,0.3,-0.013,False
136.1,2.4366,4.7867,-3.1396,0.3,-0.0028,False
136.15,2.4216,4.7867,-3.1393,0.3,0.0054,False
136.2,2.4066,4.7867,-3.1386,0.3,0.0148,False
136.25,2.3916,4.7866,-3.1373,0.3,0.0255,False
136.3,2.3766,4.7866,-3.1351,0.3,0.0439,False
136.35,2.3616,4.7865,-3.133,0.3,0.0428,False
136.4,2.3466,4.7864,-3.1318,0.3,0.0243,False
136.45,2.3316,4.7862,-3.1312,0.3,0.0108,False
136.5,2.3166,4.786,-3.1285,0.3,0.0555,False
136.55,2.3016,4.7859,-3.1299,0.3,-0.0278,False
136.6,2.2866,4.7857,-3.1302,0.3,-0.0072,False
136.65,2.2716,4.7855,-3.1317,0.3,-0.0301,False
136.7,2.2566,4.7854,-3.1324,0.3,-0.0136,False
136.75,2.2416,4.7852,-3.1318,0.3,0.0113,False
136.8,2.2266,4.7851,-3.1325,0.3,-0.0124,False
136.85,2.2116,4.7849,-3.1341,0.3,-0.0333,False
136.9,2.1966,4.7848,-3.1363,0.3,-0.0428,False
136.95,2.1816,4.7847,-3.1375,0.3,-0.0246,False
137.0,2.1666,4.7847,-3.137,0.3,0.01,False
137.05,2.1516,4.7846,-3.1365,0.3,0.0098,False
137.1,2.1366,4.7845,-3.1356,0.3,0.0186,False
137.15,2.1216,4.7844,-3.1345,0.3,0.0216,False
137.2,2.1066,4.7843,-3.1356,0.3,-0.0218,False
137.25,2.0916,4.7843,-3.1362,0.3,-0.0119,False
137.3,2.0766,4.7842,-3.1366,0.3,-0.009,False
137.35,2.0616,4.7841,-3.1372,0.3,-0.0118,False
137.4,2.0466,4.784,-3.1369,0.3,0.007,False
137.45,2.0316,4.784,-3.1375,0.3,-0.0126,False
137.5,2.0166,4.7839,-3.1389,0.3,-0.0288,False
137.55,2.0016,4.7839,-3.1404,0.3,-0.0301,False
137.6,1.9866,4.7838,-3.1413,0.3,-0.017,False
137.65,1.9721,4.7838,3.1406,0.291,-0.0261,False
137.7,1.9577,4.7838,3.1387,0.2878,-0.0384,False
137.75,1.9437,4.7839,3.1373,0.2786,-0.0274,False
137.8,1.93,4.7839,3.1379,0.2743,0.012,False
137.85,1.9161,4.784,3.1367,0.2784,-0.0249,False
137.9,1.9027,4.7841,3.1345,0.2678,-0.0433,False
137.95,1.8895,4.7842,3.1332,0.2636,-0.0258,False
138.0,1.8764,4.7843,3.1317,0.2635,-0.0309,False
138.05,1.8634,4.7844,3.1317,0.2595,0.0009,False
138.1,1.8506,4.7845,3.1325,0.2552,0.0161,False
138.15,1.838,4.7846,3.1324,0.2533,-0.0028,False
138.2,1.8251,4.7848,3.1318,0.2576,-0.0109,False
138.25,1.8128,4.7849,3.1308,0.2449,-0.0199,False
138.3,1.8007,4.785,3.132,0.2428,0.0226,False
138.35,1.7886,4.7851,3.133,0.2425,0.0213,False
138.4,1.7768,4.7852,3.1342,0.2363,0.0233,False
138.45,1.7651,4.7853,3.1345,0.2343,0.0062,False
138.5,1.7535,4.7854,3.1336,0.2311,-0.0183,False
138.55,1.7419,4.7855,3.1336,0.2315,0.0006,False
138.6,1.7302,4.7856,3.1328,0.2346,-0.0158,False
138.65,1.7188,4.7857,3.1324,0.2288,-0.0093,False
138.7,1.7078,4.7858,3.1315,0.2195,-0.017,False
138.75,1.6969,4.7859,3.1313,0.2171,-0.0046,False
138.8,1.6864,4.786,3.1308,0.2105,-0.0092,False
138.85,1.6761,4.7861,3.1293,0.2069,-0.0309,False
138.9,1.6661,4.7862,3.1286,0.1992,-0.0141,False
138.95,1.6562,4.7864,3.1275,0.1975,-0.0216,False
139.0,1.6465,4.7865,3.1257,0.1946,-0.0358,False
139.05,1.6368,4.7867,3.1233,0.1941,-0.0475,False
139.1,1.6274,4.7868,3.1232,0.1882,-0.0029,False
139.15,1.6181,4.787,3.1243,0.1857,0.0226,False
139.2,1.6091,4.7872,3.1251,0.1808,0.0156,False
139.25,1.6003,4.7873,3.1268,0.1754,0.0336,False
139.3,1.5916,4.7874,3.1292,0.1729,0.0488,False
139.35,1.5831,4.7875,3.1306,0.1715,0.0277,False
139.4,1.5746,4.7876,3.1294,0.1701,-0.0242,False
139.45,1.5657,4.7877,3.1273,0.1766,-0.0426,False
139.5,1.5568,4.7879,3.126,0.1779,-0.0249,False
139.55,1.5482,4.788,3.1232,0.1734,-0.0566,False
139.6,1.5397,4.7882,3.1202,0.1699,-0.0601,False
139.65,1.5313,4.7883,3.1188,0.1672,-0.0268,False
139.7,1.5232,4.7885,3.1185,0.1615,-0.0066,False
139.75,1.5155,4.7887,3.1177,0.1557,-0.0168,False
139.8,1.5077,4.7889,3.1171,0.1551,-0.0115,False
139.85,1.4999,4.7891,3.1173,0.1565,0.0049,False
139.9,1.4921,4.7893,3.1177,0.1554,0.0073,False
139.95,1.4842,4.7895,3.1184,0.1583,0.0139,False
140.0,1.4768,4.7896,3.1189,0.1488,0.0098,False
140.05,1.4695,4.7898,3.1188,0.1444,-0.0013,False
140.1,1.4622,4.79,3.1186,0.1467,-0.0044,False
140.15,1.4552,4.7901,3.1174,0.1412,-0.0234,False
140.2,1.4484,4.7903,3.1177,0.1356,0.0064,False
140.25,1.4413,4.7905,3.1173,0.141,-0.0096,False
140.3,1.4344,4.7906,3.1179,0.1388,0.013,False
140.35,1.4276,4.7908,3.1178,0.1368,-0.002,False
140.4,1.4212,4.7909,3.118,0.1276,0.0039,False
140.45,1.4148,4.7911,3.1185,0.1266,0.0104,False
140.5,1.4083,4.7912,3.1197,0.1305,0.0237,False
140.55,1.4019,4.7914,3.119,0.1288,-0.0139,False
140.6,1.3956,4.7915,3.1215,0.1264,0.0492,False
140.65,1.3896,4.7916,3.1215,0.1195,-0.0002,False
140.7,1.3836,4.7918,3.121,0.1194,-0.0096,False
140.75,1.3777,4.7919,3.1211,0.118,0.0021,False
140.8,1.3721,4.792,3.1215,0.1123,0.0078,False
140.85,1.3664,4.7921,3.1215,0.1135,0.0011,False
140.9,1.3608,4.7922,3.1218,0.1122,0.0057,False
140.95,1.3554,4.7923,3.122,0.1077,0.0028,False
141.0,1.3503,4.7924,3.1214,0.1023,-0.0108,False
141.05,1.3452,4.7925,3.122,0.103,0.0113,False
141.1,1.34,4.7926,3.1235,0.104,0.0298,False
141.15,1.3347,4.7927,3.1253,0.1053,0.036,False
141.2,1.3292,4.7928,3.1267,0.1092,0.0277,False
141.25,1.324,4.7929,3.1272,0.1058,0.0102,False
141.3,1.3189,4.793,3.1282,0.101,0.0197,False
141.35,1.3138,4.793,3.1294,0.1029,0.0239,False
141.4,1.3086,4.7931,3.1305,0.1024,0.0234,False
141.45,1.3036,4.7932,3.1323,0.1003,0.0361,False
141.5,1.2988,4.7932,3.1327,0.097,0.0064,False
141.55,1.294,4.7932,3.1324,0.0947,-0.0049,False
141.6,1.2897,4.7933,3.1295,0.0863,-0.0588,False
141.65,1.2857,4.7933,3.1282,0.0805,-0.0254,False
141.7,1.2818,4.7934,3.128,0.0784,-0.0047,False
141.75,1.2778,4.7934,3.1277,0.0805,-0.0058,False
141.8,1.2735,4.7935,3.1292,0.086,0.0304,False
141.85,1.2691,4.7936,3.1292,0.0877,0.001,False
141.9,1.265,4.7936,3.1297,0.0824,0.0098,False
141.95,1.2605,4.7937,3.1304,0.0891,0.0133,False
142.0,1.2564,4.7937,3.1294,0.0826,-0.0199,False
142.05,1.2524,4.7938,3.128,0.0802,-0.027,False
142.1,1.2483,4.7938,3.1255,0.0803,-0.0503,False
142.15,1.2443,4.7939,3.123,0.081,-0.0499,False
142.2,1.2402,4.7939,3.1212,0.0823,-0.0377,False
142.25,1.236,4.794,3.1221,0.083,0.0181,False
142.3,1.2321,4.7941,3.1217,0.0783,-0.0078,False
142.35,1.2282,4.7942,3.1256,0.0779,0.0785,False
142.4,1.2246,4.7942,3.1287,0.0731,0.0612,False
142.45,1.2211,4.7943,3.1331,0.0701,0.0883,False
142.5,1.2175,4.7943,3.1352,0.0716,0.0416,False
142.55,1.214,4.7943,3.1365,0.0689,0.0279,False
142.6,1.2106,4.7944,3.1349,0.0687,-0.0339,False
142.65,1.2075,4.7944,3.1315,0.0622,-0.0663,False
142.7,1.2044,4.7944,3.1267,0.0614,-0.0967,False
142.75,1.2013,4.7945,3.122,0.0617,-0.0944,False
142.8,1.1987,4.7945,3.1183,0.0533,-0.0747,False
142.85,1.1959,4.7946,3.1183,0.0562,0.0011,False
142.9,1.1933,4.7946,3.1191,0.0513,0.0164,False
142.95,1.1905,4.7947,3.1218,0.0558,0.0526,False
143.0,1.1875,4.7948,3.122,0.0604,0.0042,False
143.05,1.1846,4.7948,3.1177,0.0582,-0.0863,False
143.1,1.1821,4.7949,3.1181,0.0504,0.0084,False
143.15,1.1793,4.7949,3.117,0.055,-0.0206,False
143.2,1.1767,4.795,3.118,0.0531,0.0182,False
143.25,1.1742,4.7951,3.125,0.0491,0.1418,False
143.3,1.1715,4.7951,3.1232,0.0542,-0.0368,False
143.35,1.1688,4.7952,3.1222,0.054,-0.0193,False
143.4,1.1664,4.7952,3.1298,0.0485,0.1518,False
143.45,1.1641,4.7952,3.1248,0.0463,-0.1001,False
143.5,1.162,4.7953,3.1311,0.0404,0.1249,False
143.55,1.1597,4.7953,3.1182,0.0457,-0.2579,False
143.6,1.1572,4.7954,3.1115,0.0514,-0.1335,False
143.65,1.1551,4.7954,3.1097,0.0407,-0.035,False
143.7,1.153,4.7955,3.1112,0.0421,0.0295,False
143.75,1.151,4.7955,3.1115,0.0404,0.0062,False
143.8,1.1491,4.7956,3.1072,0.0379,-0.0872,False
143.85,1.1472,4.7957,3.1056,0.0394,-0.0321,False
143.9,1.1452,4.7957,3.1042,0.039,-0.0277,False
143.95,1.143,4.7958,3.1116,0.0435,0.1477,False
144.0,1.141,4.7959,3.119,0.0414,0.1485,False
144.05,1.1388,4.7959,3.125,0.0431,0.121,False
144.1,1.1366,4.796,3.1309,0.0444,0.1168,False
144.15,1.1347,4.796,3.122,0.0388,-0.1774,False
144.2,1.1326,4.796,3.1146,0.041,-0.1491,False
144.25,1.1307,4.7961,3.1103,0.0376,-0.0844,False
144.3,1.1286,4.7961,3.1084,0.0422,-0.0379,False
144.35,1.1264,4.7962,3.1173,0.0439,0.1773,False
144.4,1.1246,4.7963,3.1091,0.036,-0.1637,False
144.45,1.1226,4.7963,3.1002,0.0402,-0.1778,False
144.5,1.1203,4.7964,3.1014,0.0467,0.023,False
144.55,1.1183,4.7965,3.1071,0.0402,0.1134,False
144.6,1.1161,4.7966,3.1084,0.0427,0.0271,False
144.65,1.1139,4.7966,3.1085,0.0446,0.0015,False
144.7,1.1119,4.7967,3.1149,0.0405,0.1277,False
144.75,1.11,4.7968,3.1179,0.0384,0.0597,False
144.8,1.1081,4.7968,3.1187,0.0369,0.0161,False
144.85,1.1063,4.7969,3.0921,0.0373,-0.5305,False
144.9,1.104,4.797,3.0904,0.0462,-0.0341,False
144.95,1.1017,4.7971,3.0922,0.0445,0.0355,False
145.0,1.1,4.7972,3.0971,0.0348,0.0982,False
145.05,1.0979,4.7973,3.0911,0.041,-0.1212,False
145.1,1.0958,4.7974,3.0892,0.0428,-0.0366,False
145.15,1.0935,4.7975,3.0994,0.0454,0.2028,False
145.2,1.0917,4.7976,3.1058,0.0373,0.1279,False
145.25,1.0902,4.7976,3.1,0.0305,-0.1143,False
